Order_ID,Order_Date,Region,Category,Sub_Category,Product,Customer_ID,Units,Sales,Discount,Profit,Inventory_Days,Season,Year,Month
ORD-02259,2024-01-01,East,Technology,Accessories,Mouse,CUST-0653,3,1880.27,0.1,297.49,38.3,Winter,2024,2024-01
ORD-02316,2024-01-01,West,Technology,Machines,Scanner,CUST-0397,5,1634.92,0.15,110.25,73.4,Winter,2024,2024-01
ORD-02442,2024-01-01,East,Furniture,Chairs,Conference Chair,CUST-0628,5,1576.15,0.0,193.16,68.3,Winter,2024,2024-01
ORD-01488,2024-01-01,East,Furniture,Bookcases,Metal Bookcase,CUST-0117,8,2996.07,0.2,-55.59,61.8,Winter,2024,2024-01
ORD-01996,2024-01-02,East,Furniture,Chairs,Conference Chair,CUST-0555,1,112.12,0.15,5.64,46.7,Winter,2024,2024-01
ORD-01949,2024-01-02,North,Technology,Machines,Printer,CUST-0422,7,2810.31,0.1,425.07,45.9,Winter,2024,2024-01
ORD-01409,2024-01-02,North,Office Supplies,Storage,File Storage Box,CUST-0486,5,93.17,0.1,16.87,40.1,Winter,2024,2024-01
ORD-01482,2024-01-02,South,Technology,Phones,Smartphone,CUST-0087,3,363.16,0.1,51.51,23.4,Winter,2024,2024-01
ORD-01739,2024-01-03,North,Office Supplies,Paper,Copy Paper,CUST-0330,8,712.97,0.05,122.07,35.8,Winter,2024,2024-01
ORD-01913,2024-01-03,North,Office Supplies,Art,Drawing Pad,CUST-0232,7,291.16,0.05,56.66,26.2,Winter,2024,2024-01
ORD-01622,2024-01-03,South,Technology,Phones,Smartphone,CUST-0327,2,1275.64,0.0,268.04,34.4,Winter,2024,2024-01
ORD-01294,2024-01-04,North,Office Supplies,Labels,Shipping Labels,CUST-0131,5,547.16,0.0,142.83,55.9,Winter,2024,2024-01
ORD-01550,2024-01-04,West,Furniture,Chairs,Task Chair,CUST-0677,5,853.99,0.1,29.61,65.8,Winter,2024,2024-01
ORD-00846,2024-01-04,South,Technology,Machines,Printer,CUST-0406,5,3321.25,0.1,546.0,37.4,Winter,2024,2024-01
ORD-00381,2024-01-04,South,Technology,Machines,Scanner,CUST-0647,7,556.75,0.1,86.42,40.6,Winter,2024,2024-01
ORD-00773,2024-01-04,North,Technology,Accessories,Headset,CUST-0691,5,1743.46,0.0,309.92,40.0,Winter,2024,2024-01
ORD-01237,2024-01-04,West,Office Supplies,Storage,File Storage Box,CUST-0252,1,61.51,0.15,7.66,23.7,Winter,2024,2024-01
ORD-00901,2024-01-04,East,Technology,Copiers,Office Copier,CUST-0777,6,2158.81,0.05,273.14,45.9,Winter,2024,2024-01
ORD-00845,2024-01-05,West,Furniture,Bookcases,Wood Bookcase,CUST-0248,6,1422.22,0.2,-68.19,89.6,Winter,2024,2024-01
ORD-00465,2024-01-05,South,Office Supplies,Labels,Address Labels,CUST-0555,4,146.19,0.0,38.94,32.0,Winter,2024,2024-01
ORD-02401,2024-01-05,South,Technology,Machines,Scanner,CUST-0178,1,566.45,0.15,53.75,19.6,Winter,2024,2024-01
ORD-02202,2024-01-06,East,Office Supplies,Binders,Ring Binder,CUST-0035,3,233.35,0.15,36.7,29.4,Winter,2024,2024-01
ORD-00707,2024-01-06,East,Furniture,Tables,Office Table,CUST-0191,4,728.58,0.1,6.44,60.3,Winter,2024,2024-01
ORD-00575,2024-01-06,West,Furniture,Furnishings,Desk Lamp,CUST-0124,8,2295.19,0.1,260.26,65.9,Winter,2024,2024-01
ORD-01279,2024-01-06,West,Office Supplies,Storage,Drawer Unit,CUST-0416,6,159.85,0.1,26.02,24.8,Winter,2024,2024-01
ORD-00104,2024-01-06,South,Office Supplies,Storage,File Storage Box,CUST-0217,6,506.42,0.2,52.43,41.4,Winter,2024,2024-01
ORD-01190,2024-01-06,West,Furniture,Bookcases,Wood Bookcase,CUST-0226,6,1649.89,0.1,72.02,84.6,Winter,2024,2024-01
ORD-01532,2024-01-07,North,Office Supplies,Labels,Shipping Labels,CUST-0390,6,331.16,0.05,78.66,36.8,Winter,2024,2024-01
ORD-01807,2024-01-07,East,Office Supplies,Labels,Shipping Labels,CUST-0050,7,487.89,0.05,105.29,33.1,Winter,2024,2024-01
ORD-01175,2024-01-07,West,Office Supplies,Paper,Premium Paper,CUST-0085,8,70.93,0.15,10.36,42.9,Winter,2024,2024-01
ORD-02443,2024-01-07,North,Furniture,Furnishings,Desk Lamp,CUST-0760,6,1505.62,0.0,147.08,53.4,Winter,2024,2024-01
ORD-00303,2024-01-08,South,Office Supplies,Paper,Copy Paper,CUST-0113,1,74.85,0.15,8.5,35.2,Winter,2024,2024-01
ORD-01070,2024-01-08,West,Office Supplies,Art,Drawing Pad,CUST-0730,8,322.42,0.0,81.21,45.6,Winter,2024,2024-01
ORD-01763,2024-01-08,West,Office Supplies,Storage,Drawer Unit,CUST-0709,1,95.15,0.05,18.12,29.6,Winter,2024,2024-01
ORD-00801,2024-01-09,West,Furniture,Bookcases,Wood Bookcase,CUST-0652,3,903.45,0.15,29.34,63.2,Winter,2024,2024-01
ORD-00790,2024-01-09,West,Office Supplies,Art,Drawing Pad,CUST-0393,3,229.99,0.0,59.62,51.3,Winter,2024,2024-01
ORD-01682,2024-01-10,North,Office Supplies,Storage,Drawer Unit,CUST-0452,7,187.42,0.15,35.23,19.2,Winter,2024,2024-01
ORD-00839,2024-01-11,East,Office Supplies,Labels,Address Labels,CUST-0043,3,118.98,0.0,24.93,21.3,Winter,2024,2024-01
ORD-00410,2024-01-11,North,Furniture,Bookcases,Metal Bookcase,CUST-0309,6,1117.2,0.25,-49.58,72.8,Winter,2024,2024-01
ORD-01038,2024-01-11,West,Technology,Copiers,Office Copier,CUST-0258,4,886.46,0.05,177.85,42.6,Winter,2024,2024-01
ORD-01121,2024-01-11,South,Office Supplies,Art,Marker Set,CUST-0500,4,49.31,0.2,5.08,26.8,Winter,2024,2024-01
ORD-00889,2024-01-12,West,Furniture,Tables,Computer Table,CUST-0205,8,965.92,0.25,-38.59,87.0,Winter,2024,2024-01
ORD-01366,2024-01-13,South,Technology,Machines,Printer,CUST-0672,1,267.33,0.2,15.82,46.1,Winter,2024,2024-01
ORD-01624,2024-01-13,North,Office Supplies,Binders,Premium Binder,CUST-0304,4,56.95,0.05,7.97,16.3,Winter,2024,2024-01
ORD-00415,2024-01-14,West,Office Supplies,Binders,Premium Binder,CUST-0356,7,330.14,0.1,48.75,22.7,Winter,2024,2024-01
ORD-00478,2024-01-14,West,Furniture,Chairs,Task Chair,CUST-0469,4,360.84,0.0,50.02,55.6,Winter,2024,2024-01
ORD-01594,2024-01-14,North,Office Supplies,Paper,Premium Paper,CUST-0631,6,237.95,0.15,34.94,39.8,Winter,2024,2024-01
ORD-01652,2024-01-14,West,Furniture,Tables,Meeting Table,CUST-0570,6,1333.43,0.05,62.66,81.4,Winter,2024,2024-01
ORD-02090,2024-01-15,East,Furniture,Bookcases,Metal Bookcase,CUST-0133,1,193.4,0.05,19.08,74.4,Winter,2024,2024-01
ORD-00233,2024-01-15,East,Office Supplies,Art,Marker Set,CUST-0029,5,146.95,0.0,29.43,34.1,Winter,2024,2024-01
ORD-01529,2024-01-16,South,Furniture,Bookcases,Wood Bookcase,CUST-0471,3,1238.53,0.1,36.89,68.2,Winter,2024,2024-01
ORD-00300,2024-01-16,South,Office Supplies,Labels,Shipping Labels,CUST-0389,6,98.48,0.15,10.63,54.3,Winter,2024,2024-01
ORD-00540,2024-01-16,North,Office Supplies,Paper,Copy Paper,CUST-0687,1,44.23,0.1,5.59,6.1,Winter,2024,2024-01
ORD-02171,2024-01-16,West,Office Supplies,Labels,Address Labels,CUST-0419,3,187.31,0.05,30.96,51.3,Winter,2024,2024-01
ORD-01167,2024-01-17,North,Technology,Copiers,Office Copier,CUST-0728,2,601.59,0.0,111.86,44.8,Winter,2024,2024-01
ORD-00369,2024-01-17,West,Office Supplies,Storage,Drawer Unit,CUST-0197,4,413.51,0.0,88.33,31.5,Winter,2024,2024-01
ORD-00170,2024-01-17,West,Office Supplies,Art,Drawing Pad,CUST-0018,1,86.12,0.15,8.91,7.8,Winter,2024,2024-01
ORD-01744,2024-01-17,East,Office Supplies,Binders,Premium Binder,CUST-0773,1,58.72,0.0,13.23,25.4,Winter,2024,2024-01
ORD-00272,2024-01-17,East,Furniture,Furnishings,Desk Organizer,CUST-0740,5,1589.6,0.1,153.62,58.4,Winter,2024,2024-01
ORD-02138,2024-01-17,West,Furniture,Tables,Office Table,CUST-0616,2,865.74,0.1,35.96,55.1,Winter,2024,2024-01
ORD-01783,2024-01-18,South,Office Supplies,Paper,Premium Paper,CUST-0470,4,142.75,0.15,17.6,15.1,Winter,2024,2024-01
ORD-02261,2024-01-18,West,Technology,Machines,Scanner,CUST-0468,4,2259.7,0.0,433.79,72.1,Winter,2024,2024-01
ORD-00821,2024-01-18,West,Office Supplies,Storage,Drawer Unit,CUST-0622,5,213.84,0.15,38.8,37.7,Winter,2024,2024-01
ORD-00429,2024-01-19,West,Office Supplies,Binders,Ring Binder,CUST-0554,1,56.39,0.15,8.53,42.4,Winter,2024,2024-01
ORD-01180,2024-01-19,West,Furniture,Furnishings,Desk Lamp,CUST-0094,6,1505.46,0.1,200.46,64.0,Winter,2024,2024-01
ORD-00454,2024-01-19,East,Office Supplies,Art,Drawing Pad,CUST-0158,7,631.53,0.05,107.58,26.0,Winter,2024,2024-01
ORD-01399,2024-01-19,East,Technology,Copiers,Office Copier,CUST-0608,4,804.34,0.1,114.15,56.6,Winter,2024,2024-01
ORD-02469,2024-01-20,West,Furniture,Tables,Meeting Table,CUST-0625,3,1131.13,0.1,18.19,76.7,Winter,2024,2024-01
ORD-02410,2024-01-20,North,Technology,Copiers,Office Copier,CUST-0127,2,560.07,0.2,64.38,48.7,Winter,2024,2024-01
ORD-02223,2024-01-20,East,Office Supplies,Art,Drawing Pad,CUST-0308,1,14.91,0.15,2.22,16.7,Winter,2024,2024-01
ORD-02329,2024-01-20,West,Furniture,Bookcases,Wood Bookcase,CUST-0502,5,1113.96,0.05,121.77,70.9,Winter,2024,2024-01
ORD-01493,2024-01-22,North,Office Supplies,Labels,Shipping Labels,CUST-0570,4,306.53,0.0,74.44,39.5,Winter,2024,2024-01
ORD-00830,2024-01-22,North,Furniture,Tables,Office Table,CUST-0580,7,882.37,0.15,-37.98,87.0,Winter,2024,2024-01
ORD-01590,2024-01-22,North,Furniture,Furnishings,Desk Lamp,CUST-0261,6,1095.91,0.0,144.63,48.5,Winter,2024,2024-01
ORD-01300,2024-01-22,South,Technology,Copiers,Office Copier,CUST-0336,4,1063.84,0.25,67.07,42.9,Winter,2024,2024-01
ORD-01944,2024-01-22,East,Technology,Phones,Business Phone,CUST-0561,5,1725.33,0.05,266.15,33.8,Winter,2024,2024-01
ORD-01536,2024-01-23,East,Furniture,Chairs,Task Chair,CUST-0390,4,1383.28,0.05,216.46,49.8,Winter,2024,2024-01
ORD-01869,2024-01-23,South,Office Supplies,Paper,Copy Paper,CUST-0299,4,360.02,0.15,47.34,40.8,Winter,2024,2024-01
ORD-00138,2024-01-23,South,Technology,Accessories,Headset,CUST-0288,5,1919.81,0.0,357.15,43.8,Winter,2024,2024-01
ORD-00385,2024-01-24,West,Office Supplies,Art,Drawing Pad,CUST-0082,7,701.32,0.05,137.65,32.6,Winter,2024,2024-01
ORD-02263,2024-01-24,West,Furniture,Bookcases,Metal Bookcase,CUST-0016,6,2385.13,0.0,300.08,76.9,Winter,2024,2024-01
ORD-00787,2024-01-24,West,Office Supplies,Art,Marker Set,CUST-0437,6,426.11,0.0,107.89,13.1,Winter,2024,2024-01
ORD-02499,2024-01-24,South,Office Supplies,Storage,File Storage Box,CUST-0244,1,39.44,0.0,9.26,25.3,Winter,2024,2024-01
ORD-01683,2024-01-26,East,Office Supplies,Art,Drawing Pad,CUST-0196,1,39.98,0.2,5.52,32.5,Winter,2024,2024-01
ORD-00663,2024-01-26,West,Technology,Copiers,Office Copier,CUST-0586,8,2264.87,0.15,330.13,56.8,Winter,2024,2024-01
ORD-00147,2024-01-26,East,Office Supplies,Paper,Premium Paper,CUST-0548,2,63.57,0.15,8.76,13.4,Winter,2024,2024-01
ORD-02322,2024-01-26,North,Furniture,Furnishings,Desk Lamp,CUST-0176,8,3507.35,0.0,646.85,48.4,Winter,2024,2024-01
ORD-01909,2024-01-27,West,Furniture,Furnishings,Desk Lamp,CUST-0593,1,259.92,0.2,1.85,35.9,Winter,2024,2024-01
ORD-01446,2024-01-27,North,Technology,Phones,Business Phone,CUST-0432,7,1670.78,0.05,319.81,56.2,Winter,2024,2024-01
ORD-00844,2024-01-27,North,Furniture,Tables,Computer Table,CUST-0630,3,1328.32,0.05,40.8,72.6,Winter,2024,2024-01
ORD-00970,2024-01-27,South,Furniture,Chairs,Ergonomic Chair,CUST-0629,8,2055.75,0.05,285.7,61.3,Winter,2024,2024-01
ORD-00117,2024-01-28,North,Office Supplies,Binders,Premium Binder,CUST-0550,6,78.79,0.25,2.91,44.6,Winter,2024,2024-01
ORD-00328,2024-01-28,West,Office Supplies,Labels,Address Labels,CUST-0097,1,40.16,0.2,2.86,38.4,Winter,2024,2024-01
ORD-01266,2024-01-28,West,Furniture,Tables,Office Table,CUST-0761,7,1554.44,0.0,130.84,81.3,Winter,2024,2024-01
ORD-02203,2024-01-29,North,Office Supplies,Art,Marker Set,CUST-0781,6,123.28,0.2,13.42,41.0,Winter,2024,2024-01
ORD-00870,2024-01-30,North,Office Supplies,Paper,Premium Paper,CUST-0024,2,198.96,0.0,45.48,34.4,Winter,2024,2024-01
ORD-02038,2024-01-30,South,Technology,Copiers,Office Copier,CUST-0661,3,2023.09,0.05,219.62,27.3,Winter,2024,2024-01
ORD-01240,2024-01-30,East,Furniture,Bookcases,Wood Bookcase,CUST-0408,7,2718.69,0.15,-117.66,62.9,Winter,2024,2024-01
ORD-00250,2024-01-31,East,Furniture,Tables,Office Table,CUST-0647,7,1319.73,0.1,81.24,76.7,Winter,2024,2024-01
ORD-01452,2024-01-31,East,Furniture,Chairs,Task Chair,CUST-0727,6,1210.44,0.1,117.17,91.2,Winter,2024,2024-01
ORD-01099,2024-01-31,North,Furniture,Furnishings,Wall Clock,CUST-0439,1,380.11,0.05,36.98,35.6,Winter,2024,2024-01
ORD-01019,2024-01-31,West,Furniture,Furnishings,Desk Organizer,CUST-0265,4,946.55,0.05,93.33,66.4,Winter,2024,2024-01
ORD-00902,2024-01-31,North,Technology,Phones,Smartphone,CUST-0062,1,241.28,0.15,17.32,38.9,Winter,2024,2024-01
ORD-00817,2024-02-01,East,Technology,Machines,Printer,CUST-0623,4,2551.66,0.05,491.48,30.5,Winter,2024,2024-02
ORD-00562,2024-02-01,South,Technology,Accessories,Headset,CUST-0360,3,556.27,0.05,113.56,48.6,Winter,2024,2024-02
ORD-01871,2024-02-01,North,Office Supplies,Binders,Ring Binder,CUST-0515,1,61.59,0.15,6.98,36.6,Winter,2024,2024-02
ORD-02339,2024-02-01,West,Office Supplies,Paper,Copy Paper,CUST-0328,3,89.43,0.2,9.04,21.5,Winter,2024,2024-02
ORD-02371,2024-02-02,East,Furniture,Tables,Computer Table,CUST-0417,1,156.91,0.2,-9.04,45.5,Winter,2024,2024-02
ORD-01110,2024-02-02,North,Furniture,Furnishings,Desk Organizer,CUST-0217,3,1362.7,0.05,239.78,66.1,Winter,2024,2024-02
ORD-00397,2024-02-02,South,Furniture,Chairs,Ergonomic Chair,CUST-0051,4,1454.92,0.05,177.28,37.6,Winter,2024,2024-02
ORD-00352,2024-02-02,North,Office Supplies,Binders,Premium Binder,CUST-0323,1,45.15,0.25,4.81,32.1,Winter,2024,2024-02
ORD-00811,2024-02-02,West,Technology,Copiers,Office Copier,CUST-0555,3,2244.99,0.0,516.55,17.4,Winter,2024,2024-02
ORD-00056,2024-02-02,West,Furniture,Bookcases,Metal Bookcase,CUST-0515,2,440.0,0.15,-20.74,65.2,Winter,2024,2024-02
ORD-01806,2024-02-03,South,Technology,Copiers,Office Copier,CUST-0131,8,3181.59,0.15,433.14,50.0,Winter,2024,2024-02
ORD-01526,2024-02-04,South,Technology,Phones,Business Phone,CUST-0648,4,1330.71,0.0,289.88,52.1,Winter,2024,2024-02
ORD-01463,2024-02-04,North,Technology,Phones,Smartphone,CUST-0460,2,290.59,0.2,13.78,56.6,Winter,2024,2024-02
ORD-01781,2024-02-04,West,Office Supplies,Art,Marker Set,CUST-0645,6,108.13,0.0,23.08,22.1,Winter,2024,2024-02
ORD-01518,2024-02-05,East,Technology,Phones,Smartphone,CUST-0615,2,668.81,0.1,58.98,34.7,Winter,2024,2024-02
ORD-01270,2024-02-05,North,Office Supplies,Labels,Address Labels,CUST-0688,4,160.48,0.0,44.13,45.3,Winter,2024,2024-02
ORD-01286,2024-02-05,East,Furniture,Chairs,Task Chair,CUST-0511,8,1396.73,0.05,200.14,39.8,Winter,2024,2024-02
ORD-01642,2024-02-06,West,Office Supplies,Art,Drawing Pad,CUST-0250,5,265.94,0.2,23.73,15.8,Winter,2024,2024-02
ORD-01976,2024-02-06,West,Technology,Machines,Scanner,CUST-0269,7,2976.59,0.15,332.22,50.6,Winter,2024,2024-02
ORD-00574,2024-02-06,East,Furniture,Chairs,Task Chair,CUST-0742,6,1609.72,0.15,75.04,67.2,Winter,2024,2024-02
ORD-02412,2024-02-06,West,Office Supplies,Storage,File Storage Box,CUST-0557,5,285.7,0.2,30.04,44.0,Winter,2024,2024-02
ORD-00699,2024-02-06,North,Office Supplies,Binders,Ring Binder,CUST-0430,3,225.85,0.0,62.58,21.1,Winter,2024,2024-02
ORD-01464,2024-02-07,North,Technology,Copiers,Office Copier,CUST-0087,5,2630.2,0.1,413.5,29.9,Winter,2024,2024-02
ORD-00848,2024-02-07,South,Furniture,Tables,Computer Table,CUST-0683,8,2234.18,0.1,0.39,88.8,Winter,2024,2024-02
ORD-00584,2024-02-07,North,Office Supplies,Paper,Premium Paper,CUST-0692,7,189.92,0.0,41.62,48.6,Winter,2024,2024-02
ORD-02278,2024-02-07,North,Furniture,Chairs,Conference Chair,CUST-0441,6,2167.48,0.0,432.68,50.4,Winter,2024,2024-02
ORD-01453,2024-02-07,South,Furniture,Bookcases,Metal Bookcase,CUST-0448,2,542.77,0.05,63.13,74.4,Winter,2024,2024-02
ORD-01653,2024-02-07,North,Office Supplies,Labels,Address Labels,CUST-0718,2,129.0,0.2,13.11,17.7,Winter,2024,2024-02
ORD-00887,2024-02-08,South,Office Supplies,Labels,Shipping Labels,CUST-0754,7,602.11,0.0,129.1,37.0,Winter,2024,2024-02
ORD-02314,2024-02-08,North,Office Supplies,Labels,Address Labels,CUST-0559,1,82.65,0.1,13.83,45.3,Winter,2024,2024-02
ORD-00546,2024-02-09,South,Office Supplies,Binders,Ring Binder,CUST-0621,6,340.52,0.05,54.71,42.9,Winter,2024,2024-02
ORD-01983,2024-02-09,East,Office Supplies,Binders,Ring Binder,CUST-0331,8,106.55,0.25,6.07,46.2,Winter,2024,2024-02
ORD-00898,2024-02-09,West,Furniture,Bookcases,Wood Bookcase,CUST-0420,1,273.84,0.05,18.49,62.0,Winter,2024,2024-02
ORD-01021,2024-02-10,East,Office Supplies,Labels,Address Labels,CUST-0792,3,132.88,0.05,25.88,37.6,Winter,2024,2024-02
ORD-01267,2024-02-10,North,Office Supplies,Binders,Premium Binder,CUST-0624,2,67.66,0.0,13.5,15.3,Winter,2024,2024-02
ORD-02488,2024-02-10,West,Office Supplies,Binders,Ring Binder,CUST-0298,2,112.8,0.0,30.57,24.2,Winter,2024,2024-02
ORD-01026,2024-02-10,North,Furniture,Furnishings,Desk Organizer,CUST-0017,6,2183.84,0.1,189.14,72.0,Winter,2024,2024-02
ORD-00542,2024-02-10,South,Furniture,Furnishings,Wall Clock,CUST-0493,4,1441.54,0.15,96.2,41.0,Winter,2024,2024-02
ORD-00858,2024-02-11,West,Furniture,Chairs,Conference Chair,CUST-0135,6,2922.45,0.0,492.86,67.9,Winter,2024,2024-02
ORD-01801,2024-02-11,West,Furniture,Chairs,Task Chair,CUST-0787,1,303.18,0.25,-2.39,77.6,Winter,2024,2024-02
ORD-01979,2024-02-11,East,Technology,Accessories,Mouse,CUST-0348,3,730.33,0.2,58.25,52.0,Winter,2024,2024-02
ORD-01136,2024-02-12,West,Technology,Phones,Business Phone,CUST-0718,2,309.25,0.05,38.36,26.6,Winter,2024,2024-02
ORD-00150,2024-02-12,South,Furniture,Bookcases,Wood Bookcase,CUST-0697,2,307.38,0.0,29.16,42.2,Winter,2024,2024-02
ORD-02460,2024-02-13,West,Technology,Copiers,Office Copier,CUST-0554,5,1397.71,0.1,159.85,26.2,Winter,2024,2024-02
ORD-00619,2024-02-14,East,Furniture,Bookcases,Metal Bookcase,CUST-0654,8,908.29,0.2,-36.0,70.4,Winter,2024,2024-02
ORD-01889,2024-02-14,West,Furniture,Tables,Meeting Table,CUST-0299,6,1611.54,0.15,-19.47,89.7,Winter,2024,2024-02
ORD-01351,2024-02-14,South,Office Supplies,Paper,Copy Paper,CUST-0520,8,590.99,0.1,95.53,24.4,Winter,2024,2024-02
ORD-01615,2024-02-14,South,Technology,Copiers,Office Copier,CUST-0161,8,5393.7,0.1,614.02,65.4,Winter,2024,2024-02
ORD-01470,2024-02-14,East,Furniture,Tables,Meeting Table,CUST-0100,7,2276.24,0.1,98.48,73.5,Winter,2024,2024-02
ORD-01411,2024-02-14,West,Technology,Phones,Smartphone,CUST-0257,8,4262.6,0.05,763.97,43.5,Winter,2024,2024-02
ORD-02373,2024-02-14,South,Office Supplies,Labels,Shipping Labels,CUST-0297,7,444.13,0.1,70.35,54.8,Winter,2024,2024-02
ORD-02002,2024-02-15,East,Office Supplies,Storage,Drawer Unit,CUST-0592,8,704.49,0.1,129.16,53.2,Winter,2024,2024-02
ORD-02129,2024-02-16,South,Office Supplies,Paper,Premium Paper,CUST-0445,7,430.04,0.0,94.34,18.8,Winter,2024,2024-02
ORD-00036,2024-02-16,West,Technology,Copiers,Office Copier,CUST-0569,2,259.4,0.1,31.59,40.6,Winter,2024,2024-02
ORD-01456,2024-02-17,South,Furniture,Chairs,Ergonomic Chair,CUST-0474,8,3036.59,0.15,148.94,68.2,Winter,2024,2024-02
ORD-00279,2024-02-17,North,Office Supplies,Paper,Premium Paper,CUST-0388,4,304.83,0.0,71.84,46.1,Winter,2024,2024-02
ORD-02331,2024-02-17,West,Furniture,Tables,Meeting Table,CUST-0586,7,2053.65,0.05,46.51,65.9,Winter,2024,2024-02
ORD-00518,2024-02-18,North,Technology,Machines,Scanner,CUST-0482,6,3876.19,0.0,770.36,53.1,Winter,2024,2024-02
ORD-02440,2024-02-18,South,Office Supplies,Storage,Drawer Unit,CUST-0270,3,311.05,0.0,77.56,33.7,Winter,2024,2024-02
ORD-01035,2024-02-18,North,Technology,Accessories,Keyboard,CUST-0465,3,561.16,0.1,69.17,39.8,Winter,2024,2024-02
ORD-01362,2024-02-19,West,Office Supplies,Paper,Copy Paper,CUST-0670,1,66.26,0.1,10.64,29.6,Winter,2024,2024-02
ORD-01769,2024-02-19,South,Furniture,Chairs,Ergonomic Chair,CUST-0375,5,1424.7,0.05,177.72,70.0,Winter,2024,2024-02
ORD-00045,2024-02-19,South,Office Supplies,Art,Marker Set,CUST-0277,3,191.84,0.15,20.15,22.2,Winter,2024,2024-02
ORD-02312,2024-02-19,East,Office Supplies,Binders,Premium Binder,CUST-0068,4,218.5,0.15,28.0,30.2,Winter,2024,2024-02
ORD-00387,2024-02-19,South,Office Supplies,Labels,Shipping Labels,CUST-0505,1,29.17,0.25,1.07,13.9,Winter,2024,2024-02
ORD-02232,2024-02-20,East,Office Supplies,Binders,Premium Binder,CUST-0522,2,103.7,0.15,16.74,18.8,Winter,2024,2024-02
ORD-00899,2024-02-21,West,Office Supplies,Storage,File Storage Box,CUST-0209,1,30.22,0.15,4.17,38.9,Winter,2024,2024-02
ORD-00659,2024-02-22,West,Technology,Phones,Smartphone,CUST-0368,4,1224.24,0.0,236.11,33.1,Winter,2024,2024-02
ORD-01834,2024-02-22,West,Office Supplies,Art,Drawing Pad,CUST-0728,6,431.51,0.0,89.91,33.7,Winter,2024,2024-02
ORD-01022,2024-02-22,East,Office Supplies,Binders,Premium Binder,CUST-0164,8,429.98,0.15,68.33,46.5,Winter,2024,2024-02
ORD-01953,2024-02-22,West,Furniture,Bookcases,Metal Bookcase,CUST-0600,1,95.88,0.05,4.51,67.6,Winter,2024,2024-02
ORD-02025,2024-02-23,East,Furniture,Furnishings,Desk Lamp,CUST-0394,1,160.0,0.15,9.37,63.0,Winter,2024,2024-02
ORD-01215,2024-02-24,North,Furniture,Chairs,Task Chair,CUST-0259,4,1336.99,0.0,187.49,50.3,Winter,2024,2024-02
ORD-01911,2024-02-24,West,Office Supplies,Labels,Shipping Labels,CUST-0186,5,238.19,0.1,29.02,41.7,Winter,2024,2024-02
ORD-01253,2024-02-24,West,Technology,Copiers,Office Copier,CUST-0732,8,2307.54,0.0,431.0,57.6,Winter,2024,2024-02
ORD-00069,2024-02-25,West,Office Supplies,Labels,Address Labels,CUST-0788,1,71.03,0.15,7.23,9.1,Winter,2024,2024-02
ORD-01027,2024-02-26,East,Office Supplies,Labels,Shipping Labels,CUST-0793,4,245.51,0.1,45.36,53.3,Winter,2024,2024-02
ORD-02479,2024-02-26,East,Office Supplies,Binders,Ring Binder,CUST-0435,2,60.19,0.15,7.94,22.6,Winter,2024,2024-02
ORD-01055,2024-02-26,South,Technology,Phones,Smartphone,CUST-0546,2,606.68,0.0,132.22,60.2,Winter,2024,2024-02
ORD-00217,2024-02-27,South,Office Supplies,Binders,Ring Binder,CUST-0263,7,190.77,0.05,36.57,7.2,Winter,2024,2024-02
ORD-01588,2024-02-27,South,Office Supplies,Paper,Premium Paper,CUST-0342,3,248.65,0.1,42.45,25.9,Winter,2024,2024-02
ORD-00127,2024-02-27,East,Furniture,Furnishings,Desk Organizer,CUST-0326,5,1390.57,0.0,42.97,54.3,Winter,2024,2024-02
ORD-01571,2024-02-28,South,Furniture,Bookcases,Wood Bookcase,CUST-0575,2,641.02,0.1,46.43,56.6,Winter,2024,2024-02
ORD-01096,2024-02-28,North,Office Supplies,Binders,Ring Binder,CUST-0454,3,50.93,0.15,7.64,26.0,Winter,2024,2024-02
ORD-00439,2024-02-29,East,Furniture,Furnishings,Wall Clock,CUST-0270,2,894.43,0.0,180.1,49.4,Winter,2024,2024-02
ORD-01851,2024-02-29,West,Office Supplies,Binders,Ring Binder,CUST-0637,5,379.98,0.1,60.99,39.2,Winter,2024,2024-02
ORD-01361,2024-03-01,West,Furniture,Bookcases,Metal Bookcase,CUST-0639,4,660.27,0.0,56.57,38.9,Spring,2024,2024-03
ORD-00280,2024-03-01,South,Technology,Phones,Business Phone,CUST-0072,1,186.49,0.05,34.52,47.6,Spring,2024,2024-03
ORD-01122,2024-03-02,South,Furniture,Chairs,Ergonomic Chair,CUST-0330,5,1980.25,0.05,217.43,66.0,Spring,2024,2024-03
ORD-00431,2024-03-02,West,Technology,Accessories,Mouse,CUST-0757,2,404.84,0.0,85.15,15.9,Spring,2024,2024-03
ORD-00246,2024-03-02,East,Furniture,Furnishings,Desk Organizer,CUST-0068,4,1038.58,0.15,50.25,73.5,Spring,2024,2024-03
ORD-00678,2024-03-02,East,Furniture,Furnishings,Desk Organizer,CUST-0226,5,495.96,0.15,34.07,74.3,Spring,2024,2024-03
ORD-01328,2024-03-02,West,Furniture,Bookcases,Metal Bookcase,CUST-0625,1,221.46,0.0,19.25,42.6,Spring,2024,2024-03
ORD-00881,2024-03-03,North,Furniture,Bookcases,Metal Bookcase,CUST-0141,8,578.71,0.05,51.95,110.0,Spring,2024,2024-03
ORD-00007,2024-03-03,West,Furniture,Tables,Meeting Table,CUST-0062,2,451.86,0.15,-7.46,48.7,Spring,2024,2024-03
ORD-01256,2024-03-03,North,Office Supplies,Paper,Copy Paper,CUST-0367,8,265.41,0.1,46.87,54.9,Spring,2024,2024-03
ORD-02366,2024-03-03,East,Technology,Machines,Scanner,CUST-0026,6,766.14,0.0,203.14,37.1,Spring,2024,2024-03
ORD-00753,2024-03-04,West,Office Supplies,Labels,Address Labels,CUST-0640,8,415.15,0.15,66.96,35.5,Spring,2024,2024-03
ORD-02317,2024-03-04,West,Office Supplies,Labels,Address Labels,CUST-0561,8,670.42,0.1,126.43,13.1,Spring,2024,2024-03
ORD-01543,2024-03-05,West,Technology,Machines,Scanner,CUST-0100,7,1114.91,0.0,218.5,64.9,Spring,2024,2024-03
ORD-00196,2024-03-05,East,Technology,Machines,Printer,CUST-0534,1,166.66,0.25,8.28,34.6,Spring,2024,2024-03
ORD-00728,2024-03-05,West,Furniture,Chairs,Ergonomic Chair,CUST-0442,1,75.3,0.1,8.41,54.4,Spring,2024,2024-03
ORD-01721,2024-03-05,South,Office Supplies,Labels,Address Labels,CUST-0004,8,639.93,0.1,63.81,51.4,Spring,2024,2024-03
ORD-01809,2024-03-06,North,Office Supplies,Labels,Address Labels,CUST-0216,7,83.06,0.1,12.73,47.9,Spring,2024,2024-03
ORD-00695,2024-03-06,West,Furniture,Furnishings,Desk Lamp,CUST-0779,1,292.79,0.0,57.18,58.3,Spring,2024,2024-03
ORD-01931,2024-03-06,West,Technology,Copiers,Office Copier,CUST-0241,4,2187.77,0.15,309.77,46.8,Spring,2024,2024-03
ORD-01531,2024-03-06,North,Technology,Copiers,Office Copier,CUST-0800,5,2644.78,0.1,360.78,53.9,Spring,2024,2024-03
ORD-00001,2024-03-06,North,Furniture,Chairs,Ergonomic Chair,CUST-0545,5,503.09,0.1,61.06,49.4,Spring,2024,2024-03
ORD-00172,2024-03-06,South,Technology,Accessories,Mouse,CUST-0182,8,1029.77,0.15,119.75,38.4,Spring,2024,2024-03
ORD-01633,2024-03-07,East,Technology,Copiers,Office Copier,CUST-0162,1,321.28,0.0,64.28,30.1,Spring,2024,2024-03
ORD-00359,2024-03-07,South,Technology,Copiers,Office Copier,CUST-0326,2,860.62,0.05,126.6,31.2,Spring,2024,2024-03
ORD-02033,2024-03-07,South,Office Supplies,Labels,Shipping Labels,CUST-0012,4,305.03,0.0,77.02,5.0,Spring,2024,2024-03
ORD-00133,2024-03-07,East,Office Supplies,Binders,Ring Binder,CUST-0300,7,247.29,0.1,45.03,48.2,Spring,2024,2024-03
ORD-00826,2024-03-07,East,Furniture,Chairs,Conference Chair,CUST-0480,1,288.12,0.1,13.05,57.2,Spring,2024,2024-03
ORD-00910,2024-03-08,North,Furniture,Tables,Office Table,CUST-0453,1,95.27,0.1,4.22,80.6,Spring,2024,2024-03
ORD-00033,2024-03-08,South,Technology,Phones,Smartphone,CUST-0386,3,1703.2,0.0,351.1,39.9,Spring,2024,2024-03
ORD-02082,2024-03-08,South,Furniture,Tables,Computer Table,CUST-0651,1,297.48,0.0,17.78,64.4,Spring,2024,2024-03
ORD-02340,2024-03-08,South,Technology,Phones,Smartphone,CUST-0350,4,1944.41,0.0,389.54,45.2,Spring,2024,2024-03
ORD-00581,2024-03-09,South,Furniture,Tables,Office Table,CUST-0307,4,1694.82,0.0,117.01,65.1,Spring,2024,2024-03
ORD-00951,2024-03-09,North,Technology,Phones,Smartphone,CUST-0633,4,647.81,0.15,66.32,8.5,Spring,2024,2024-03
ORD-00010,2024-03-09,West,Furniture,Furnishings,Wall Clock,CUST-0281,4,1202.81,0.0,222.64,59.6,Spring,2024,2024-03
ORD-01690,2024-03-09,North,Furniture,Bookcases,Metal Bookcase,CUST-0158,1,163.32,0.05,14.08,51.1,Spring,2024,2024-03
ORD-00700,2024-03-10,West,Furniture,Tables,Office Table,CUST-0476,5,1694.2,0.05,48.25,73.6,Spring,2024,2024-03
ORD-00791,2024-03-10,South,Furniture,Chairs,Ergonomic Chair,CUST-0330,7,2136.73,0.0,300.36,48.0,Spring,2024,2024-03
ORD-00674,2024-03-10,South,Furniture,Chairs,Task Chair,CUST-0568,5,1687.16,0.0,307.58,56.6,Spring,2024,2024-03
ORD-02266,2024-03-10,West,Furniture,Furnishings,Desk Organizer,CUST-0536,3,1106.16,0.0,135.52,63.0,Spring,2024,2024-03
ORD-00376,2024-03-10,West,Furniture,Tables,Computer Table,CUST-0499,4,1600.34,0.0,120.13,70.7,Spring,2024,2024-03
ORD-02453,2024-03-10,East,Office Supplies,Binders,Ring Binder,CUST-0069,7,488.43,0.1,51.45,16.0,Spring,2024,2024-03
ORD-00977,2024-03-10,East,Technology,Phones,Business Phone,CUST-0413,3,322.91,0.15,28.03,43.8,Spring,2024,2024-03
ORD-00243,2024-03-10,East,Furniture,Tables,Meeting Table,CUST-0771,2,362.58,0.0,36.34,66.3,Spring,2024,2024-03
ORD-01842,2024-03-11,West,Technology,Machines,Printer,CUST-0093,2,1188.86,0.1,181.28,33.3,Spring,2024,2024-03
ORD-00218,2024-03-11,North,Furniture,Bookcases,Metal Bookcase,CUST-0318,7,1410.49,0.1,51.96,65.9,Spring,2024,2024-03
ORD-02306,2024-03-11,West,Furniture,Tables,Meeting Table,CUST-0772,1,251.68,0.0,26.18,79.7,Spring,2024,2024-03
ORD-00087,2024-03-12,North,Office Supplies,Labels,Shipping Labels,CUST-0013,5,86.79,0.0,20.94,37.2,Spring,2024,2024-03
ORD-01788,2024-03-13,North,Office Supplies,Binders,Ring Binder,CUST-0499,1,7.02,0.25,0.63,31.0,Spring,2024,2024-03
ORD-02472,2024-03-13,East,Furniture,Furnishings,Wall Clock,CUST-0112,3,583.48,0.05,66.45,68.1,Spring,2024,2024-03
ORD-00588,2024-03-13,South,Furniture,Bookcases,Metal Bookcase,CUST-0227,7,757.37,0.25,-74.72,94.0,Spring,2024,2024-03
ORD-01738,2024-03-13,East,Furniture,Chairs,Task Chair,CUST-0488,8,2512.69,0.1,174.65,69.3,Spring,2024,2024-03
ORD-02321,2024-03-13,West,Technology,Copiers,Office Copier,CUST-0555,2,471.35,0.15,56.53,37.7,Spring,2024,2024-03
ORD-01880,2024-03-14,West,Office Supplies,Art,Drawing Pad,CUST-0346,6,129.5,0.1,20.67,16.2,Spring,2024,2024-03
ORD-00891,2024-03-14,West,Furniture,Chairs,Task Chair,CUST-0668,3,1047.76,0.0,117.1,39.5,Spring,2024,2024-03
ORD-01436,2024-03-15,West,Technology,Phones,Business Phone,CUST-0164,8,3795.82,0.15,334.22,52.8,Spring,2024,2024-03
ORD-01289,2024-03-15,North,Technology,Phones,Business Phone,CUST-0533,5,1779.84,0.05,352.66,36.2,Spring,2024,2024-03
ORD-00580,2024-03-15,South,Technology,Machines,Printer,CUST-0484,7,2519.63,0.15,296.4,50.0,Spring,2024,2024-03
ORD-01359,2024-03-16,East,Office Supplies,Binders,Ring Binder,CUST-0383,3,120.36,0.15,12.69,37.5,Spring,2024,2024-03
ORD-01450,2024-03-16,West,Office Supplies,Storage,Drawer Unit,CUST-0064,7,178.37,0.0,45.95,37.0,Spring,2024,2024-03
ORD-00258,2024-03-16,South,Furniture,Tables,Meeting Table,CUST-0274,8,2401.23,0.0,207.42,74.6,Spring,2024,2024-03
ORD-02423,2024-03-16,South,Office Supplies,Binders,Ring Binder,CUST-0300,1,83.98,0.0,20.2,27.8,Spring,2024,2024-03
ORD-01827,2024-03-17,South,Technology,Accessories,Mouse,CUST-0090,4,1167.54,0.05,219.03,78.1,Spring,2024,2024-03
ORD-02475,2024-03-17,West,Office Supplies,Labels,Shipping Labels,CUST-0435,1,59.43,0.1,10.06,11.8,Spring,2024,2024-03
ORD-01730,2024-03-17,West,Technology,Copiers,Office Copier,CUST-0097,3,1239.7,0.05,198.2,36.1,Spring,2024,2024-03
ORD-01166,2024-03-17,North,Technology,Accessories,Mouse,CUST-0095,4,2002.18,0.1,243.73,52.1,Spring,2024,2024-03
ORD-02177,2024-03-17,North,Technology,Phones,Smartphone,CUST-0091,1,477.78,0.05,50.82,13.9,Spring,2024,2024-03
ORD-00516,2024-03-17,North,Office Supplies,Binders,Ring Binder,CUST-0522,3,161.82,0.0,37.58,38.5,Spring,2024,2024-03
ORD-00818,2024-03-18,West,Furniture,Furnishings,Desk Lamp,CUST-0453,8,967.95,0.0,179.53,82.5,Spring,2024,2024-03
ORD-01855,2024-03-18,East,Office Supplies,Labels,Shipping Labels,CUST-0487,8,414.55,0.1,68.88,48.3,Spring,2024,2024-03
ORD-00171,2024-03-18,East,Furniture,Furnishings,Desk Organizer,CUST-0180,7,2237.56,0.2,167.69,70.6,Spring,2024,2024-03
ORD-02265,2024-03-18,West,Furniture,Bookcases,Metal Bookcase,CUST-0620,1,136.14,0.0,18.73,65.4,Spring,2024,2024-03
ORD-00460,2024-03-18,South,Furniture,Tables,Meeting Table,CUST-0015,3,880.07,0.2,-48.78,82.3,Spring,2024,2024-03
ORD-01227,2024-03-19,North,Office Supplies,Binders,Premium Binder,CUST-0195,2,124.24,0.0,26.7,30.0,Spring,2024,2024-03
ORD-00322,2024-03-19,East,Office Supplies,Binders,Ring Binder,CUST-0320,3,60.71,0.05,14.19,29.7,Spring,2024,2024-03
ORD-00583,2024-03-19,South,Furniture,Chairs,Conference Chair,CUST-0635,7,863.56,0.2,31.42,64.8,Spring,2024,2024-03
ORD-01272,2024-03-20,East,Technology,Copiers,Office Copier,CUST-0041,7,2608.3,0.0,437.74,53.0,Spring,2024,2024-03
ORD-00480,2024-03-20,South,Furniture,Furnishings,Desk Organizer,CUST-0290,6,1040.52,0.0,171.56,44.1,Spring,2024,2024-03
ORD-00310,2024-03-20,West,Technology,Phones,Smartphone,CUST-0767,5,798.74,0.0,176.68,42.8,Spring,2024,2024-03
ORD-01816,2024-03-21,South,Furniture,Furnishings,Desk Organizer,CUST-0019,8,1743.67,0.0,287.54,43.2,Spring,2024,2024-03
ORD-00808,2024-03-21,South,Technology,Machines,Scanner,CUST-0304,1,119.37,0.05,20.34,23.6,Spring,2024,2024-03
ORD-01538,2024-03-21,East,Office Supplies,Binders,Premium Binder,CUST-0771,2,134.68,0.15,18.91,7.8,Spring,2024,2024-03
ORD-01484,2024-03-22,South,Office Supplies,Paper,Premium Paper,CUST-0185,4,217.25,0.15,22.28,38.9,Spring,2024,2024-03
ORD-02244,2024-03-22,East,Technology,Copiers,Office Copier,CUST-0751,1,104.25,0.05,20.01,44.4,Spring,2024,2024-03
ORD-01489,2024-03-22,East,Office Supplies,Art,Marker Set,CUST-0065,7,447.44,0.15,62.19,28.0,Spring,2024,2024-03
ORD-01466,2024-03-22,North,Office Supplies,Paper,Premium Paper,CUST-0535,4,131.71,0.15,20.82,40.5,Spring,2024,2024-03
ORD-01867,2024-03-22,North,Office Supplies,Paper,Premium Paper,CUST-0403,1,16.57,0.0,3.98,38.3,Spring,2024,2024-03
ORD-01579,2024-03-23,West,Office Supplies,Paper,Copy Paper,CUST-0764,6,525.11,0.0,132.49,26.4,Spring,2024,2024-03
ORD-00501,2024-03-24,East,Office Supplies,Art,Marker Set,CUST-0755,3,143.05,0.05,33.64,33.3,Spring,2024,2024-03
ORD-00120,2024-03-24,South,Office Supplies,Art,Marker Set,CUST-0708,6,249.58,0.0,69.15,48.2,Spring,2024,2024-03
ORD-01321,2024-03-24,North,Furniture,Tables,Office Table,CUST-0696,1,389.34,0.0,25.75,81.8,Spring,2024,2024-03
ORD-00873,2024-03-24,South,Office Supplies,Binders,Premium Binder,CUST-0781,5,284.37,0.1,39.05,31.1,Spring,2024,2024-03
ORD-01216,2024-03-24,West,Furniture,Tables,Meeting Table,CUST-0735,2,686.1,0.0,70.85,61.8,Spring,2024,2024-03
ORD-00538,2024-03-25,East,Furniture,Chairs,Ergonomic Chair,CUST-0171,2,406.62,0.0,77.8,59.9,Spring,2024,2024-03
ORD-00365,2024-03-25,West,Technology,Accessories,Keyboard,CUST-0517,5,2493.69,0.15,200.21,71.1,Spring,2024,2024-03
ORD-01020,2024-03-25,West,Office Supplies,Paper,Premium Paper,CUST-0014,1,51.38,0.2,3.62,32.6,Spring,2024,2024-03
ORD-02214,2024-03-25,South,Office Supplies,Art,Drawing Pad,CUST-0353,4,360.12,0.0,84.7,38.8,Spring,2024,2024-03
ORD-02215,2024-03-25,West,Office Supplies,Paper,Premium Paper,CUST-0739,2,63.69,0.05,13.17,40.2,Spring,2024,2024-03
ORD-00726,2024-03-26,North,Office Supplies,Storage,File Storage Box,CUST-0107,1,40.24,0.15,6.51,31.8,Spring,2024,2024-03
ORD-00313,2024-03-27,West,Furniture,Bookcases,Metal Bookcase,CUST-0776,6,2124.08,0.05,89.7,78.5,Spring,2024,2024-03
ORD-02269,2024-03-27,East,Technology,Machines,Printer,CUST-0432,2,1033.03,0.2,51.17,35.5,Spring,2024,2024-03
ORD-00778,2024-03-27,South,Office Supplies,Art,Drawing Pad,CUST-0358,6,477.14,0.1,76.99,50.1,Spring,2024,2024-03
ORD-02364,2024-03-27,West,Technology,Machines,Scanner,CUST-0643,4,1531.48,0.15,217.05,38.1,Spring,2024,2024-03
ORD-00198,2024-03-27,East,Furniture,Tables,Computer Table,CUST-0741,3,953.23,0.05,42.35,88.7,Spring,2024,2024-03
ORD-00497,2024-03-27,West,Technology,Phones,Business Phone,CUST-0800,3,293.05,0.05,47.88,55.9,Spring,2024,2024-03
ORD-01946,2024-03-27,South,Furniture,Bookcases,Wood Bookcase,CUST-0252,1,291.22,0.0,35.43,69.8,Spring,2024,2024-03
ORD-01050,2024-03-28,West,Technology,Machines,Scanner,CUST-0394,8,1240.71,0.0,218.01,57.6,Spring,2024,2024-03
ORD-00724,2024-03-28,South,Furniture,Tables,Computer Table,CUST-0513,6,2173.72,0.0,179.23,67.8,Spring,2024,2024-03
ORD-00946,2024-03-28,West,Office Supplies,Storage,File Storage Box,CUST-0704,6,399.94,0.1,59.62,33.6,Spring,2024,2024-03
ORD-01157,2024-03-28,East,Technology,Machines,Printer,CUST-0597,4,1457.59,0.2,122.28,22.5,Spring,2024,2024-03
ORD-00863,2024-03-28,North,Office Supplies,Binders,Premium Binder,CUST-0260,4,36.56,0.0,8.25,20.4,Spring,2024,2024-03
ORD-01343,2024-03-28,East,Office Supplies,Binders,Premium Binder,CUST-0372,3,257.75,0.0,63.91,39.8,Spring,2024,2024-03
ORD-01876,2024-03-29,North,Office Supplies,Paper,Copy Paper,CUST-0171,8,689.82,0.1,113.8,26.4,Spring,2024,2024-03
ORD-01619,2024-03-29,West,Technology,Accessories,Headset,CUST-0052,4,961.17,0.0,195.28,64.4,Spring,2024,2024-03
ORD-00418,2024-03-30,North,Office Supplies,Storage,File Storage Box,CUST-0301,3,160.59,0.15,20.96,16.5,Spring,2024,2024-03
ORD-00386,2024-03-30,South,Furniture,Furnishings,Desk Organizer,CUST-0642,4,1343.81,0.1,108.31,72.9,Spring,2024,2024-03
ORD-00783,2024-03-30,South,Office Supplies,Art,Marker Set,CUST-0630,6,441.11,0.1,91.29,30.2,Spring,2024,2024-03
ORD-00784,2024-03-30,South,Office Supplies,Labels,Shipping Labels,CUST-0458,2,47.13,0.05,8.66,5.2,Spring,2024,2024-03
ORD-01238,2024-03-31,West,Furniture,Bookcases,Wood Bookcase,CUST-0367,3,829.47,0.15,2.48,81.8,Spring,2024,2024-03
ORD-01605,2024-03-31,West,Technology,Machines,Printer,CUST-0546,6,3291.79,0.1,393.7,38.6,Spring,2024,2024-03
ORD-00436,2024-03-31,North,Technology,Machines,Printer,CUST-0072,7,3122.69,0.05,461.36,58.1,Spring,2024,2024-03
ORD-02080,2024-04-01,North,Technology,Phones,Business Phone,CUST-0546,7,4506.42,0.0,929.52,58.7,Spring,2024,2024-04
ORD-00874,2024-04-01,North,Technology,Copiers,Office Copier,CUST-0441,8,1303.04,0.1,224.11,40.8,Spring,2024,2024-04
ORD-01928,2024-04-01,South,Office Supplies,Art,Marker Set,CUST-0410,7,305.6,0.1,61.18,26.7,Spring,2024,2024-04
ORD-00157,2024-04-02,West,Technology,Accessories,Keyboard,CUST-0033,2,724.28,0.0,151.61,41.9,Spring,2024,2024-04
ORD-01630,2024-04-02,North,Technology,Accessories,Keyboard,CUST-0559,7,1140.39,0.1,190.47,39.7,Spring,2024,2024-04
ORD-01610,2024-04-02,South,Technology,Phones,Business Phone,CUST-0091,8,4469.39,0.0,1055.65,51.5,Spring,2024,2024-04
ORD-01805,2024-04-03,East,Office Supplies,Binders,Premium Binder,CUST-0765,7,547.48,0.15,61.31,18.3,Spring,2024,2024-04
ORD-01005,2024-04-03,West,Technology,Phones,Business Phone,CUST-0410,8,1746.72,0.15,251.29,78.9,Spring,2024,2024-04
ORD-00759,2024-04-03,North,Technology,Accessories,Headset,CUST-0030,7,1273.13,0.2,106.76,39.3,Spring,2024,2024-04
ORD-00221,2024-04-03,West,Technology,Machines,Scanner,CUST-0297,7,832.26,0.0,163.61,45.9,Spring,2024,2024-04
ORD-00018,2024-04-03,West,Office Supplies,Storage,Drawer Unit,CUST-0520,7,302.72,0.1,56.28,29.3,Spring,2024,2024-04
ORD-02006,2024-04-04,West,Office Supplies,Labels,Shipping Labels,CUST-0264,5,262.96,0.25,28.83,20.9,Spring,2024,2024-04
ORD-00945,2024-04-04,East,Office Supplies,Paper,Premium Paper,CUST-0369,8,211.32,0.0,41.96,41.0,Spring,2024,2024-04
ORD-00705,2024-04-04,West,Office Supplies,Labels,Address Labels,CUST-0030,8,107.28,0.25,8.86,13.6,Spring,2024,2024-04
ORD-02104,2024-04-04,South,Furniture,Bookcases,Wood Bookcase,CUST-0321,4,929.24,0.2,-37.13,58.0,Spring,2024,2024-04
ORD-00074,2024-04-04,West,Furniture,Bookcases,Wood Bookcase,CUST-0797,1,88.03,0.0,6.98,74.9,Spring,2024,2024-04
ORD-01776,2024-04-05,North,Technology,Phones,Business Phone,CUST-0616,1,642.15,0.0,117.31,43.9,Spring,2024,2024-04
ORD-00434,2024-04-05,South,Office Supplies,Paper,Copy Paper,CUST-0310,8,691.73,0.0,167.32,39.2,Spring,2024,2024-04
ORD-02085,2024-04-05,South,Office Supplies,Binders,Ring Binder,CUST-0429,3,140.58,0.25,10.69,33.5,Spring,2024,2024-04
ORD-01645,2024-04-06,West,Office Supplies,Art,Drawing Pad,CUST-0397,2,61.16,0.05,11.97,36.0,Spring,2024,2024-04
ORD-01926,2024-04-06,North,Technology,Machines,Scanner,CUST-0697,8,4616.47,0.1,456.66,60.8,Spring,2024,2024-04
ORD-00414,2024-04-06,North,Office Supplies,Storage,File Storage Box,CUST-0374,7,331.23,0.15,59.13,28.8,Spring,2024,2024-04
ORD-00670,2024-04-06,West,Office Supplies,Storage,File Storage Box,CUST-0594,2,39.16,0.15,5.8,18.5,Spring,2024,2024-04
ORD-00443,2024-04-06,North,Office Supplies,Binders,Ring Binder,CUST-0569,7,239.96,0.15,37.87,37.8,Spring,2024,2024-04
ORD-02431,2024-04-06,West,Furniture,Tables,Office Table,CUST-0352,6,1089.32,0.0,92.56,64.5,Spring,2024,2024-04
ORD-01358,2024-04-08,North,Furniture,Tables,Computer Table,CUST-0111,6,1774.43,0.0,158.06,64.2,Spring,2024,2024-04
ORD-02480,2024-04-08,West,Office Supplies,Binders,Ring Binder,CUST-0375,6,225.85,0.15,44.06,44.6,Spring,2024,2024-04
ORD-01895,2024-04-08,West,Office Supplies,Storage,File Storage Box,CUST-0625,8,259.51,0.1,51.59,42.0,Spring,2024,2024-04
ORD-00948,2024-04-08,East,Office Supplies,Binders,Premium Binder,CUST-0656,1,72.13,0.15,9.58,29.0,Spring,2024,2024-04
ORD-01819,2024-04-08,West,Furniture,Chairs,Conference Chair,CUST-0704,6,1608.87,0.2,80.54,64.8,Spring,2024,2024-04
ORD-02207,2024-04-08,West,Office Supplies,Art,Marker Set,CUST-0186,5,154.32,0.15,19.35,24.8,Spring,2024,2024-04
ORD-00604,2024-04-08,West,Furniture,Chairs,Task Chair,CUST-0252,8,2432.06,0.05,296.36,65.5,Spring,2024,2024-04
ORD-00823,2024-04-09,South,Furniture,Bookcases,Metal Bookcase,CUST-0455,2,580.92,0.1,12.27,68.5,Spring,2024,2024-04
ORD-02234,2024-04-10,East,Office Supplies,Binders,Ring Binder,CUST-0131,8,407.95,0.0,91.56,27.1,Spring,2024,2024-04
ORD-01342,2024-04-10,West,Technology,Copiers,Office Copier,CUST-0696,6,2240.48,0.0,326.72,27.9,Spring,2024,2024-04
ORD-00682,2024-04-10,East,Technology,Accessories,Mouse,CUST-0045,5,476.31,0.0,97.78,40.4,Spring,2024,2024-04
ORD-01836,2024-04-10,South,Technology,Phones,Smartphone,CUST-0463,5,2417.14,0.15,206.19,38.0,Spring,2024,2024-04
ORD-02378,2024-04-10,East,Furniture,Chairs,Conference Chair,CUST-0614,7,490.5,0.05,81.44,75.2,Spring,2024,2024-04
ORD-02108,2024-04-11,South,Office Supplies,Storage,Drawer Unit,CUST-0687,6,417.17,0.1,74.0,51.5,Spring,2024,2024-04
ORD-02210,2024-04-11,West,Office Supplies,Storage,Drawer Unit,CUST-0483,4,259.46,0.1,39.55,30.6,Spring,2024,2024-04
ORD-01528,2024-04-11,East,Office Supplies,Art,Marker Set,CUST-0063,4,88.36,0.0,22.67,45.0,Spring,2024,2024-04
ORD-00721,2024-04-11,South,Technology,Accessories,Keyboard,CUST-0012,2,505.19,0.15,45.16,14.9,Spring,2024,2024-04
ORD-00241,2024-04-12,North,Technology,Accessories,Mouse,CUST-0545,3,340.07,0.2,29.66,21.8,Spring,2024,2024-04
ORD-00118,2024-04-12,North,Furniture,Tables,Computer Table,CUST-0710,4,716.82,0.15,-9.11,45.2,Spring,2024,2024-04
ORD-00462,2024-04-12,South,Office Supplies,Art,Marker Set,CUST-0056,3,50.57,0.1,6.84,13.2,Spring,2024,2024-04
ORD-01445,2024-04-12,West,Technology,Machines,Scanner,CUST-0641,4,513.44,0.2,29.78,37.8,Spring,2024,2024-04
ORD-00769,2024-04-12,East,Technology,Phones,Smartphone,CUST-0308,5,2373.94,0.15,158.59,24.2,Spring,2024,2024-04
ORD-00620,2024-04-12,West,Office Supplies,Paper,Premium Paper,CUST-0726,8,655.09,0.0,176.31,37.5,Spring,2024,2024-04
ORD-00100,2024-04-12,North,Furniture,Furnishings,Wall Clock,CUST-0212,1,230.29,0.15,23.15,44.9,Spring,2024,2024-04
ORD-00306,2024-04-12,West,Technology,Phones,Business Phone,CUST-0013,7,4406.86,0.0,778.59,54.7,Spring,2024,2024-04
ORD-01090,2024-04-13,North,Furniture,Bookcases,Metal Bookcase,CUST-0613,8,2366.16,0.2,2.42,81.8,Spring,2024,2024-04
ORD-00329,2024-04-13,West,Furniture,Bookcases,Wood Bookcase,CUST-0603,5,1543.56,0.15,31.39,67.7,Spring,2024,2024-04
ORD-00834,2024-04-14,North,Technology,Copiers,Office Copier,CUST-0216,2,695.34,0.05,119.85,12.0,Spring,2024,2024-04
ORD-01963,2024-04-14,West,Technology,Phones,Smartphone,CUST-0649,3,1511.15,0.0,250.55,67.1,Spring,2024,2024-04
ORD-01187,2024-04-14,East,Office Supplies,Binders,Ring Binder,CUST-0427,5,42.5,0.05,9.72,35.5,Spring,2024,2024-04
ORD-00256,2024-04-15,East,Furniture,Furnishings,Desk Lamp,CUST-0187,8,1346.95,0.05,128.63,60.7,Spring,2024,2024-04
ORD-01063,2024-04-15,South,Office Supplies,Binders,Ring Binder,CUST-0381,2,107.34,0.15,10.51,16.5,Spring,2024,2024-04
ORD-00528,2024-04-15,South,Technology,Copiers,Office Copier,CUST-0424,4,2048.63,0.1,377.22,51.2,Spring,2024,2024-04
ORD-02302,2024-04-15,East,Office Supplies,Storage,File Storage Box,CUST-0131,6,443.66,0.0,96.06,59.0,Spring,2024,2024-04
ORD-01612,2024-04-15,East,Furniture,Tables,Computer Table,CUST-0656,1,322.53,0.15,2.48,52.3,Spring,2024,2024-04
ORD-00408,2024-04-15,West,Furniture,Tables,Office Table,CUST-0519,7,2541.62,0.15,4.18,63.4,Spring,2024,2024-04
ORD-00924,2024-04-16,North,Furniture,Furnishings,Desk Lamp,CUST-0679,1,270.02,0.0,45.77,54.0,Spring,2024,2024-04
ORD-00522,2024-04-16,West,Office Supplies,Art,Marker Set,CUST-0579,3,166.8,0.0,36.05,41.0,Spring,2024,2024-04
ORD-01935,2024-04-17,North,Office Supplies,Labels,Address Labels,CUST-0681,2,163.08,0.05,34.56,47.7,Spring,2024,2024-04
ORD-02330,2024-04-17,North,Technology,Machines,Printer,CUST-0366,8,2742.75,0.1,356.74,48.0,Spring,2024,2024-04
ORD-01607,2024-04-18,East,Office Supplies,Labels,Address Labels,CUST-0516,6,424.17,0.15,37.91,36.7,Spring,2024,2024-04
ORD-00457,2024-04-18,North,Furniture,Tables,Meeting Table,CUST-0090,2,780.26,0.0,32.0,59.7,Spring,2024,2024-04
ORD-01575,2024-04-18,West,Furniture,Furnishings,Desk Organizer,CUST-0440,5,1722.67,0.1,152.24,33.1,Spring,2024,2024-04
ORD-00975,2024-04-18,West,Furniture,Furnishings,Desk Organizer,CUST-0372,2,240.5,0.1,13.14,30.7,Spring,2024,2024-04
ORD-00938,2024-04-18,East,Office Supplies,Art,Drawing Pad,CUST-0605,2,96.69,0.25,7.76,25.3,Spring,2024,2024-04
ORD-00752,2024-04-18,South,Office Supplies,Labels,Address Labels,CUST-0737,2,41.55,0.15,6.92,45.2,Spring,2024,2024-04
ORD-02063,2024-04-19,East,Office Supplies,Binders,Ring Binder,CUST-0580,7,230.13,0.0,51.37,22.6,Spring,2024,2024-04
ORD-01524,2024-04-19,North,Technology,Copiers,Office Copier,CUST-0131,4,1751.61,0.0,409.68,35.5,Spring,2024,2024-04
ORD-01677,2024-04-19,East,Technology,Phones,Business Phone,CUST-0292,2,578.93,0.0,148.64,32.3,Spring,2024,2024-04
ORD-01698,2024-04-19,West,Office Supplies,Paper,Premium Paper,CUST-0380,4,122.09,0.1,21.06,19.3,Spring,2024,2024-04
ORD-01104,2024-04-20,East,Furniture,Bookcases,Metal Bookcase,CUST-0727,7,1314.85,0.2,-22.43,58.6,Spring,2024,2024-04
ORD-00273,2024-04-20,West,Office Supplies,Storage,Drawer Unit,CUST-0088,7,250.32,0.15,29.25,26.8,Spring,2024,2024-04
ORD-00357,2024-04-20,West,Office Supplies,Binders,Premium Binder,CUST-0238,2,139.0,0.1,29.13,23.4,Spring,2024,2024-04
ORD-01481,2024-04-20,North,Technology,Copiers,Office Copier,CUST-0544,1,498.3,0.15,48.05,27.4,Spring,2024,2024-04
ORD-02008,2024-04-21,South,Office Supplies,Art,Marker Set,CUST-0319,8,482.59,0.15,71.68,23.8,Spring,2024,2024-04
ORD-00182,2024-04-21,East,Office Supplies,Labels,Shipping Labels,CUST-0447,5,282.08,0.2,19.32,38.2,Spring,2024,2024-04
ORD-02013,2024-04-21,North,Technology,Accessories,Headset,CUST-0687,7,3003.12,0.0,547.14,61.7,Spring,2024,2024-04
ORD-01970,2024-04-21,South,Furniture,Bookcases,Wood Bookcase,CUST-0577,3,488.57,0.05,28.48,53.3,Spring,2024,2024-04
ORD-01537,2024-04-22,East,Technology,Machines,Printer,CUST-0541,3,493.92,0.15,60.71,32.6,Spring,2024,2024-04
ORD-02308,2024-04-22,West,Office Supplies,Storage,File Storage Box,CUST-0339,4,265.16,0.15,37.07,31.0,Spring,2024,2024-04
ORD-00058,2024-04-22,East,Office Supplies,Art,Drawing Pad,CUST-0569,5,129.57,0.05,27.13,33.2,Spring,2024,2024-04
ORD-00536,2024-04-22,West,Furniture,Bookcases,Metal Bookcase,CUST-0029,4,573.26,0.0,68.95,80.8,Spring,2024,2024-04
ORD-01229,2024-04-22,South,Technology,Accessories,Mouse,CUST-0738,4,1705.32,0.0,353.46,24.2,Spring,2024,2024-04
ORD-02222,2024-04-22,South,Furniture,Tables,Computer Table,CUST-0250,3,782.34,0.1,14.62,69.8,Spring,2024,2024-04
ORD-00961,2024-04-22,West,Technology,Machines,Printer,CUST-0472,7,2942.44,0.2,188.72,44.9,Spring,2024,2024-04
ORD-00390,2024-04-22,West,Technology,Phones,Business Phone,CUST-0576,8,1616.22,0.1,183.73,51.8,Spring,2024,2024-04
ORD-01046,2024-04-22,North,Furniture,Tables,Meeting Table,CUST-0619,1,302.4,0.0,30.8,70.3,Spring,2024,2024-04
ORD-02249,2024-04-23,South,Technology,Accessories,Headset,CUST-0040,7,3861.03,0.05,752.05,65.5,Spring,2024,2024-04
ORD-00533,2024-04-23,South,Office Supplies,Art,Marker Set,CUST-0712,6,309.24,0.0,71.01,30.5,Spring,2024,2024-04
ORD-00884,2024-04-23,West,Furniture,Chairs,Task Chair,CUST-0296,8,1417.96,0.0,206.23,69.9,Spring,2024,2024-04
ORD-01406,2024-04-23,West,Furniture,Chairs,Task Chair,CUST-0192,1,183.76,0.1,17.01,52.5,Spring,2024,2024-04
ORD-00847,2024-04-24,North,Office Supplies,Storage,File Storage Box,CUST-0730,6,181.93,0.15,33.08,47.8,Spring,2024,2024-04
ORD-01947,2024-04-24,East,Furniture,Furnishings,Desk Lamp,CUST-0561,7,2762.15,0.0,591.77,56.6,Spring,2024,2024-04
ORD-01655,2024-04-24,South,Office Supplies,Storage,File Storage Box,CUST-0743,6,45.22,0.15,5.65,37.3,Spring,2024,2024-04
ORD-00937,2024-04-25,West,Furniture,Bookcases,Metal Bookcase,CUST-0772,1,265.18,0.15,-4.19,55.1,Spring,2024,2024-04
ORD-02427,2024-04-25,South,Office Supplies,Storage,File Storage Box,CUST-0158,5,118.62,0.2,13.26,20.5,Spring,2024,2024-04
ORD-00750,2024-04-25,East,Technology,Phones,Smartphone,CUST-0198,5,2634.13,0.15,351.43,48.9,Spring,2024,2024-04
ORD-01695,2024-04-26,South,Technology,Accessories,Headset,CUST-0496,7,1803.99,0.0,283.94,50.8,Spring,2024,2024-04
ORD-00083,2024-04-27,East,Office Supplies,Labels,Address Labels,CUST-0599,6,256.11,0.2,37.42,5.0,Spring,2024,2024-04
ORD-00287,2024-04-27,West,Office Supplies,Binders,Ring Binder,CUST-0467,8,348.01,0.0,78.41,23.1,Spring,2024,2024-04
ORD-00178,2024-04-27,North,Technology,Phones,Smartphone,CUST-0610,8,4337.81,0.05,658.09,47.7,Spring,2024,2024-04
ORD-01854,2024-04-27,West,Technology,Phones,Smartphone,CUST-0129,5,756.06,0.0,141.67,19.2,Spring,2024,2024-04
ORD-01908,2024-04-27,North,Technology,Copiers,Office Copier,CUST-0512,3,946.71,0.0,193.54,52.1,Spring,2024,2024-04
ORD-01556,2024-04-28,North,Office Supplies,Paper,Premium Paper,CUST-0406,4,309.62,0.2,20.46,41.9,Spring,2024,2024-04
ORD-02433,2024-04-28,South,Technology,Machines,Printer,CUST-0639,7,777.6,0.25,36.44,39.7,Spring,2024,2024-04
ORD-02095,2024-04-28,East,Office Supplies,Binders,Premium Binder,CUST-0366,5,368.23,0.2,27.74,47.6,Spring,2024,2024-04
ORD-02369,2024-04-28,South,Technology,Copiers,Office Copier,CUST-0375,4,365.21,0.0,66.41,47.5,Spring,2024,2024-04
ORD-01487,2024-04-28,North,Furniture,Tables,Meeting Table,CUST-0607,5,806.13,0.15,-38.31,88.3,Spring,2024,2024-04
ORD-01936,2024-04-29,North,Furniture,Bookcases,Wood Bookcase,CUST-0689,1,339.14,0.15,-4.99,81.3,Spring,2024,2024-04
ORD-01076,2024-04-29,West,Office Supplies,Art,Drawing Pad,CUST-0787,6,418.79,0.1,57.68,65.7,Spring,2024,2024-04
ORD-01778,2024-04-29,West,Furniture,Bookcases,Metal Bookcase,CUST-0691,6,815.55,0.1,14.87,73.1,Spring,2024,2024-04
ORD-01637,2024-04-30,North,Furniture,Tables,Office Table,CUST-0222,2,573.65,0.05,27.59,63.9,Spring,2024,2024-04
ORD-01850,2024-04-30,North,Office Supplies,Paper,Premium Paper,CUST-0479,4,86.92,0.1,14.96,38.6,Spring,2024,2024-04
ORD-01596,2024-04-30,East,Furniture,Tables,Meeting Table,CUST-0060,8,2257.19,0.15,-4.09,65.4,Spring,2024,2024-04
ORD-00623,2024-04-30,West,Office Supplies,Storage,File Storage Box,CUST-0258,2,56.34,0.15,7.57,39.6,Spring,2024,2024-04
ORD-00041,2024-04-30,South,Furniture,Furnishings,Wall Clock,CUST-0181,5,557.05,0.25,6.99,57.2,Spring,2024,2024-04
ORD-01941,2024-04-30,North,Office Supplies,Paper,Premium Paper,CUST-0535,7,537.25,0.15,71.45,25.0,Spring,2024,2024-04
ORD-00350,2024-04-30,South,Technology,Phones,Smartphone,CUST-0537,3,1280.88,0.15,169.26,35.1,Spring,2024,2024-04
ORD-00467,2024-05-01,South,Office Supplies,Art,Drawing Pad,CUST-0047,4,250.55,0.2,30.43,24.4,Spring,2024,2024-05
ORD-01078,2024-05-01,North,Office Supplies,Art,Marker Set,CUST-0565,2,129.27,0.2,8.5,29.7,Spring,2024,2024-05
ORD-00187,2024-05-01,North,Office Supplies,Paper,Copy Paper,CUST-0655,6,185.88,0.05,42.13,52.0,Spring,2024,2024-05
ORD-00532,2024-05-01,West,Office Supplies,Storage,File Storage Box,CUST-0754,8,518.93,0.15,47.99,19.3,Spring,2024,2024-05
ORD-02328,2024-05-02,South,Office Supplies,Storage,Drawer Unit,CUST-0183,5,194.14,0.15,25.39,35.1,Spring,2024,2024-05
ORD-00703,2024-05-02,West,Office Supplies,Labels,Address Labels,CUST-0486,4,66.54,0.1,7.04,38.2,Spring,2024,2024-05
ORD-02200,2024-05-02,West,Office Supplies,Binders,Premium Binder,CUST-0504,7,85.53,0.0,20.12,50.2,Spring,2024,2024-05
ORD-02297,2024-05-02,South,Office Supplies,Art,Marker Set,CUST-0488,5,369.63,0.2,26.93,38.3,Spring,2024,2024-05
ORD-00168,2024-05-02,East,Office Supplies,Storage,File Storage Box,CUST-0602,6,258.03,0.0,52.36,32.2,Spring,2024,2024-05
ORD-00685,2024-05-03,East,Office Supplies,Storage,File Storage Box,CUST-0113,4,214.34,0.05,38.28,17.8,Spring,2024,2024-05
ORD-01193,2024-05-04,North,Office Supplies,Art,Drawing Pad,CUST-0648,1,9.24,0.25,0.59,30.4,Spring,2024,2024-05
ORD-00262,2024-05-04,North,Furniture,Bookcases,Metal Bookcase,CUST-0639,3,473.61,0.1,28.31,63.4,Spring,2024,2024-05
ORD-02450,2024-05-05,South,Technology,Accessories,Keyboard,CUST-0173,1,494.15,0.05,94.66,39.7,Spring,2024,2024-05
ORD-01433,2024-05-05,North,Furniture,Chairs,Task Chair,CUST-0667,7,803.47,0.1,84.51,56.8,Spring,2024,2024-05
ORD-00704,2024-05-05,West,Office Supplies,Binders,Premium Binder,CUST-0349,1,90.75,0.0,21.8,28.0,Spring,2024,2024-05
ORD-02051,2024-05-05,West,Office Supplies,Paper,Premium Paper,CUST-0115,7,557.53,0.05,99.31,31.7,Spring,2024,2024-05
ORD-02103,2024-05-05,North,Furniture,Furnishings,Wall Clock,CUST-0334,8,3019.57,0.05,369.11,59.7,Spring,2024,2024-05
ORD-01616,2024-05-06,North,Technology,Phones,Smartphone,CUST-0577,7,4154.68,0.05,953.03,60.7,Spring,2024,2024-05
ORD-00908,2024-05-06,South,Furniture,Chairs,Task Chair,CUST-0466,4,292.9,0.15,29.06,39.8,Spring,2024,2024-05
ORD-01032,2024-05-06,North,Technology,Machines,Scanner,CUST-0759,3,554.2,0.15,47.18,33.3,Spring,2024,2024-05
ORD-00411,2024-05-07,North,Office Supplies,Labels,Shipping Labels,CUST-0098,1,90.67,0.0,20.11,31.5,Spring,2024,2024-05
ORD-00544,2024-05-07,East,Office Supplies,Storage,Drawer Unit,CUST-0479,2,28.66,0.0,7.31,46.4,Spring,2024,2024-05
ORD-02368,2024-05-08,North,Furniture,Chairs,Conference Chair,CUST-0419,8,2289.84,0.0,421.27,59.3,Spring,2024,2024-05
ORD-00761,2024-05-08,North,Office Supplies,Art,Drawing Pad,CUST-0239,8,195.28,0.0,54.28,39.4,Spring,2024,2024-05
ORD-02147,2024-05-08,North,Furniture,Furnishings,Wall Clock,CUST-0381,5,542.06,0.0,88.09,76.9,Spring,2024,2024-05
ORD-00259,2024-05-08,North,Furniture,Furnishings,Wall Clock,CUST-0596,7,1001.96,0.2,92.16,72.3,Spring,2024,2024-05
ORD-02478,2024-05-08,North,Office Supplies,Binders,Ring Binder,CUST-0326,4,234.64,0.1,34.11,21.9,Spring,2024,2024-05
ORD-02248,2024-05-08,West,Technology,Copiers,Office Copier,CUST-0433,2,840.5,0.05,136.28,41.6,Spring,2024,2024-05
ORD-02370,2024-05-08,West,Furniture,Chairs,Task Chair,CUST-0790,5,1486.95,0.05,241.66,75.4,Spring,2024,2024-05
ORD-02032,2024-05-09,North,Technology,Phones,Smartphone,CUST-0615,2,418.46,0.0,81.08,31.3,Spring,2024,2024-05
ORD-00661,2024-05-09,North,Office Supplies,Paper,Premium Paper,CUST-0496,6,280.02,0.1,47.27,39.1,Spring,2024,2024-05
ORD-01883,2024-05-09,North,Office Supplies,Storage,Drawer Unit,CUST-0706,8,668.85,0.1,100.87,44.5,Spring,2024,2024-05
ORD-01174,2024-05-09,North,Technology,Phones,Smartphone,CUST-0185,4,1814.39,0.0,388.24,50.4,Spring,2024,2024-05
ORD-02275,2024-05-09,East,Technology,Copiers,Office Copier,CUST-0683,4,981.87,0.05,123.73,50.3,Spring,2024,2024-05
ORD-00230,2024-05-09,South,Office Supplies,Labels,Shipping Labels,CUST-0269,4,133.29,0.1,23.6,22.4,Spring,2024,2024-05
ORD-01405,2024-05-09,South,Furniture,Tables,Computer Table,CUST-0032,8,2876.56,0.0,236.92,51.5,Spring,2024,2024-05
ORD-01702,2024-05-10,West,Office Supplies,Paper,Premium Paper,CUST-0404,4,234.92,0.0,39.08,57.4,Spring,2024,2024-05
ORD-00392,2024-05-11,North,Office Supplies,Binders,Premium Binder,CUST-0072,1,58.67,0.1,7.76,25.7,Spring,2024,2024-05
ORD-02483,2024-05-11,East,Technology,Accessories,Headset,CUST-0378,5,336.73,0.1,38.48,45.7,Spring,2024,2024-05
ORD-00251,2024-05-11,East,Office Supplies,Art,Marker Set,CUST-0731,1,11.26,0.0,2.38,25.5,Spring,2024,2024-05
ORD-02381,2024-05-11,North,Furniture,Tables,Meeting Table,CUST-0055,7,2676.45,0.0,314.17,47.4,Spring,2024,2024-05
ORD-01886,2024-05-11,West,Office Supplies,Storage,File Storage Box,CUST-0126,6,432.31,0.0,91.75,42.3,Spring,2024,2024-05
ORD-00469,2024-05-12,East,Technology,Phones,Business Phone,CUST-0507,3,487.59,0.2,14.95,46.8,Spring,2024,2024-05
ORD-01106,2024-05-12,West,Technology,Accessories,Headset,CUST-0800,7,4015.57,0.05,593.23,49.3,Spring,2024,2024-05
ORD-00564,2024-05-12,North,Technology,Copiers,Office Copier,CUST-0526,4,916.58,0.2,60.54,49.2,Spring,2024,2024-05
ORD-00349,2024-05-12,West,Office Supplies,Paper,Premium Paper,CUST-0704,2,30.7,0.1,5.34,29.4,Spring,2024,2024-05
ORD-00023,2024-05-13,South,Office Supplies,Storage,Drawer Unit,CUST-0036,1,46.77,0.15,8.1,20.4,Spring,2024,2024-05
ORD-00635,2024-05-13,South,Technology,Copiers,Office Copier,CUST-0043,8,4242.0,0.0,708.79,41.7,Spring,2024,2024-05
ORD-01929,2024-05-13,North,Technology,Machines,Scanner,CUST-0708,4,457.75,0.25,29.6,62.0,Spring,2024,2024-05
ORD-01639,2024-05-13,North,Office Supplies,Binders,Ring Binder,CUST-0798,6,367.15,0.15,63.54,51.6,Spring,2024,2024-05
ORD-02385,2024-05-14,East,Office Supplies,Labels,Shipping Labels,CUST-0155,2,128.31,0.15,18.98,42.1,Spring,2024,2024-05
ORD-00912,2024-05-14,South,Technology,Accessories,Mouse,CUST-0549,7,547.05,0.15,66.17,39.7,Spring,2024,2024-05
ORD-01663,2024-05-15,East,Office Supplies,Paper,Copy Paper,CUST-0245,3,31.11,0.05,6.86,54.8,Spring,2024,2024-05
ORD-01432,2024-05-15,West,Office Supplies,Storage,Drawer Unit,CUST-0405,7,314.06,0.05,51.8,17.7,Spring,2024,2024-05
ORD-01798,2024-05-15,East,Office Supplies,Art,Marker Set,CUST-0299,2,80.23,0.0,20.02,30.7,Spring,2024,2024-05
ORD-01891,2024-05-15,South,Office Supplies,Paper,Premium Paper,CUST-0531,2,144.1,0.15,16.39,21.8,Spring,2024,2024-05
ORD-01345,2024-05-16,South,Technology,Machines,Printer,CUST-0179,6,1917.49,0.0,423.07,54.4,Spring,2024,2024-05
ORD-01960,2024-05-16,North,Office Supplies,Labels,Shipping Labels,CUST-0535,3,136.68,0.0,33.46,33.9,Spring,2024,2024-05
ORD-01534,2024-05-17,South,Office Supplies,Paper,Copy Paper,CUST-0428,3,237.66,0.15,30.8,30.2,Spring,2024,2024-05
ORD-01326,2024-05-17,East,Furniture,Bookcases,Metal Bookcase,CUST-0469,6,1273.69,0.05,78.19,62.4,Spring,2024,2024-05
ORD-00253,2024-05-17,South,Technology,Accessories,Mouse,CUST-0539,7,899.62,0.0,166.05,54.7,Spring,2024,2024-05
ORD-01651,2024-05-18,South,Office Supplies,Paper,Copy Paper,CUST-0321,5,182.06,0.05,33.5,30.2,Spring,2024,2024-05
ORD-00072,2024-05-18,South,Office Supplies,Storage,File Storage Box,CUST-0633,5,433.87,0.0,103.46,60.5,Spring,2024,2024-05
ORD-02071,2024-05-18,North,Office Supplies,Binders,Ring Binder,CUST-0278,3,154.44,0.0,38.15,36.3,Spring,2024,2024-05
ORD-01523,2024-05-19,West,Technology,Copiers,Office Copier,CUST-0726,6,3300.81,0.15,306.26,60.8,Spring,2024,2024-05
ORD-01178,2024-05-20,East,Office Supplies,Labels,Address Labels,CUST-0650,3,98.83,0.05,17.9,21.7,Spring,2024,2024-05
ORD-02220,2024-05-20,West,Technology,Machines,Scanner,CUST-0081,7,684.78,0.2,32.72,60.7,Spring,2024,2024-05
ORD-00523,2024-05-20,East,Technology,Phones,Smartphone,CUST-0213,1,581.59,0.05,96.37,27.8,Spring,2024,2024-05
ORD-02392,2024-05-20,North,Furniture,Bookcases,Wood Bookcase,CUST-0332,6,2256.98,0.05,113.57,64.0,Spring,2024,2024-05
ORD-01113,2024-05-20,South,Furniture,Furnishings,Desk Lamp,CUST-0361,6,571.77,0.1,50.86,55.9,Spring,2024,2024-05
ORD-00888,2024-05-21,West,Office Supplies,Labels,Shipping Labels,CUST-0670,4,44.81,0.05,10.45,32.8,Spring,2024,2024-05
ORD-01115,2024-05-22,East,Office Supplies,Binders,Premium Binder,CUST-0209,7,534.8,0.2,24.51,43.5,Spring,2024,2024-05
ORD-00052,2024-05-22,East,Furniture,Bookcases,Wood Bookcase,CUST-0239,5,1622.71,0.1,80.47,100.2,Spring,2024,2024-05
ORD-00543,2024-05-22,North,Furniture,Chairs,Conference Chair,CUST-0694,3,238.16,0.05,32.64,51.7,Spring,2024,2024-05
ORD-02466,2024-05-22,West,Furniture,Bookcases,Metal Bookcase,CUST-0635,8,843.95,0.05,7.68,63.1,Spring,2024,2024-05
ORD-01770,2024-05-23,North,Office Supplies,Paper,Premium Paper,CUST-0283,4,304.03,0.15,48.44,31.4,Spring,2024,2024-05
ORD-00993,2024-05-23,South,Technology,Accessories,Mouse,CUST-0484,4,1255.01,0.05,182.75,57.2,Spring,2024,2024-05
ORD-00398,2024-05-23,West,Office Supplies,Art,Marker Set,CUST-0492,2,32.18,0.2,1.89,34.7,Spring,2024,2024-05
ORD-01787,2024-05-24,East,Furniture,Tables,Computer Table,CUST-0616,1,300.39,0.1,7.11,63.1,Spring,2024,2024-05
ORD-00838,2024-05-24,South,Technology,Phones,Smartphone,CUST-0683,4,1803.75,0.15,220.96,51.8,Spring,2024,2024-05
ORD-02094,2024-05-24,North,Office Supplies,Art,Marker Set,CUST-0218,3,172.44,0.1,29.61,46.2,Spring,2024,2024-05
ORD-01704,2024-05-25,West,Furniture,Tables,Computer Table,CUST-0677,3,656.48,0.1,10.3,60.8,Spring,2024,2024-05
ORD-00102,2024-05-26,West,Furniture,Chairs,Ergonomic Chair,CUST-0678,5,1198.28,0.0,141.44,42.7,Spring,2024,2024-05
ORD-00426,2024-05-26,West,Office Supplies,Art,Marker Set,CUST-0253,2,27.04,0.1,4.02,56.0,Spring,2024,2024-05
ORD-01085,2024-05-26,South,Office Supplies,Binders,Premium Binder,CUST-0436,6,207.06,0.1,35.73,32.2,Spring,2024,2024-05
ORD-00009,2024-05-27,East,Technology,Accessories,Headset,CUST-0676,2,908.02,0.2,69.91,49.9,Spring,2024,2024-05
ORD-01364,2024-05-27,West,Technology,Machines,Scanner,CUST-0374,5,1769.12,0.2,120.33,62.0,Spring,2024,2024-05
ORD-00653,2024-05-27,West,Furniture,Chairs,Task Chair,CUST-0708,5,1163.48,0.05,123.2,65.5,Spring,2024,2024-05
ORD-00224,2024-05-27,South,Furniture,Bookcases,Wood Bookcase,CUST-0030,5,1139.87,0.05,67.55,77.3,Spring,2024,2024-05
ORD-00664,2024-05-27,East,Furniture,Bookcases,Metal Bookcase,CUST-0688,1,249.49,0.05,14.32,65.7,Spring,2024,2024-05
ORD-01796,2024-05-27,West,Furniture,Furnishings,Desk Lamp,CUST-0301,5,797.65,0.15,80.27,51.7,Spring,2024,2024-05
ORD-00872,2024-05-27,North,Technology,Accessories,Mouse,CUST-0492,2,1193.33,0.0,218.03,26.0,Spring,2024,2024-05
ORD-02349,2024-05-27,West,Office Supplies,Binders,Premium Binder,CUST-0655,1,57.56,0.0,12.86,32.7,Spring,2024,2024-05
ORD-00339,2024-05-28,South,Furniture,Bookcases,Metal Bookcase,CUST-0755,4,910.51,0.15,15.13,53.0,Spring,2024,2024-05
ORD-02116,2024-05-28,South,Office Supplies,Art,Drawing Pad,CUST-0090,3,32.8,0.05,6.66,30.1,Spring,2024,2024-05
ORD-01740,2024-05-29,East,Technology,Machines,Printer,CUST-0427,2,390.61,0.1,55.32,49.3,Spring,2024,2024-05
ORD-02496,2024-05-30,East,Furniture,Bookcases,Metal Bookcase,CUST-0401,4,1153.15,0.2,-19.04,51.3,Spring,2024,2024-05
ORD-01872,2024-05-31,South,Office Supplies,Storage,Drawer Unit,CUST-0014,6,167.5,0.15,20.26,25.6,Spring,2024,2024-05
ORD-02474,2024-05-31,South,Furniture,Tables,Office Table,CUST-0420,3,767.85,0.15,31.82,94.2,Spring,2024,2024-05
ORD-01474,2024-05-31,South,Furniture,Bookcases,Wood Bookcase,CUST-0384,6,2312.75,0.05,83.81,59.7,Spring,2024,2024-05
ORD-01940,2024-05-31,South,Technology,Phones,Smartphone,CUST-0322,8,1900.39,0.1,265.93,57.5,Spring,2024,2024-05
ORD-00735,2024-06-01,East,Technology,Phones,Business Phone,CUST-0726,8,1376.26,0.05,227.04,44.5,Summer,2024,2024-06
ORD-02360,2024-06-01,North,Office Supplies,Labels,Shipping Labels,CUST-0306,5,354.49,0.15,49.85,53.7,Summer,2024,2024-06
ORD-01072,2024-06-01,North,Furniture,Bookcases,Metal Bookcase,CUST-0237,8,998.26,0.25,-19.97,86.7,Summer,2024,2024-06
ORD-02277,2024-06-02,North,Furniture,Tables,Meeting Table,CUST-0372,8,2136.95,0.05,42.76,73.3,Summer,2024,2024-06
ORD-01745,2024-06-02,East,Technology,Accessories,Headset,CUST-0461,1,398.56,0.05,66.45,28.9,Summer,2024,2024-06
ORD-01989,2024-06-02,South,Technology,Phones,Smartphone,CUST-0618,1,564.66,0.15,61.17,34.9,Summer,2024,2024-06
ORD-01988,2024-06-03,South,Office Supplies,Labels,Address Labels,CUST-0224,5,136.63,0.05,18.43,8.8,Summer,2024,2024-06
ORD-01710,2024-06-04,West,Furniture,Tables,Meeting Table,CUST-0326,4,580.38,0.0,37.42,46.9,Summer,2024,2024-06
ORD-02444,2024-06-04,East,Office Supplies,Labels,Address Labels,CUST-0711,8,605.07,0.0,158.46,50.0,Summer,2024,2024-06
ORD-02470,2024-06-05,South,Office Supplies,Paper,Copy Paper,CUST-0419,4,160.94,0.15,17.57,30.1,Summer,2024,2024-06
ORD-00142,2024-06-05,West,Office Supplies,Paper,Premium Paper,CUST-0386,7,194.36,0.15,25.83,28.3,Summer,2024,2024-06
ORD-01395,2024-06-06,South,Office Supplies,Labels,Address Labels,CUST-0153,3,105.94,0.15,11.23,8.2,Summer,2024,2024-06
ORD-02462,2024-06-06,West,Technology,Machines,Scanner,CUST-0161,8,4913.53,0.0,862.59,65.9,Summer,2024,2024-06
ORD-01582,2024-06-07,South,Technology,Machines,Scanner,CUST-0563,2,1371.53,0.0,219.82,34.6,Summer,2024,2024-06
ORD-02194,2024-06-08,South,Technology,Accessories,Mouse,CUST-0623,7,1085.68,0.15,128.42,42.2,Summer,2024,2024-06
ORD-00964,2024-06-08,South,Technology,Machines,Printer,CUST-0169,8,3956.51,0.25,55.47,49.3,Summer,2024,2024-06
ORD-01355,2024-06-09,North,Technology,Machines,Scanner,CUST-0296,5,1603.68,0.25,43.08,51.2,Summer,2024,2024-06
ORD-02358,2024-06-09,North,Furniture,Bookcases,Metal Bookcase,CUST-0743,1,277.23,0.05,16.95,76.6,Summer,2024,2024-06
ORD-00903,2024-06-09,West,Furniture,Tables,Meeting Table,CUST-0061,4,1004.09,0.05,15.58,54.5,Summer,2024,2024-06
ORD-02394,2024-06-10,North,Office Supplies,Art,Drawing Pad,CUST-0675,5,410.27,0.0,79.9,26.9,Summer,2024,2024-06
ORD-01839,2024-06-11,East,Office Supplies,Storage,Drawer Unit,CUST-0053,5,457.29,0.05,103.03,36.3,Summer,2024,2024-06
ORD-02299,2024-06-11,North,Furniture,Chairs,Conference Chair,CUST-0507,7,2292.29,0.1,104.16,84.7,Summer,2024,2024-06
ORD-01257,2024-06-11,West,Technology,Machines,Printer,CUST-0478,6,1906.38,0.0,376.55,46.4,Summer,2024,2024-06
ORD-02241,2024-06-12,East,Furniture,Tables,Computer Table,CUST-0347,5,1351.85,0.05,102.74,84.1,Summer,2024,2024-06
ORD-00363,2024-06-12,West,Technology,Machines,Printer,CUST-0665,7,1310.42,0.0,254.7,46.3,Summer,2024,2024-06
ORD-00976,2024-06-13,South,Office Supplies,Storage,Drawer Unit,CUST-0725,6,401.18,0.0,76.59,25.0,Summer,2024,2024-06
ORD-02315,2024-06-14,West,Office Supplies,Art,Marker Set,CUST-0559,7,271.39,0.1,47.33,44.1,Summer,2024,2024-06
ORD-00078,2024-06-14,East,Office Supplies,Paper,Premium Paper,CUST-0637,4,281.61,0.05,49.88,45.0,Summer,2024,2024-06
ORD-00032,2024-06-15,South,Technology,Copiers,Office Copier,CUST-0356,4,336.91,0.25,7.05,55.0,Summer,2024,2024-06
ORD-01512,2024-06-15,West,Office Supplies,Storage,File Storage Box,CUST-0727,5,143.04,0.0,31.19,39.4,Summer,2024,2024-06
ORD-00567,2024-06-15,West,Technology,Copiers,Office Copier,CUST-0202,3,1647.25,0.1,177.01,44.4,Summer,2024,2024-06
ORD-01503,2024-06-16,West,Furniture,Chairs,Ergonomic Chair,CUST-0798,5,1667.74,0.1,139.72,60.3,Summer,2024,2024-06
ORD-00412,2024-06-16,East,Furniture,Bookcases,Wood Bookcase,CUST-0493,3,365.99,0.25,-32.19,67.8,Summer,2024,2024-06
ORD-01479,2024-06-17,South,Furniture,Bookcases,Metal Bookcase,CUST-0314,1,336.72,0.0,43.89,83.5,Summer,2024,2024-06
ORD-00326,2024-06-17,North,Office Supplies,Storage,Drawer Unit,CUST-0548,3,106.3,0.05,21.03,17.1,Summer,2024,2024-06
ORD-01545,2024-06-17,West,Technology,Copiers,Office Copier,CUST-0568,6,1388.33,0.0,270.88,37.9,Summer,2024,2024-06
ORD-01656,2024-06-18,East,Technology,Copiers,Office Copier,CUST-0216,1,115.7,0.0,21.14,53.1,Summer,2024,2024-06
ORD-01112,2024-06-19,North,Technology,Copiers,Office Copier,CUST-0707,2,446.03,0.05,63.63,34.4,Summer,2024,2024-06
ORD-02175,2024-06-19,North,Office Supplies,Labels,Shipping Labels,CUST-0738,6,156.9,0.15,18.63,24.5,Summer,2024,2024-06
ORD-01291,2024-06-19,East,Furniture,Chairs,Task Chair,CUST-0435,5,1697.29,0.0,283.48,61.0,Summer,2024,2024-06
ORD-00486,2024-06-19,West,Furniture,Furnishings,Desk Lamp,CUST-0361,6,2398.43,0.0,389.72,37.1,Summer,2024,2024-06
ORD-01877,2024-06-19,East,Technology,Accessories,Headset,CUST-0403,6,2024.61,0.0,424.34,54.6,Summer,2024,2024-06
ORD-00626,2024-06-19,West,Furniture,Chairs,Task Chair,CUST-0722,1,295.01,0.0,41.86,44.5,Summer,2024,2024-06
ORD-01817,2024-06-20,South,Office Supplies,Storage,Drawer Unit,CUST-0274,2,17.5,0.05,3.76,25.1,Summer,2024,2024-06
ORD-02209,2024-06-20,North,Office Supplies,Binders,Ring Binder,CUST-0423,6,400.6,0.05,96.12,5.0,Summer,2024,2024-06
ORD-01386,2024-06-20,South,Office Supplies,Storage,File Storage Box,CUST-0783,5,445.13,0.0,97.77,35.0,Summer,2024,2024-06
ORD-00148,2024-06-20,West,Office Supplies,Binders,Ring Binder,CUST-0723,8,365.0,0.15,56.24,54.0,Summer,2024,2024-06
ORD-02293,2024-06-20,West,Technology,Accessories,Keyboard,CUST-0197,4,670.53,0.0,150.43,27.3,Summer,2024,2024-06
ORD-01288,2024-06-20,South,Furniture,Chairs,Task Chair,CUST-0251,6,566.79,0.15,55.11,45.9,Summer,2024,2024-06
ORD-00327,2024-06-21,West,Office Supplies,Storage,Drawer Unit,CUST-0734,7,301.32,0.05,66.53,60.1,Summer,2024,2024-06
ORD-01609,2024-06-21,West,Office Supplies,Binders,Premium Binder,CUST-0538,3,157.13,0.15,19.74,39.0,Summer,2024,2024-06
ORD-00719,2024-06-21,South,Technology,Accessories,Keyboard,CUST-0314,1,461.7,0.15,46.04,29.0,Summer,2024,2024-06
ORD-00637,2024-06-21,North,Office Supplies,Art,Marker Set,CUST-0773,6,82.18,0.05,16.37,54.3,Summer,2024,2024-06
ORD-00510,2024-06-22,West,Furniture,Furnishings,Wall Clock,CUST-0500,8,1889.87,0.05,214.62,81.8,Summer,2024,2024-06
ORD-00566,2024-06-22,East,Office Supplies,Art,Marker Set,CUST-0226,6,217.98,0.15,23.52,50.2,Summer,2024,2024-06
ORD-01308,2024-06-22,South,Office Supplies,Paper,Premium Paper,CUST-0482,2,138.99,0.0,32.68,15.1,Summer,2024,2024-06
ORD-01265,2024-06-23,North,Furniture,Tables,Computer Table,CUST-0413,5,693.38,0.0,71.21,51.0,Summer,2024,2024-06
ORD-00854,2024-06-23,West,Office Supplies,Storage,Drawer Unit,CUST-0016,3,171.11,0.2,23.74,18.0,Summer,2024,2024-06
ORD-00189,2024-06-23,West,Office Supplies,Storage,File Storage Box,CUST-0055,2,155.82,0.0,34.15,43.2,Summer,2024,2024-06
ORD-00097,2024-06-24,South,Technology,Copiers,Office Copier,CUST-0095,3,1175.52,0.2,55.79,30.0,Summer,2024,2024-06
ORD-01047,2024-06-24,West,Furniture,Furnishings,Desk Lamp,CUST-0631,1,331.25,0.1,39.99,50.0,Summer,2024,2024-06
ORD-00593,2024-06-24,North,Office Supplies,Labels,Address Labels,CUST-0486,8,122.45,0.2,9.18,53.6,Summer,2024,2024-06
ORD-02182,2024-06-24,East,Furniture,Bookcases,Metal Bookcase,CUST-0670,1,188.09,0.0,11.78,45.5,Summer,2024,2024-06
ORD-01402,2024-06-25,South,Furniture,Bookcases,Metal Bookcase,CUST-0492,8,3043.25,0.05,200.3,81.0,Summer,2024,2024-06
ORD-00832,2024-06-25,North,Technology,Machines,Printer,CUST-0454,1,239.97,0.15,19.89,41.8,Summer,2024,2024-06
ORD-01251,2024-06-25,North,Furniture,Tables,Meeting Table,CUST-0535,7,552.81,0.1,20.22,64.3,Summer,2024,2024-06
ORD-01542,2024-06-25,North,Office Supplies,Labels,Address Labels,CUST-0475,5,250.33,0.0,60.05,48.1,Summer,2024,2024-06
ORD-00384,2024-06-25,East,Office Supplies,Labels,Address Labels,CUST-0438,1,37.64,0.15,3.9,20.8,Summer,2024,2024-06
ORD-01506,2024-06-26,West,Technology,Machines,Printer,CUST-0528,8,2196.41,0.0,430.05,45.0,Summer,2024,2024-06
ORD-01107,2024-06-27,South,Office Supplies,Labels,Shipping Labels,CUST-0721,1,30.57,0.1,5.33,18.6,Summer,2024,2024-06
ORD-01709,2024-06-27,North,Furniture,Furnishings,Desk Organizer,CUST-0189,3,693.34,0.15,37.3,50.2,Summer,2024,2024-06
ORD-02162,2024-06-27,North,Furniture,Chairs,Ergonomic Chair,CUST-0274,1,407.98,0.05,58.36,45.1,Summer,2024,2024-06
ORD-01124,2024-06-27,South,Office Supplies,Paper,Premium Paper,CUST-0102,7,119.8,0.15,16.14,27.7,Summer,2024,2024-06
ORD-01811,2024-06-27,East,Technology,Phones,Smartphone,CUST-0722,3,1343.15,0.25,72.55,52.9,Summer,2024,2024-06
ORD-02253,2024-06-27,North,Office Supplies,Binders,Premium Binder,CUST-0112,1,41.85,0.1,6.81,21.3,Summer,2024,2024-06
ORD-01906,2024-06-27,South,Furniture,Chairs,Conference Chair,CUST-0382,3,951.04,0.2,30.82,57.8,Summer,2024,2024-06
ORD-01786,2024-06-27,East,Technology,Copiers,Office Copier,CUST-0539,6,2518.39,0.15,271.85,62.4,Summer,2024,2024-06
ORD-00315,2024-06-27,West,Furniture,Chairs,Ergonomic Chair,CUST-0456,2,809.18,0.0,110.48,42.6,Summer,2024,2024-06
ORD-02487,2024-06-27,South,Office Supplies,Binders,Ring Binder,CUST-0046,1,78.35,0.1,14.09,14.9,Summer,2024,2024-06
ORD-01013,2024-06-28,South,Technology,Accessories,Headset,CUST-0036,5,1299.95,0.2,60.23,63.2,Summer,2024,2024-06
ORD-00831,2024-06-28,South,Office Supplies,Art,Drawing Pad,CUST-0565,4,121.51,0.0,29.83,31.8,Summer,2024,2024-06
ORD-01454,2024-06-28,West,Office Supplies,Labels,Shipping Labels,CUST-0480,4,253.38,0.0,63.35,18.9,Summer,2024,2024-06
ORD-00857,2024-06-28,East,Technology,Machines,Printer,CUST-0396,4,1728.58,0.0,320.88,48.2,Summer,2024,2024-06
ORD-00119,2024-06-28,North,Office Supplies,Binders,Ring Binder,CUST-0009,1,59.92,0.0,15.04,19.1,Summer,2024,2024-06
ORD-01892,2024-06-28,North,Technology,Copiers,Office Copier,CUST-0713,1,252.57,0.1,32.85,47.0,Summer,2024,2024-06
ORD-00989,2024-06-29,South,Furniture,Furnishings,Wall Clock,CUST-0089,8,1623.4,0.1,148.2,45.4,Summer,2024,2024-06
ORD-01515,2024-06-29,North,Office Supplies,Binders,Premium Binder,CUST-0773,5,366.04,0.15,59.87,43.8,Summer,2024,2024-06
ORD-02100,2024-06-29,South,Technology,Machines,Scanner,CUST-0663,2,222.24,0.1,11.9,5.0,Summer,2024,2024-06
ORD-00925,2024-06-30,South,Office Supplies,Labels,Address Labels,CUST-0499,6,157.61,0.1,24.73,14.5,Summer,2024,2024-06
ORD-01904,2024-06-30,North,Office Supplies,Paper,Premium Paper,CUST-0687,6,98.86,0.2,12.1,34.5,Summer,2024,2024-06
ORD-01563,2024-06-30,East,Office Supplies,Art,Marker Set,CUST-0087,3,115.5,0.15,16.12,35.8,Summer,2024,2024-06
ORD-00508,2024-06-30,West,Office Supplies,Labels,Shipping Labels,CUST-0359,4,160.0,0.05,22.82,46.2,Summer,2024,2024-06
ORD-00617,2024-07-01,West,Office Supplies,Storage,Drawer Unit,CUST-0226,4,368.59,0.1,48.78,40.0,Summer,2024,2024-07
ORD-02237,2024-07-01,East,Furniture,Tables,Office Table,CUST-0602,4,483.03,0.0,41.23,50.2,Summer,2024,2024-07
ORD-00568,2024-07-01,South,Technology,Phones,Business Phone,CUST-0284,2,708.65,0.15,72.84,43.6,Summer,2024,2024-07
ORD-01413,2024-07-02,South,Furniture,Tables,Computer Table,CUST-0720,7,2166.97,0.15,-74.15,83.8,Summer,2024,2024-07
ORD-00483,2024-07-02,West,Technology,Machines,Printer,CUST-0504,1,152.59,0.05,29.48,24.8,Summer,2024,2024-07
ORD-01818,2024-07-03,North,Furniture,Chairs,Ergonomic Chair,CUST-0425,7,1488.08,0.15,114.61,53.6,Summer,2024,2024-07
ORD-02399,2024-07-03,North,Technology,Accessories,Mouse,CUST-0634,2,676.61,0.0,167.68,51.5,Summer,2024,2024-07
ORD-01942,2024-07-04,North,Furniture,Chairs,Task Chair,CUST-0122,3,372.48,0.0,48.8,37.6,Summer,2024,2024-07
ORD-00696,2024-07-04,West,Office Supplies,Paper,Premium Paper,CUST-0448,6,419.24,0.0,92.03,35.8,Summer,2024,2024-07
ORD-01660,2024-07-04,East,Technology,Copiers,Office Copier,CUST-0591,2,872.63,0.0,166.72,56.9,Summer,2024,2024-07
ORD-01562,2024-07-04,West,Furniture,Chairs,Ergonomic Chair,CUST-0398,1,216.69,0.0,31.2,31.5,Summer,2024,2024-07
ORD-01852,2024-07-04,North,Furniture,Chairs,Ergonomic Chair,CUST-0555,2,587.7,0.15,24.57,58.1,Summer,2024,2024-07
ORD-00919,2024-07-05,South,Technology,Accessories,Keyboard,CUST-0264,4,2066.58,0.05,362.69,52.0,Summer,2024,2024-07
ORD-02126,2024-07-05,South,Office Supplies,Storage,Drawer Unit,CUST-0192,6,427.88,0.2,42.35,16.8,Summer,2024,2024-07
ORD-01425,2024-07-05,East,Furniture,Furnishings,Wall Clock,CUST-0201,2,771.33,0.1,66.77,56.1,Summer,2024,2024-07
ORD-01307,2024-07-05,North,Office Supplies,Labels,Shipping Labels,CUST-0488,6,506.37,0.15,102.55,32.2,Summer,2024,2024-07
ORD-00346,2024-07-06,East,Office Supplies,Art,Marker Set,CUST-0137,4,37.05,0.1,7.34,32.2,Summer,2024,2024-07
ORD-02346,2024-07-07,West,Office Supplies,Paper,Copy Paper,CUST-0216,4,117.23,0.1,21.63,7.8,Summer,2024,2024-07
ORD-02079,2024-07-07,East,Office Supplies,Labels,Shipping Labels,CUST-0349,6,451.35,0.25,49.98,12.7,Summer,2024,2024-07
ORD-02188,2024-07-07,South,Office Supplies,Binders,Premium Binder,CUST-0624,2,42.92,0.05,7.11,17.6,Summer,2024,2024-07
ORD-00933,2024-07-07,West,Technology,Machines,Printer,CUST-0122,4,1110.64,0.1,183.76,44.2,Summer,2024,2024-07
ORD-02421,2024-07-08,South,Technology,Machines,Printer,CUST-0404,5,2290.54,0.1,367.57,35.8,Summer,2024,2024-07
ORD-01804,2024-07-08,West,Furniture,Bookcases,Metal Bookcase,CUST-0570,5,994.45,0.2,-30.88,66.9,Summer,2024,2024-07
ORD-01179,2024-07-08,East,Office Supplies,Labels,Address Labels,CUST-0424,1,92.0,0.05,14.79,37.5,Summer,2024,2024-07
ORD-00211,2024-07-09,West,Office Supplies,Labels,Address Labels,CUST-0664,5,188.98,0.05,41.96,48.9,Summer,2024,2024-07
ORD-02418,2024-07-09,North,Office Supplies,Binders,Premium Binder,CUST-0742,2,43.95,0.0,11.56,26.3,Summer,2024,2024-07
ORD-01502,2024-07-09,West,Furniture,Bookcases,Wood Bookcase,CUST-0481,7,1551.65,0.15,-10.41,78.9,Summer,2024,2024-07
ORD-00380,2024-07-10,South,Technology,Machines,Printer,CUST-0654,2,890.0,0.1,108.02,20.3,Summer,2024,2024-07
ORD-01459,2024-07-11,North,Furniture,Chairs,Task Chair,CUST-0629,3,1227.85,0.05,167.79,28.7,Summer,2024,2024-07
ORD-00209,2024-07-11,West,Furniture,Furnishings,Desk Lamp,CUST-0582,2,592.47,0.0,84.85,37.1,Summer,2024,2024-07
ORD-01297,2024-07-11,West,Furniture,Furnishings,Desk Organizer,CUST-0748,5,378.42,0.1,37.09,55.7,Summer,2024,2024-07
ORD-01882,2024-07-12,West,Furniture,Bookcases,Metal Bookcase,CUST-0682,4,788.51,0.25,-77.65,74.8,Summer,2024,2024-07
ORD-01701,2024-07-12,North,Furniture,Furnishings,Wall Clock,CUST-0427,6,2419.71,0.0,448.94,83.0,Summer,2024,2024-07
ORD-02492,2024-07-12,North,Furniture,Bookcases,Wood Bookcase,CUST-0236,6,1012.89,0.0,101.21,64.5,Summer,2024,2024-07
ORD-01621,2024-07-12,East,Furniture,Tables,Office Table,CUST-0256,8,3190.21,0.1,37.8,87.0,Summer,2024,2024-07
ORD-01261,2024-07-13,South,Furniture,Furnishings,Desk Lamp,CUST-0473,5,538.27,0.1,60.66,49.4,Summer,2024,2024-07
ORD-00206,2024-07-13,North,Office Supplies,Art,Marker Set,CUST-0556,4,286.0,0.0,33.52,19.4,Summer,2024,2024-07
ORD-00618,2024-07-13,North,Office Supplies,Labels,Address Labels,CUST-0583,2,28.44,0.1,4.66,19.9,Summer,2024,2024-07
ORD-02301,2024-07-14,West,Office Supplies,Labels,Shipping Labels,CUST-0089,2,43.86,0.0,10.14,25.4,Summer,2024,2024-07
ORD-01429,2024-07-14,West,Office Supplies,Art,Marker Set,CUST-0097,6,265.73,0.15,32.9,25.8,Summer,2024,2024-07
ORD-00292,2024-07-14,North,Technology,Copiers,Office Copier,CUST-0487,5,2964.01,0.15,360.49,51.6,Summer,2024,2024-07
ORD-01673,2024-07-14,North,Technology,Phones,Smartphone,CUST-0385,3,1876.03,0.0,358.75,42.2,Summer,2024,2024-07
ORD-02333,2024-07-15,South,Office Supplies,Storage,Drawer Unit,CUST-0185,4,96.48,0.15,8.71,35.0,Summer,2024,2024-07
ORD-00509,2024-07-15,West,Technology,Copiers,Office Copier,CUST-0571,8,3826.03,0.05,724.38,58.6,Summer,2024,2024-07
ORD-01123,2024-07-15,South,Office Supplies,Art,Drawing Pad,CUST-0699,1,92.67,0.05,17.6,33.6,Summer,2024,2024-07
ORD-01011,2024-07-15,East,Office Supplies,Labels,Address Labels,CUST-0511,6,253.36,0.1,39.35,52.9,Summer,2024,2024-07
ORD-02430,2024-07-16,North,Office Supplies,Labels,Address Labels,CUST-0437,5,335.92,0.1,63.85,44.1,Summer,2024,2024-07
ORD-00744,2024-07-16,North,Furniture,Tables,Meeting Table,CUST-0232,5,551.78,0.1,14.74,72.3,Summer,2024,2024-07
ORD-00890,2024-07-16,West,Furniture,Tables,Meeting Table,CUST-0110,6,513.56,0.0,51.84,68.4,Summer,2024,2024-07
ORD-02238,2024-07-16,West,Office Supplies,Labels,Address Labels,CUST-0177,3,79.82,0.1,8.47,45.4,Summer,2024,2024-07
ORD-00779,2024-07-17,East,Furniture,Chairs,Task Chair,CUST-0019,2,606.55,0.15,33.47,53.7,Summer,2024,2024-07
ORD-00216,2024-07-18,East,Furniture,Furnishings,Wall Clock,CUST-0313,7,1414.24,0.0,282.54,48.4,Summer,2024,2024-07
ORD-01640,2024-07-18,North,Technology,Machines,Scanner,CUST-0491,6,2305.21,0.25,56.41,49.3,Summer,2024,2024-07
ORD-01491,2024-07-19,North,Furniture,Chairs,Conference Chair,CUST-0285,2,436.44,0.1,33.89,41.2,Summer,2024,2024-07
ORD-00505,2024-07-19,South,Technology,Accessories,Headset,CUST-0399,8,2177.53,0.0,351.75,46.1,Summer,2024,2024-07
ORD-01322,2024-07-19,East,Office Supplies,Art,Drawing Pad,CUST-0409,5,88.51,0.0,17.86,29.9,Summer,2024,2024-07
ORD-02106,2024-07-20,South,Technology,Copiers,Office Copier,CUST-0702,1,634.45,0.1,90.48,41.1,Summer,2024,2024-07
ORD-00281,2024-07-20,South,Office Supplies,Storage,Drawer Unit,CUST-0272,4,286.5,0.0,65.82,19.4,Summer,2024,2024-07
ORD-00039,2024-07-21,South,Office Supplies,Binders,Premium Binder,CUST-0035,3,201.33,0.15,21.18,22.9,Summer,2024,2024-07
ORD-00111,2024-07-21,East,Office Supplies,Labels,Shipping Labels,CUST-0453,5,75.34,0.1,12.89,14.7,Summer,2024,2024-07
ORD-00143,2024-07-21,North,Office Supplies,Paper,Premium Paper,CUST-0268,7,468.5,0.0,94.88,27.7,Summer,2024,2024-07
ORD-01192,2024-07-22,North,Furniture,Chairs,Conference Chair,CUST-0227,2,918.2,0.0,148.51,64.6,Summer,2024,2024-07
ORD-01794,2024-07-22,South,Office Supplies,Paper,Premium Paper,CUST-0196,4,407.69,0.0,99.39,20.7,Summer,2024,2024-07
ORD-02045,2024-07-22,South,Technology,Accessories,Mouse,CUST-0682,3,1065.93,0.0,254.11,27.7,Summer,2024,2024-07
ORD-00950,2024-07-22,East,Technology,Accessories,Mouse,CUST-0746,6,1706.74,0.2,96.47,55.6,Summer,2024,2024-07
ORD-00413,2024-07-23,West,Technology,Machines,Printer,CUST-0601,5,845.42,0.05,170.62,42.5,Summer,2024,2024-07
ORD-00314,2024-07-24,West,Office Supplies,Labels,Shipping Labels,CUST-0141,8,111.22,0.15,15.39,9.1,Summer,2024,2024-07
ORD-02000,2024-07-24,South,Technology,Machines,Scanner,CUST-0331,3,1381.97,0.1,163.45,36.9,Summer,2024,2024-07
ORD-00152,2024-07-24,North,Technology,Phones,Smartphone,CUST-0048,4,1656.12,0.25,44.83,40.5,Summer,2024,2024-07
ORD-01999,2024-07-24,West,Technology,Copiers,Office Copier,CUST-0157,5,1199.8,0.15,140.06,35.3,Summer,2024,2024-07
ORD-00399,2024-07-24,West,Office Supplies,Paper,Copy Paper,CUST-0340,6,254.02,0.05,46.19,39.7,Summer,2024,2024-07
ORD-01028,2024-07-24,North,Furniture,Bookcases,Wood Bookcase,CUST-0423,2,393.82,0.25,-34.1,65.7,Summer,2024,2024-07
ORD-02311,2024-07-24,East,Office Supplies,Labels,Address Labels,CUST-0430,2,149.02,0.1,25.51,15.2,Summer,2024,2024-07
ORD-02111,2024-07-24,South,Office Supplies,Labels,Address Labels,CUST-0025,1,53.01,0.2,5.67,11.5,Summer,2024,2024-07
ORD-01551,2024-07-24,West,Office Supplies,Paper,Copy Paper,CUST-0220,2,172.11,0.0,37.11,5.0,Summer,2024,2024-07
ORD-02109,2024-07-24,East,Office Supplies,Paper,Premium Paper,CUST-0573,5,422.82,0.0,106.46,33.7,Summer,2024,2024-07
ORD-01917,2024-07-25,North,Furniture,Furnishings,Desk Organizer,CUST-0444,3,1359.84,0.0,288.15,53.5,Summer,2024,2024-07
ORD-00573,2024-07-25,East,Office Supplies,Storage,Drawer Unit,CUST-0406,3,126.26,0.15,16.4,26.3,Summer,2024,2024-07
ORD-01410,2024-07-26,North,Office Supplies,Art,Drawing Pad,CUST-0325,7,462.3,0.0,109.99,51.8,Summer,2024,2024-07
ORD-02110,2024-07-26,East,Furniture,Bookcases,Metal Bookcase,CUST-0618,6,2311.57,0.15,8.92,63.5,Summer,2024,2024-07
ORD-00814,2024-07-26,North,Technology,Machines,Scanner,CUST-0195,1,596.81,0.1,101.08,51.6,Summer,2024,2024-07
ORD-01382,2024-07-26,South,Furniture,Bookcases,Metal Bookcase,CUST-0495,1,334.75,0.0,20.73,66.9,Summer,2024,2024-07
ORD-01209,2024-07-27,South,Office Supplies,Paper,Copy Paper,CUST-0409,1,20.24,0.05,4.52,35.3,Summer,2024,2024-07
ORD-00299,2024-07-27,South,Office Supplies,Storage,Drawer Unit,CUST-0579,1,88.45,0.1,11.37,25.2,Summer,2024,2024-07
ORD-00534,2024-07-27,North,Furniture,Bookcases,Metal Bookcase,CUST-0502,4,1148.02,0.2,-21.29,48.3,Summer,2024,2024-07
ORD-01993,2024-07-28,West,Technology,Phones,Business Phone,CUST-0359,6,1207.37,0.0,244.23,65.3,Summer,2024,2024-07
ORD-02219,2024-07-28,South,Office Supplies,Paper,Premium Paper,CUST-0195,2,132.11,0.0,31.26,5.0,Summer,2024,2024-07
ORD-02193,2024-07-28,North,Furniture,Chairs,Task Chair,CUST-0067,6,2055.05,0.25,-52.98,61.7,Summer,2024,2024-07
ORD-00450,2024-07-28,West,Furniture,Chairs,Ergonomic Chair,CUST-0122,8,2460.14,0.1,220.43,72.1,Summer,2024,2024-07
ORD-00660,2024-07-29,West,Furniture,Furnishings,Desk Lamp,CUST-0448,7,2039.57,0.15,109.51,58.7,Summer,2024,2024-07
ORD-01230,2024-07-29,West,Technology,Machines,Scanner,CUST-0729,7,2522.55,0.15,355.76,45.1,Summer,2024,2024-07
ORD-00855,2024-07-29,East,Office Supplies,Labels,Shipping Labels,CUST-0524,7,567.07,0.15,56.57,41.4,Summer,2024,2024-07
ORD-02419,2024-07-29,South,Office Supplies,Paper,Premium Paper,CUST-0269,5,263.95,0.2,32.7,38.3,Summer,2024,2024-07
ORD-00096,2024-07-29,East,Office Supplies,Art,Drawing Pad,CUST-0758,8,79.08,0.0,18.5,35.7,Summer,2024,2024-07
ORD-00481,2024-07-29,West,Technology,Accessories,Mouse,CUST-0659,6,1501.13,0.0,283.71,58.4,Summer,2024,2024-07
ORD-01483,2024-07-30,East,Office Supplies,Binders,Ring Binder,CUST-0454,5,417.89,0.2,20.13,59.3,Summer,2024,2024-07
ORD-02229,2024-07-30,West,Furniture,Tables,Office Table,CUST-0119,5,1628.59,0.0,149.14,58.2,Summer,2024,2024-07
ORD-02041,2024-07-30,South,Technology,Accessories,Mouse,CUST-0713,1,122.56,0.2,2.69,32.7,Summer,2024,2024-07
ORD-00495,2024-07-30,East,Office Supplies,Paper,Copy Paper,CUST-0743,4,278.16,0.0,61.02,26.8,Summer,2024,2024-07
ORD-02398,2024-07-30,South,Office Supplies,Storage,Drawer Unit,CUST-0167,8,679.17,0.1,120.79,28.4,Summer,2024,2024-07
ORD-00841,2024-07-30,South,Furniture,Chairs,Ergonomic Chair,CUST-0589,5,1998.68,0.05,256.01,59.5,Summer,2024,2024-07
ORD-02186,2024-07-30,East,Office Supplies,Labels,Address Labels,CUST-0573,4,261.49,0.15,39.27,36.3,Summer,2024,2024-07
ORD-01561,2024-07-31,North,Office Supplies,Labels,Shipping Labels,CUST-0296,1,62.18,0.0,13.05,42.7,Summer,2024,2024-07
ORD-00342,2024-07-31,North,Technology,Accessories,Mouse,CUST-0409,3,225.14,0.05,34.26,57.6,Summer,2024,2024-07
ORD-02197,2024-07-31,East,Furniture,Bookcases,Wood Bookcase,CUST-0488,7,2459.21,0.0,260.22,57.5,Summer,2024,2024-07
ORD-01114,2024-08-01,West,Technology,Machines,Scanner,CUST-0789,1,498.53,0.15,66.71,45.3,Summer,2024,2024-08
ORD-00154,2024-08-02,South,Office Supplies,Labels,Address Labels,CUST-0116,2,68.53,0.15,11.47,40.7,Summer,2024,2024-08
ORD-01451,2024-08-02,East,Furniture,Furnishings,Desk Lamp,CUST-0712,4,992.65,0.05,108.1,66.9,Summer,2024,2024-08
ORD-00796,2024-08-03,North,Furniture,Chairs,Ergonomic Chair,CUST-0125,8,2073.0,0.1,184.42,53.2,Summer,2024,2024-08
ORD-01646,2024-08-03,North,Office Supplies,Paper,Premium Paper,CUST-0549,8,342.35,0.0,78.2,11.7,Summer,2024,2024-08
ORD-02255,2024-08-03,East,Furniture,Furnishings,Desk Lamp,CUST-0650,4,655.05,0.0,65.72,70.2,Summer,2024,2024-08
ORD-01820,2024-08-03,South,Technology,Phones,Smartphone,CUST-0181,4,857.86,0.0,164.55,33.5,Summer,2024,2024-08
ORD-00271,2024-08-03,South,Furniture,Chairs,Conference Chair,CUST-0664,7,2298.2,0.05,278.11,65.0,Summer,2024,2024-08
ORD-01862,2024-08-04,South,Office Supplies,Paper,Copy Paper,CUST-0064,8,740.13,0.0,191.36,42.9,Summer,2024,2024-08
ORD-01338,2024-08-04,North,Office Supplies,Paper,Premium Paper,CUST-0107,1,42.44,0.0,10.49,35.5,Summer,2024,2024-08
ORD-01581,2024-08-04,North,Technology,Phones,Business Phone,CUST-0359,1,518.23,0.1,91.2,29.1,Summer,2024,2024-08
ORD-00419,2024-08-04,North,Office Supplies,Binders,Premium Binder,CUST-0747,7,537.68,0.0,131.66,23.8,Summer,2024,2024-08
ORD-01907,2024-08-04,North,Technology,Machines,Scanner,CUST-0633,6,1535.33,0.1,196.17,46.6,Summer,2024,2024-08
ORD-01239,2024-08-05,North,Technology,Machines,Printer,CUST-0305,7,4436.82,0.0,1092.45,73.4,Summer,2024,2024-08
ORD-02273,2024-08-05,North,Furniture,Tables,Computer Table,CUST-0608,1,138.33,0.1,6.52,71.9,Summer,2024,2024-08
ORD-00638,2024-08-05,North,Furniture,Bookcases,Metal Bookcase,CUST-0202,6,1525.28,0.2,-69.25,85.3,Summer,2024,2024-08
ORD-00353,2024-08-06,East,Office Supplies,Paper,Premium Paper,CUST-0624,8,529.36,0.0,98.78,53.5,Summer,2024,2024-08
ORD-01400,2024-08-06,West,Furniture,Furnishings,Wall Clock,CUST-0772,3,209.97,0.25,-1.63,44.6,Summer,2024,2024-08
ORD-00971,2024-08-06,South,Office Supplies,Art,Marker Set,CUST-0356,5,205.85,0.05,40.06,26.7,Summer,2024,2024-08
ORD-01316,2024-08-06,South,Office Supplies,Labels,Address Labels,CUST-0241,6,276.07,0.1,34.84,45.7,Summer,2024,2024-08
ORD-00442,2024-08-07,West,Technology,Accessories,Headset,CUST-0436,2,1135.4,0.0,229.54,60.1,Summer,2024,2024-08
ORD-00263,2024-08-07,East,Technology,Phones,Smartphone,CUST-0600,5,1979.63,0.0,375.55,63.1,Summer,2024,2024-08
ORD-01403,2024-08-07,West,Office Supplies,Art,Drawing Pad,CUST-0787,4,317.71,0.0,69.15,41.8,Summer,2024,2024-08
ORD-01601,2024-08-08,South,Technology,Copiers,Office Copier,CUST-0303,3,650.21,0.0,135.28,64.7,Summer,2024,2024-08
ORD-02467,2024-08-08,West,Office Supplies,Binders,Ring Binder,CUST-0094,3,37.96,0.0,9.01,35.2,Summer,2024,2024-08
ORD-00307,2024-08-08,West,Furniture,Chairs,Conference Chair,CUST-0691,4,795.42,0.05,100.34,41.6,Summer,2024,2024-08
ORD-01476,2024-08-08,West,Office Supplies,Binders,Premium Binder,CUST-0129,4,196.89,0.05,33.72,23.8,Summer,2024,2024-08
ORD-01367,2024-08-08,North,Office Supplies,Paper,Premium Paper,CUST-0659,7,150.69,0.15,21.57,28.5,Summer,2024,2024-08
ORD-00190,2024-08-08,West,Furniture,Tables,Meeting Table,CUST-0677,5,1882.77,0.0,202.92,67.0,Summer,2024,2024-08
ORD-00928,2024-08-08,West,Furniture,Bookcases,Metal Bookcase,CUST-0721,8,808.55,0.1,40.36,97.0,Summer,2024,2024-08
ORD-01823,2024-08-08,West,Office Supplies,Paper,Premium Paper,CUST-0233,8,689.01,0.1,132.5,53.4,Summer,2024,2024-08
ORD-00802,2024-08-08,North,Office Supplies,Art,Marker Set,CUST-0532,7,374.22,0.25,30.77,14.3,Summer,2024,2024-08
ORD-02021,2024-08-09,West,Technology,Copiers,Office Copier,CUST-0745,2,226.4,0.0,49.96,32.5,Summer,2024,2024-08
ORD-02052,2024-08-09,South,Office Supplies,Art,Drawing Pad,CUST-0551,5,175.03,0.0,37.85,40.0,Summer,2024,2024-08
ORD-00952,2024-08-10,West,Office Supplies,Paper,Premium Paper,CUST-0276,2,17.8,0.2,2.23,26.1,Summer,2024,2024-08
ORD-01155,2024-08-10,West,Office Supplies,Art,Drawing Pad,CUST-0780,4,183.59,0.15,23.11,33.2,Summer,2024,2024-08
ORD-00136,2024-08-10,North,Furniture,Bookcases,Wood Bookcase,CUST-0692,7,1115.41,0.25,-89.95,80.2,Summer,2024,2024-08
ORD-02089,2024-08-10,South,Office Supplies,Storage,Drawer Unit,CUST-0458,7,272.09,0.0,53.99,65.3,Summer,2024,2024-08
ORD-01838,2024-08-10,South,Furniture,Bookcases,Wood Bookcase,CUST-0229,2,568.54,0.0,61.93,63.0,Summer,2024,2024-08
ORD-01105,2024-08-11,South,Furniture,Tables,Meeting Table,CUST-0001,8,2626.96,0.1,31.87,81.7,Summer,2024,2024-08
ORD-01391,2024-08-11,East,Office Supplies,Art,Drawing Pad,CUST-0799,8,272.88,0.1,37.52,49.9,Summer,2024,2024-08
ORD-00226,2024-08-11,East,Furniture,Bookcases,Wood Bookcase,CUST-0014,5,1522.08,0.15,-52.33,41.7,Summer,2024,2024-08
ORD-02187,2024-08-11,South,Furniture,Chairs,Ergonomic Chair,CUST-0326,7,1635.16,0.0,242.84,64.9,Summer,2024,2024-08
ORD-01779,2024-08-12,East,Technology,Copiers,Office Copier,CUST-0210,1,522.14,0.1,85.06,30.2,Summer,2024,2024-08
ORD-02127,2024-08-12,North,Office Supplies,Art,Drawing Pad,CUST-0500,7,151.56,0.05,28.32,40.1,Summer,2024,2024-08
ORD-01186,2024-08-12,West,Furniture,Bookcases,Wood Bookcase,CUST-0251,6,2619.6,0.05,185.28,89.9,Summer,2024,2024-08
ORD-00239,2024-08-13,West,Technology,Phones,Smartphone,CUST-0309,2,431.69,0.1,41.88,42.5,Summer,2024,2024-08
ORD-02355,2024-08-13,West,Office Supplies,Storage,File Storage Box,CUST-0214,5,411.57,0.1,66.41,34.5,Summer,2024,2024-08
ORD-02309,2024-08-13,East,Technology,Phones,Smartphone,CUST-0746,1,417.77,0.1,51.47,31.1,Summer,2024,2024-08
ORD-00333,2024-08-14,South,Technology,Phones,Business Phone,CUST-0790,5,1710.82,0.05,361.35,58.1,Summer,2024,2024-08
ORD-00400,2024-08-14,West,Office Supplies,Art,Drawing Pad,CUST-0670,3,148.25,0.15,21.5,29.4,Summer,2024,2024-08
ORD-00526,2024-08-14,East,Furniture,Chairs,Ergonomic Chair,CUST-0456,7,1634.68,0.0,273.56,61.7,Summer,2024,2024-08
ORD-01060,2024-08-15,West,Office Supplies,Art,Drawing Pad,CUST-0335,7,495.29,0.15,88.93,23.8,Summer,2024,2024-08
ORD-00749,2024-08-16,West,Technology,Machines,Scanner,CUST-0651,8,2619.23,0.1,329.87,40.6,Summer,2024,2024-08
ORD-00088,2024-08-16,East,Furniture,Furnishings,Wall Clock,CUST-0001,4,527.03,0.15,31.21,72.4,Summer,2024,2024-08
ORD-01462,2024-08-16,North,Furniture,Furnishings,Desk Lamp,CUST-0139,1,248.35,0.05,31.78,50.7,Summer,2024,2024-08
ORD-01821,2024-08-16,North,Furniture,Furnishings,Desk Lamp,CUST-0415,1,314.75,0.1,21.72,59.3,Summer,2024,2024-08
ORD-01034,2024-08-17,East,Office Supplies,Labels,Address Labels,CUST-0149,3,48.44,0.0,9.36,48.7,Summer,2024,2024-08
ORD-01014,2024-08-17,North,Office Supplies,Art,Marker Set,CUST-0536,4,111.03,0.25,10.58,53.2,Summer,2024,2024-08
ORD-00748,2024-08-17,South,Office Supplies,Storage,File Storage Box,CUST-0676,3,286.63,0.05,60.63,18.9,Summer,2024,2024-08
ORD-00447,2024-08-17,North,Furniture,Bookcases,Wood Bookcase,CUST-0162,8,2357.11,0.1,-21.42,85.9,Summer,2024,2024-08
ORD-00799,2024-08-18,North,Technology,Phones,Smartphone,CUST-0290,4,1294.62,0.1,169.42,36.3,Summer,2024,2024-08
ORD-00309,2024-08-18,East,Office Supplies,Binders,Ring Binder,CUST-0495,1,88.61,0.05,19.32,44.2,Summer,2024,2024-08
ORD-00368,2024-08-18,East,Technology,Copiers,Office Copier,CUST-0182,5,1789.76,0.25,21.11,37.0,Summer,2024,2024-08
ORD-02434,2024-08-18,South,Office Supplies,Paper,Copy Paper,CUST-0552,4,67.12,0.2,7.19,28.6,Summer,2024,2024-08
ORD-00988,2024-08-19,South,Furniture,Chairs,Ergonomic Chair,CUST-0437,8,2268.85,0.0,286.39,73.2,Summer,2024,2024-08
ORD-00968,2024-08-19,West,Office Supplies,Art,Drawing Pad,CUST-0578,2,58.16,0.0,10.83,46.4,Summer,2024,2024-08
ORD-00338,2024-08-19,East,Office Supplies,Labels,Shipping Labels,CUST-0528,3,65.11,0.0,13.69,46.4,Summer,2024,2024-08
ORD-01177,2024-08-19,North,Furniture,Tables,Meeting Table,CUST-0125,7,1524.35,0.05,119.13,69.2,Summer,2024,2024-08
ORD-02167,2024-08-19,East,Technology,Accessories,Mouse,CUST-0486,4,1288.6,0.2,146.56,61.7,Summer,2024,2024-08
ORD-01604,2024-08-19,South,Office Supplies,Paper,Premium Paper,CUST-0387,1,74.5,0.0,19.06,16.3,Summer,2024,2024-08
ORD-01586,2024-08-20,East,Technology,Phones,Smartphone,CUST-0060,8,1909.99,0.05,339.85,60.9,Summer,2024,2024-08
ORD-01576,2024-08-20,West,Furniture,Bookcases,Wood Bookcase,CUST-0386,5,2269.36,0.0,122.72,97.1,Summer,2024,2024-08
ORD-00525,2024-08-20,East,Furniture,Furnishings,Desk Lamp,CUST-0385,7,1126.37,0.1,94.49,66.2,Summer,2024,2024-08
ORD-00554,2024-08-20,East,Office Supplies,Paper,Premium Paper,CUST-0425,5,337.92,0.1,51.92,10.0,Summer,2024,2024-08
ORD-02272,2024-08-20,West,Technology,Copiers,Office Copier,CUST-0349,7,400.24,0.2,43.9,32.0,Summer,2024,2024-08
ORD-01435,2024-08-21,South,Furniture,Furnishings,Wall Clock,CUST-0093,7,2186.98,0.0,365.97,70.3,Summer,2024,2024-08
ORD-01756,2024-08-21,West,Office Supplies,Storage,Drawer Unit,CUST-0677,4,202.54,0.0,51.39,27.8,Summer,2024,2024-08
ORD-02016,2024-08-21,North,Office Supplies,Labels,Shipping Labels,CUST-0420,1,70.65,0.05,14.08,23.2,Summer,2024,2024-08
ORD-01439,2024-08-21,South,Technology,Copiers,Office Copier,CUST-0643,6,1772.32,0.0,382.86,42.5,Summer,2024,2024-08
ORD-01527,2024-08-21,East,Office Supplies,Paper,Copy Paper,CUST-0254,6,387.62,0.2,39.1,51.5,Summer,2024,2024-08
ORD-00403,2024-08-22,South,Office Supplies,Binders,Ring Binder,CUST-0738,6,208.47,0.0,49.47,11.6,Summer,2024,2024-08
ORD-00321,2024-08-22,South,Office Supplies,Storage,File Storage Box,CUST-0732,2,102.01,0.2,6.45,26.0,Summer,2024,2024-08
ORD-00595,2024-08-22,North,Technology,Phones,Smartphone,CUST-0786,6,1354.18,0.25,73.71,37.8,Summer,2024,2024-08
ORD-02130,2024-08-22,West,Furniture,Tables,Meeting Table,CUST-0156,2,739.58,0.15,15.51,61.8,Summer,2024,2024-08
ORD-02484,2024-08-22,East,Furniture,Furnishings,Wall Clock,CUST-0189,6,732.18,0.25,-52.26,34.3,Summer,2024,2024-08
ORD-00167,2024-08-22,East,Office Supplies,Storage,File Storage Box,CUST-0206,4,283.36,0.0,67.48,33.6,Summer,2024,2024-08
ORD-02271,2024-08-22,East,Technology,Phones,Smartphone,CUST-0266,1,401.14,0.1,67.57,41.0,Summer,2024,2024-08
ORD-01504,2024-08-23,North,Technology,Copiers,Office Copier,CUST-0762,6,1793.41,0.1,161.07,60.5,Summer,2024,2024-08
ORD-01950,2024-08-23,West,Furniture,Bookcases,Metal Bookcase,CUST-0034,1,203.92,0.15,-2.88,73.6,Summer,2024,2024-08
ORD-01404,2024-08-23,West,Furniture,Furnishings,Wall Clock,CUST-0403,4,1522.92,0.0,277.33,37.9,Summer,2024,2024-08
ORD-02152,2024-08-23,West,Furniture,Tables,Meeting Table,CUST-0289,1,296.82,0.1,18.46,65.3,Summer,2024,2024-08
ORD-02292,2024-08-23,East,Furniture,Furnishings,Wall Clock,CUST-0760,4,1063.22,0.15,44.43,48.6,Summer,2024,2024-08
ORD-02283,2024-08-24,South,Furniture,Chairs,Task Chair,CUST-0552,5,1488.37,0.1,133.86,61.0,Summer,2024,2024-08
ORD-00607,2024-08-24,North,Technology,Copiers,Office Copier,CUST-0045,5,555.59,0.1,88.18,43.6,Summer,2024,2024-08
ORD-01249,2024-08-25,West,Office Supplies,Binders,Ring Binder,CUST-0426,4,103.03,0.0,23.73,41.1,Summer,2024,2024-08
ORD-01388,2024-08-25,North,Furniture,Bookcases,Metal Bookcase,CUST-0724,7,2712.0,0.0,96.38,81.0,Summer,2024,2024-08
ORD-02083,2024-08-25,North,Office Supplies,Paper,Premium Paper,CUST-0783,4,234.35,0.05,46.07,29.6,Summer,2024,2024-08
ORD-02092,2024-08-26,West,Office Supplies,Labels,Shipping Labels,CUST-0090,3,256.39,0.0,61.84,31.8,Summer,2024,2024-08
ORD-00066,2024-08-26,East,Office Supplies,Paper,Premium Paper,CUST-0030,4,184.8,0.0,49.1,33.0,Summer,2024,2024-08
ORD-02307,2024-08-26,South,Furniture,Bookcases,Metal Bookcase,CUST-0434,7,1108.85,0.25,-67.84,92.0,Summer,2024,2024-08
ORD-00632,2024-08-27,East,Office Supplies,Art,Marker Set,CUST-0255,3,302.36,0.0,65.12,32.2,Summer,2024,2024-08
ORD-02347,2024-08-27,West,Furniture,Bookcases,Wood Bookcase,CUST-0768,1,387.39,0.1,9.48,70.9,Summer,2024,2024-08
ORD-02151,2024-08-27,North,Technology,Machines,Scanner,CUST-0675,6,2101.3,0.05,281.8,34.7,Summer,2024,2024-08
ORD-00646,2024-08-28,North,Office Supplies,Art,Drawing Pad,CUST-0069,6,476.57,0.05,115.29,54.8,Summer,2024,2024-08
ORD-01095,2024-08-28,West,Office Supplies,Labels,Address Labels,CUST-0387,7,554.6,0.0,132.71,21.7,Summer,2024,2024-08
ORD-01915,2024-08-28,East,Furniture,Chairs,Task Chair,CUST-0754,5,345.44,0.15,31.19,58.8,Summer,2024,2024-08
ORD-01514,2024-08-29,South,Technology,Copiers,Office Copier,CUST-0088,3,1735.38,0.0,382.04,28.8,Summer,2024,2024-08
ORD-00077,2024-08-29,South,Furniture,Tables,Meeting Table,CUST-0325,1,405.99,0.0,41.75,57.9,Summer,2024,2024-08
ORD-02069,2024-08-29,North,Office Supplies,Binders,Premium Binder,CUST-0524,4,67.19,0.1,11.27,25.5,Summer,2024,2024-08
ORD-00254,2024-08-29,South,Furniture,Tables,Office Table,CUST-0539,3,766.09,0.0,58.76,66.3,Summer,2024,2024-08
ORD-01777,2024-08-30,South,Office Supplies,Paper,Copy Paper,CUST-0465,6,72.83,0.1,9.91,45.1,Summer,2024,2024-08
ORD-01145,2024-08-30,East,Office Supplies,Paper,Copy Paper,CUST-0490,7,337.04,0.0,80.16,34.4,Summer,2024,2024-08
ORD-00294,2024-08-30,North,Technology,Copiers,Office Copier,CUST-0046,5,604.51,0.15,88.92,34.6,Summer,2024,2024-08
ORD-01494,2024-08-31,West,Furniture,Bookcases,Metal Bookcase,CUST-0318,2,467.27,0.15,-6.6,49.5,Summer,2024,2024-08
ORD-01069,2024-08-31,South,Office Supplies,Storage,File Storage Box,CUST-0559,6,449.58,0.15,44.7,22.1,Summer,2024,2024-08
ORD-00738,2024-08-31,East,Furniture,Chairs,Ergonomic Chair,CUST-0043,4,659.29,0.0,111.67,64.3,Summer,2024,2024-08
ORD-01511,2024-08-31,East,Office Supplies,Art,Marker Set,CUST-0791,3,229.19,0.0,57.4,19.8,Summer,2024,2024-08
ORD-01905,2024-08-31,North,Furniture,Furnishings,Wall Clock,CUST-0622,3,654.05,0.1,105.2,47.4,Summer,2024,2024-08
ORD-00487,2024-09-01,West,Office Supplies,Storage,Drawer Unit,CUST-0065,4,137.22,0.0,28.43,33.1,Autumn,2024,2024-09
ORD-01030,2024-09-01,East,Office Supplies,Paper,Copy Paper,CUST-0623,4,216.22,0.0,56.41,20.0,Autumn,2024,2024-09
ORD-00169,2024-09-01,West,Office Supplies,Labels,Address Labels,CUST-0600,4,227.4,0.25,17.67,62.9,Autumn,2024,2024-09
ORD-02160,2024-09-01,North,Furniture,Tables,Computer Table,CUST-0289,4,1737.68,0.0,173.57,78.2,Autumn,2024,2024-09
ORD-02204,2024-09-02,North,Furniture,Chairs,Ergonomic Chair,CUST-0191,6,1677.26,0.1,214.9,67.8,Autumn,2024,2024-09
ORD-00371,2024-09-02,North,Technology,Machines,Scanner,CUST-0493,1,109.91,0.1,11.87,23.6,Autumn,2024,2024-09
ORD-02367,2024-09-03,South,Office Supplies,Art,Drawing Pad,CUST-0328,1,83.46,0.0,19.3,22.5,Autumn,2024,2024-09
ORD-00627,2024-09-04,South,Technology,Machines,Printer,CUST-0149,4,1048.64,0.15,79.76,30.8,Autumn,2024,2024-09
ORD-02323,2024-09-04,South,Furniture,Tables,Computer Table,CUST-0171,2,828.65,0.0,83.99,63.1,Autumn,2024,2024-09
ORD-01771,2024-09-04,South,Office Supplies,Storage,File Storage Box,CUST-0522,2,176.52,0.0,37.44,40.7,Autumn,2024,2024-09
ORD-01142,2024-09-04,West,Furniture,Bookcases,Wood Bookcase,CUST-0186,5,1537.33,0.05,105.99,82.2,Autumn,2024,2024-09
ORD-00199,2024-09-04,East,Technology,Machines,Scanner,CUST-0739,5,1067.58,0.2,59.87,54.1,Autumn,2024,2024-09
ORD-01176,2024-09-04,West,Office Supplies,Art,Marker Set,CUST-0659,3,276.24,0.05,51.19,44.2,Autumn,2024,2024-09
ORD-01900,2024-09-05,North,Furniture,Bookcases,Metal Bookcase,CUST-0298,6,1805.2,0.0,183.56,71.1,Autumn,2024,2024-09
ORD-02461,2024-09-05,West,Furniture,Bookcases,Wood Bookcase,CUST-0452,6,696.3,0.15,-8.07,89.7,Autumn,2024,2024-09
ORD-01782,2024-09-05,North,Technology,Accessories,Keyboard,CUST-0645,4,855.6,0.05,117.85,31.7,Autumn,2024,2024-09
ORD-01160,2024-09-05,West,Furniture,Bookcases,Metal Bookcase,CUST-0423,4,1260.52,0.0,84.61,70.4,Autumn,2024,2024-09
ORD-01330,2024-09-06,West,Office Supplies,Art,Drawing Pad,CUST-0368,1,44.69,0.2,5.19,49.8,Autumn,2024,2024-09
ORD-01974,2024-09-06,East,Technology,Accessories,Headset,CUST-0126,4,2069.5,0.15,166.2,27.0,Autumn,2024,2024-09
ORD-01711,2024-09-07,West,Office Supplies,Paper,Premium Paper,CUST-0044,7,446.79,0.05,71.99,21.0,Autumn,2024,2024-09
ORD-02030,2024-09-07,North,Furniture,Bookcases,Metal Bookcase,CUST-0745,7,2084.34,0.0,156.38,104.1,Autumn,2024,2024-09
ORD-01978,2024-09-07,North,Office Supplies,Storage,Drawer Unit,CUST-0557,5,324.36,0.1,56.76,27.7,Autumn,2024,2024-09
ORD-00991,2024-09-07,South,Furniture,Tables,Office Table,CUST-0396,4,1487.46,0.15,-65.05,74.8,Autumn,2024,2024-09
ORD-02074,2024-09-07,West,Furniture,Furnishings,Desk Lamp,CUST-0658,5,1601.26,0.0,307.11,59.4,Autumn,2024,2024-09
ORD-02327,2024-09-07,West,Office Supplies,Binders,Premium Binder,CUST-0026,2,21.67,0.05,4.89,22.8,Autumn,2024,2024-09
ORD-02491,2024-09-07,North,Office Supplies,Art,Drawing Pad,CUST-0543,6,234.43,0.1,32.18,19.1,Autumn,2024,2024-09
ORD-01372,2024-09-07,West,Office Supplies,Art,Drawing Pad,CUST-0204,4,201.31,0.15,26.65,29.2,Autumn,2024,2024-09
ORD-00197,2024-09-07,West,Furniture,Bookcases,Metal Bookcase,CUST-0039,2,354.08,0.0,31.92,57.8,Autumn,2024,2024-09
ORD-01793,2024-09-08,West,Office Supplies,Binders,Ring Binder,CUST-0414,6,282.43,0.0,66.63,39.3,Autumn,2024,2024-09
ORD-02485,2024-09-08,North,Office Supplies,Paper,Copy Paper,CUST-0006,1,63.44,0.2,5.09,6.8,Autumn,2024,2024-09
ORD-01647,2024-09-08,West,Office Supplies,Paper,Premium Paper,CUST-0184,5,213.96,0.1,28.45,33.5,Autumn,2024,2024-09
ORD-01357,2024-09-08,East,Furniture,Chairs,Conference Chair,CUST-0789,1,121.96,0.05,23.31,55.9,Autumn,2024,2024-09
ORD-01383,2024-09-10,West,Furniture,Furnishings,Desk Lamp,CUST-0793,6,1579.1,0.0,277.23,59.0,Autumn,2024,2024-09
ORD-01407,2024-09-10,South,Office Supplies,Labels,Address Labels,CUST-0497,4,196.65,0.1,34.22,5.0,Autumn,2024,2024-09
ORD-01592,2024-09-10,South,Furniture,Furnishings,Desk Organizer,CUST-0495,8,1703.42,0.0,264.62,68.8,Autumn,2024,2024-09
ORD-00268,2024-09-10,West,Office Supplies,Art,Drawing Pad,CUST-0208,3,147.19,0.15,19.58,5.0,Autumn,2024,2024-09
ORD-01236,2024-09-10,South,Office Supplies,Binders,Ring Binder,CUST-0596,5,372.31,0.2,28.33,41.7,Autumn,2024,2024-09
ORD-02425,2024-09-11,West,Office Supplies,Art,Marker Set,CUST-0078,8,413.12,0.2,38.76,31.2,Autumn,2024,2024-09
ORD-01757,2024-09-11,East,Furniture,Furnishings,Desk Organizer,CUST-0371,6,1861.42,0.1,253.44,59.4,Autumn,2024,2024-09
ORD-00139,2024-09-11,West,Technology,Machines,Scanner,CUST-0120,6,2603.51,0.1,351.65,44.6,Autumn,2024,2024-09
ORD-01312,2024-09-11,East,Furniture,Furnishings,Desk Organizer,CUST-0291,7,2113.99,0.1,211.0,56.1,Autumn,2024,2024-09
ORD-01363,2024-09-13,South,Technology,Accessories,Keyboard,CUST-0230,6,1151.36,0.1,192.92,43.5,Autumn,2024,2024-09
ORD-00979,2024-09-13,North,Office Supplies,Paper,Copy Paper,CUST-0023,2,139.12,0.15,16.71,33.2,Autumn,2024,2024-09
ORD-02282,2024-09-15,North,Office Supplies,Paper,Premium Paper,CUST-0671,6,121.44,0.2,13.56,52.6,Autumn,2024,2024-09
ORD-00044,2024-09-16,South,Furniture,Chairs,Task Chair,CUST-0628,6,1960.2,0.0,379.83,52.9,Autumn,2024,2024-09
ORD-01831,2024-09-16,North,Office Supplies,Binders,Ring Binder,CUST-0495,2,53.8,0.0,13.27,26.3,Autumn,2024,2024-09
ORD-02490,2024-09-18,South,Office Supplies,Labels,Address Labels,CUST-0301,6,449.08,0.05,62.23,34.1,Autumn,2024,2024-09
ORD-00521,2024-09-18,East,Technology,Copiers,Office Copier,CUST-0026,1,176.52,0.15,18.99,34.6,Autumn,2024,2024-09
ORD-01699,2024-09-19,West,Office Supplies,Art,Marker Set,CUST-0013,5,393.4,0.1,53.81,23.0,Autumn,2024,2024-09
ORD-01927,2024-09-19,West,Furniture,Furnishings,Desk Organizer,CUST-0210,7,755.23,0.1,69.92,83.7,Autumn,2024,2024-09
ORD-01685,2024-09-19,East,Technology,Machines,Scanner,CUST-0035,5,2822.22,0.05,510.03,30.3,Autumn,2024,2024-09
ORD-00998,2024-09-20,East,Office Supplies,Storage,Drawer Unit,CUST-0401,4,368.36,0.05,71.2,32.8,Autumn,2024,2024-09
ORD-00765,2024-09-20,South,Furniture,Bookcases,Metal Bookcase,CUST-0502,7,2478.79,0.1,-89.7,62.1,Autumn,2024,2024-09
ORD-02486,2024-09-20,West,Furniture,Furnishings,Wall Clock,CUST-0332,1,164.83,0.0,36.18,47.4,Autumn,2024,2024-09
ORD-01572,2024-09-21,East,Office Supplies,Art,Marker Set,CUST-0552,7,192.19,0.1,20.51,42.4,Autumn,2024,2024-09
ORD-00194,2024-09-21,North,Office Supplies,Labels,Address Labels,CUST-0629,3,175.94,0.05,32.41,25.5,Autumn,2024,2024-09
ORD-02053,2024-09-21,South,Technology,Phones,Smartphone,CUST-0281,8,2965.25,0.0,485.8,29.6,Autumn,2024,2024-09
ORD-01925,2024-09-21,East,Office Supplies,Labels,Shipping Labels,CUST-0696,1,21.67,0.0,5.11,5.0,Autumn,2024,2024-09
ORD-02441,2024-09-21,North,Technology,Accessories,Headset,CUST-0266,2,1201.37,0.0,261.86,45.6,Autumn,2024,2024-09
ORD-01773,2024-09-22,South,Office Supplies,Storage,File Storage Box,CUST-0135,7,622.96,0.0,121.65,46.7,Autumn,2024,2024-09
ORD-02145,2024-09-22,West,Furniture,Tables,Meeting Table,CUST-0425,1,296.23,0.05,27.85,62.1,Autumn,2024,2024-09
ORD-02191,2024-09-22,South,Office Supplies,Art,Drawing Pad,CUST-0072,1,98.09,0.0,22.51,34.7,Autumn,2024,2024-09
ORD-00301,2024-09-22,North,Technology,Copiers,Office Copier,CUST-0240,5,997.54,0.05,175.37,54.3,Autumn,2024,2024-09
ORD-00053,2024-09-23,West,Office Supplies,Art,Marker Set,CUST-0185,1,55.61,0.1,8.33,23.1,Autumn,2024,2024-09
ORD-01052,2024-09-23,West,Furniture,Tables,Meeting Table,CUST-0659,8,1023.6,0.0,98.23,97.2,Autumn,2024,2024-09
ORD-00746,2024-09-23,West,Office Supplies,Binders,Ring Binder,CUST-0425,3,103.77,0.15,8.17,35.6,Autumn,2024,2024-09
ORD-02056,2024-09-24,North,Technology,Machines,Printer,CUST-0214,4,2269.7,0.0,435.27,49.3,Autumn,2024,2024-09
ORD-01138,2024-09-24,North,Office Supplies,Binders,Premium Binder,CUST-0002,2,167.14,0.05,38.16,30.2,Autumn,2024,2024-09
ORD-00201,2024-09-24,West,Office Supplies,Labels,Address Labels,CUST-0382,2,171.77,0.1,26.64,14.5,Autumn,2024,2024-09
ORD-01360,2024-09-24,South,Technology,Copiers,Office Copier,CUST-0488,2,1132.49,0.05,170.73,41.2,Autumn,2024,2024-09
ORD-00630,2024-09-24,East,Furniture,Tables,Office Table,CUST-0492,1,377.54,0.1,24.9,48.6,Autumn,2024,2024-09
ORD-02201,2024-09-24,East,Office Supplies,Binders,Ring Binder,CUST-0413,5,403.64,0.05,75.04,40.8,Autumn,2024,2024-09
ORD-00628,2024-09-25,South,Furniture,Furnishings,Wall Clock,CUST-0377,7,1643.45,0.15,159.03,88.7,Autumn,2024,2024-09
ORD-00063,2024-09-25,East,Office Supplies,Art,Marker Set,CUST-0509,7,446.64,0.05,77.43,13.3,Autumn,2024,2024-09
ORD-02356,2024-09-25,North,Technology,Phones,Business Phone,CUST-0570,2,1042.08,0.15,121.51,19.8,Autumn,2024,2024-09
ORD-00393,2024-09-25,South,Furniture,Chairs,Conference Chair,CUST-0161,6,1889.51,0.0,233.39,71.5,Autumn,2024,2024-09
ORD-02279,2024-09-26,West,Technology,Accessories,Mouse,CUST-0607,7,1010.29,0.15,120.47,67.5,Autumn,2024,2024-09
ORD-01271,2024-09-26,North,Technology,Machines,Printer,CUST-0269,8,844.4,0.1,159.74,41.0,Autumn,2024,2024-09
ORD-00068,2024-09-27,North,Furniture,Chairs,Ergonomic Chair,CUST-0099,6,829.65,0.1,85.67,75.0,Autumn,2024,2024-09
ORD-01151,2024-09-27,East,Office Supplies,Paper,Copy Paper,CUST-0022,5,343.15,0.0,74.44,35.9,Autumn,2024,2024-09
ORD-02415,2024-09-28,North,Technology,Machines,Printer,CUST-0790,1,188.69,0.0,29.97,51.3,Autumn,2024,2024-09
ORD-02407,2024-09-28,North,Office Supplies,Binders,Premium Binder,CUST-0324,2,96.14,0.15,17.6,16.7,Autumn,2024,2024-09
ORD-00909,2024-09-28,South,Office Supplies,Paper,Premium Paper,CUST-0622,6,96.78,0.15,17.56,28.6,Autumn,2024,2024-09
ORD-01864,2024-09-28,East,Office Supplies,Storage,Drawer Unit,CUST-0581,4,303.03,0.15,37.17,27.3,Autumn,2024,2024-09
ORD-00332,2024-09-28,South,Furniture,Chairs,Task Chair,CUST-0656,2,675.79,0.0,100.22,61.2,Autumn,2024,2024-09
ORD-00022,2024-09-28,South,Technology,Copiers,Office Copier,CUST-0117,2,898.68,0.1,103.57,39.5,Autumn,2024,2024-09
ORD-01967,2024-09-28,South,Technology,Machines,Scanner,CUST-0624,1,170.04,0.05,24.35,69.3,Autumn,2024,2024-09
ORD-01268,2024-09-29,North,Office Supplies,Labels,Address Labels,CUST-0560,2,27.98,0.0,7.44,11.8,Autumn,2024,2024-09
ORD-01937,2024-09-29,West,Furniture,Furnishings,Desk Lamp,CUST-0260,4,1665.49,0.0,264.18,57.9,Autumn,2024,2024-09
ORD-01044,2024-09-29,South,Technology,Machines,Printer,CUST-0323,3,1284.3,0.0,234.78,35.0,Autumn,2024,2024-09
ORD-00576,2024-09-30,North,Office Supplies,Storage,Drawer Unit,CUST-0779,7,330.87,0.0,79.1,20.1,Autumn,2024,2024-09
ORD-00374,2024-09-30,North,Office Supplies,Storage,File Storage Box,CUST-0287,4,101.15,0.1,13.87,43.3,Autumn,2024,2024-09
ORD-00498,2024-09-30,East,Furniture,Tables,Meeting Table,CUST-0072,7,1845.6,0.1,-16.36,66.5,Autumn,2024,2024-09
ORD-01857,2024-10-01,South,Furniture,Furnishings,Desk Organizer,CUST-0388,3,505.46,0.15,15.76,44.2,Autumn,2024,2024-10
ORD-01748,2024-10-02,North,Office Supplies,Labels,Shipping Labels,CUST-0084,1,15.0,0.05,3.06,18.4,Autumn,2024,2024-10
ORD-00770,2024-10-02,South,Furniture,Furnishings,Wall Clock,CUST-0069,3,209.68,0.05,26.87,52.8,Autumn,2024,2024-10
ORD-00913,2024-10-02,South,Office Supplies,Storage,Drawer Unit,CUST-0129,6,136.51,0.0,36.01,17.6,Autumn,2024,2024-10
ORD-01772,2024-10-02,West,Furniture,Bookcases,Metal Bookcase,CUST-0785,6,1840.62,0.1,-21.56,92.8,Autumn,2024,2024-10
ORD-00379,2024-10-04,North,Technology,Phones,Smartphone,CUST-0421,5,2528.32,0.0,483.06,34.0,Autumn,2024,2024-10
ORD-01945,2024-10-04,East,Technology,Phones,Business Phone,CUST-0105,6,1198.35,0.15,93.29,63.5,Autumn,2024,2024-10
ORD-00634,2024-10-04,West,Office Supplies,Storage,Drawer Unit,CUST-0052,1,8.18,0.05,1.62,49.0,Autumn,2024,2024-10
ORD-01718,2024-10-04,South,Furniture,Tables,Office Table,CUST-0651,2,626.72,0.15,6.85,57.5,Autumn,2024,2024-10
ORD-00188,2024-10-05,East,Office Supplies,Storage,File Storage Box,CUST-0792,1,93.36,0.05,14.99,29.5,Autumn,2024,2024-10
ORD-01285,2024-10-06,West,Office Supplies,Labels,Address Labels,CUST-0240,6,321.56,0.2,41.65,25.3,Autumn,2024,2024-10
ORD-01159,2024-10-07,South,Office Supplies,Binders,Premium Binder,CUST-0759,8,88.17,0.1,13.98,22.6,Autumn,2024,2024-10
ORD-00758,2024-10-07,North,Furniture,Chairs,Task Chair,CUST-0410,8,2101.74,0.25,9.06,47.3,Autumn,2024,2024-10
ORD-02405,2024-10-07,South,Office Supplies,Paper,Copy Paper,CUST-0678,3,187.72,0.0,48.74,5.0,Autumn,2024,2024-10
ORD-01017,2024-10-07,West,Office Supplies,Paper,Premium Paper,CUST-0531,6,481.85,0.1,62.11,32.1,Autumn,2024,2024-10
ORD-01593,2024-10-07,South,Technology,Phones,Business Phone,CUST-0534,7,2274.82,0.2,90.97,46.4,Autumn,2024,2024-10
ORD-01881,2024-10-08,South,Office Supplies,Paper,Copy Paper,CUST-0174,6,395.13,0.2,35.81,44.9,Autumn,2024,2024-10
ORD-01468,2024-10-08,West,Furniture,Furnishings,Desk Lamp,CUST-0404,7,1464.53,0.25,16.43,44.6,Autumn,2024,2024-10
ORD-00614,2024-10-08,East,Technology,Copiers,Office Copier,CUST-0439,1,462.61,0.15,66.19,52.6,Autumn,2024,2024-10
ORD-02428,2024-10-08,East,Office Supplies,Labels,Shipping Labels,CUST-0746,8,310.61,0.25,26.71,30.7,Autumn,2024,2024-10
ORD-01761,2024-10-08,South,Furniture,Furnishings,Desk Lamp,CUST-0635,2,676.59,0.0,111.76,53.7,Autumn,2024,2024-10
ORD-01385,2024-10-09,East,Technology,Machines,Printer,CUST-0143,8,2821.38,0.05,515.61,63.2,Autumn,2024,2024-10
ORD-01066,2024-10-10,South,Furniture,Bookcases,Metal Bookcase,CUST-0578,1,195.58,0.15,-1.38,50.1,Autumn,2024,2024-10
ORD-01629,2024-10-10,East,Furniture,Tables,Office Table,CUST-0100,2,220.56,0.15,-7.09,70.7,Autumn,2024,2024-10
ORD-00094,2024-10-10,East,Office Supplies,Labels,Shipping Labels,CUST-0684,1,22.34,0.0,5.32,32.1,Autumn,2024,2024-10
ORD-02216,2024-10-12,West,Furniture,Chairs,Task Chair,CUST-0370,6,1942.76,0.15,116.08,79.1,Autumn,2024,2024-10
ORD-00809,2024-10-12,North,Furniture,Tables,Office Table,CUST-0127,1,97.38,0.2,-3.07,58.9,Autumn,2024,2024-10
ORD-01094,2024-10-13,South,Office Supplies,Art,Drawing Pad,CUST-0470,7,104.79,0.15,18.86,34.7,Autumn,2024,2024-10
ORD-01173,2024-10-13,West,Furniture,Tables,Computer Table,CUST-0141,7,822.32,0.2,7.33,79.0,Autumn,2024,2024-10
ORD-01352,2024-10-13,East,Furniture,Chairs,Task Chair,CUST-0075,1,77.38,0.0,10.89,61.6,Autumn,2024,2024-10
ORD-01283,2024-10-14,East,Furniture,Tables,Office Table,CUST-0131,2,623.75,0.0,66.49,79.2,Autumn,2024,2024-10
ORD-01921,2024-10-14,West,Office Supplies,Storage,Drawer Unit,CUST-0480,2,115.43,0.05,21.01,5.0,Autumn,2024,2024-10
ORD-02384,2024-10-14,South,Furniture,Furnishings,Wall Clock,CUST-0034,3,682.27,0.05,96.42,55.2,Autumn,2024,2024-10
ORD-00552,2024-10-14,East,Office Supplies,Labels,Address Labels,CUST-0147,7,402.9,0.1,59.72,18.0,Autumn,2024,2024-10
ORD-02012,2024-10-14,East,Technology,Phones,Smartphone,CUST-0212,6,982.79,0.0,172.89,39.2,Autumn,2024,2024-10
ORD-02291,2024-10-15,West,Office Supplies,Labels,Address Labels,CUST-0367,8,506.16,0.15,76.42,36.4,Autumn,2024,2024-10
ORD-02342,2024-10-15,South,Furniture,Chairs,Conference Chair,CUST-0252,5,917.72,0.0,179.47,60.6,Autumn,2024,2024-10
ORD-01774,2024-10-15,East,Office Supplies,Binders,Ring Binder,CUST-0750,3,53.58,0.05,11.36,22.2,Autumn,2024,2024-10
ORD-01754,2024-10-15,West,Office Supplies,Paper,Premium Paper,CUST-0026,2,38.45,0.15,6.09,5.0,Autumn,2024,2024-10
ORD-02059,2024-10-15,East,Furniture,Tables,Computer Table,CUST-0404,7,1987.41,0.2,-142.29,60.7,Autumn,2024,2024-10
ORD-01478,2024-10-15,North,Furniture,Chairs,Ergonomic Chair,CUST-0475,1,207.65,0.0,35.02,58.2,Autumn,2024,2024-10
ORD-01694,2024-10-15,North,Technology,Accessories,Headset,CUST-0766,5,3064.67,0.05,605.06,32.9,Autumn,2024,2024-10
ORD-01666,2024-10-16,North,Office Supplies,Art,Marker Set,CUST-0565,4,115.93,0.1,22.15,30.5,Autumn,2024,2024-10
ORD-00440,2024-10-17,South,Office Supplies,Labels,Address Labels,CUST-0354,4,76.7,0.0,13.48,18.3,Autumn,2024,2024-10
ORD-02003,2024-10-17,South,Technology,Machines,Printer,CUST-0180,8,548.41,0.2,44.14,42.2,Autumn,2024,2024-10
ORD-01320,2024-10-17,West,Office Supplies,Paper,Premium Paper,CUST-0450,7,334.45,0.15,60.8,31.2,Autumn,2024,2024-10
ORD-02374,2024-10-18,West,Office Supplies,Binders,Premium Binder,CUST-0116,3,214.57,0.05,44.8,37.8,Autumn,2024,2024-10
ORD-01168,2024-10-18,East,Office Supplies,Labels,Address Labels,CUST-0533,2,123.89,0.05,23.58,28.8,Autumn,2024,2024-10
ORD-00957,2024-10-19,East,Furniture,Chairs,Conference Chair,CUST-0312,4,971.52,0.05,135.56,80.7,Autumn,2024,2024-10
ORD-01956,2024-10-19,South,Office Supplies,Paper,Copy Paper,CUST-0178,5,228.06,0.0,50.77,29.5,Autumn,2024,2024-10
ORD-02140,2024-10-19,South,Furniture,Tables,Meeting Table,CUST-0195,8,1537.54,0.0,153.32,94.8,Autumn,2024,2024-10
ORD-02134,2024-10-19,East,Technology,Copiers,Office Copier,CUST-0349,4,1472.19,0.05,264.83,46.2,Autumn,2024,2024-10
ORD-01302,2024-10-20,South,Office Supplies,Paper,Copy Paper,CUST-0696,8,527.97,0.15,61.75,27.0,Autumn,2024,2024-10
ORD-02225,2024-10-20,East,Technology,Machines,Printer,CUST-0357,1,576.66,0.15,46.41,33.9,Autumn,2024,2024-10
ORD-02060,2024-10-21,North,Technology,Machines,Scanner,CUST-0756,5,2491.05,0.0,466.65,58.5,Autumn,2024,2024-10
ORD-01847,2024-10-21,North,Technology,Phones,Smartphone,CUST-0301,2,865.32,0.05,146.0,36.9,Autumn,2024,2024-10
ORD-00027,2024-10-21,North,Office Supplies,Storage,File Storage Box,CUST-0017,7,539.55,0.05,106.43,39.2,Autumn,2024,2024-10
ORD-02163,2024-10-21,East,Office Supplies,Binders,Ring Binder,CUST-0345,6,112.7,0.1,21.27,8.6,Autumn,2024,2024-10
ORD-02073,2024-10-21,East,Technology,Accessories,Keyboard,CUST-0432,1,445.95,0.0,71.62,39.1,Autumn,2024,2024-10
ORD-00585,2024-10-22,North,Technology,Phones,Smartphone,CUST-0713,1,488.48,0.0,100.56,40.3,Autumn,2024,2024-10
ORD-01866,2024-10-22,East,Furniture,Bookcases,Wood Bookcase,CUST-0342,3,591.6,0.05,30.05,60.5,Autumn,2024,2024-10
ORD-00942,2024-10-22,East,Furniture,Tables,Computer Table,CUST-0687,6,1934.59,0.0,95.16,58.7,Autumn,2024,2024-10
ORD-00164,2024-10-24,West,Office Supplies,Labels,Shipping Labels,CUST-0500,2,138.0,0.1,22.49,20.3,Autumn,2024,2024-10
ORD-00687,2024-10-24,South,Technology,Accessories,Headset,CUST-0498,6,1772.4,0.25,47.74,54.9,Autumn,2024,2024-10
ORD-01131,2024-10-24,West,Furniture,Tables,Office Table,CUST-0185,4,1461.21,0.0,107.04,65.9,Autumn,2024,2024-10
ORD-02076,2024-10-25,West,Furniture,Chairs,Task Chair,CUST-0609,1,78.54,0.2,0.48,69.3,Autumn,2024,2024-10
ORD-00144,2024-10-25,North,Office Supplies,Paper,Copy Paper,CUST-0374,2,76.69,0.15,5.45,30.7,Autumn,2024,2024-10
ORD-00962,2024-10-25,South,Furniture,Furnishings,Wall Clock,CUST-0209,1,101.18,0.1,10.47,55.7,Autumn,2024,2024-10
ORD-01688,2024-10-25,North,Furniture,Furnishings,Desk Lamp,CUST-0141,8,1391.27,0.0,184.48,58.1,Autumn,2024,2024-10
ORD-01875,2024-10-25,North,Furniture,Bookcases,Wood Bookcase,CUST-0183,5,772.3,0.1,34.7,77.2,Autumn,2024,2024-10
ORD-01340,2024-10-25,South,Furniture,Bookcases,Wood Bookcase,CUST-0460,4,831.26,0.05,46.47,75.1,Autumn,2024,2024-10
ORD-01495,2024-10-26,South,Office Supplies,Storage,File Storage Box,CUST-0130,6,228.24,0.15,32.78,38.5,Autumn,2024,2024-10
ORD-00163,2024-10-26,West,Technology,Phones,Business Phone,CUST-0547,3,1086.55,0.2,135.61,37.8,Autumn,2024,2024-10
ORD-01762,2024-10-26,West,Office Supplies,Storage,Drawer Unit,CUST-0339,5,450.63,0.0,91.36,17.2,Autumn,2024,2024-10
ORD-01835,2024-10-26,West,Office Supplies,Art,Drawing Pad,CUST-0351,6,455.94,0.1,64.78,26.4,Autumn,2024,2024-10
ORD-00373,2024-10-26,West,Technology,Phones,Smartphone,CUST-0364,4,1455.82,0.2,68.08,50.3,Autumn,2024,2024-10
ORD-02192,2024-10-26,North,Office Supplies,Storage,File Storage Box,CUST-0625,2,122.84,0.2,7.31,33.9,Autumn,2024,2024-10
ORD-02357,2024-10-27,North,Technology,Accessories,Headset,CUST-0026,5,1476.36,0.2,81.63,66.6,Autumn,2024,2024-10
ORD-00065,2024-10-27,North,Office Supplies,Art,Marker Set,CUST-0545,6,285.09,0.0,61.01,60.9,Autumn,2024,2024-10
ORD-01252,2024-10-27,East,Office Supplies,Storage,File Storage Box,CUST-0342,5,297.5,0.2,31.07,41.0,Autumn,2024,2024-10
ORD-00907,2024-10-27,North,Technology,Phones,Business Phone,CUST-0783,1,495.87,0.0,101.01,20.8,Autumn,2024,2024-10
ORD-00960,2024-10-28,North,Office Supplies,Storage,Drawer Unit,CUST-0032,7,614.62,0.0,112.34,46.1,Autumn,2024,2024-10
ORD-01719,2024-10-28,East,Office Supplies,Storage,File Storage Box,CUST-0551,8,253.36,0.05,53.24,36.8,Autumn,2024,2024-10
ORD-00496,2024-10-28,East,Furniture,Tables,Office Table,CUST-0315,6,488.36,0.15,17.6,67.4,Autumn,2024,2024-10
ORD-01888,2024-10-29,North,Office Supplies,Storage,File Storage Box,CUST-0721,2,107.93,0.05,16.99,26.0,Autumn,2024,2024-10
ORD-01584,2024-10-29,West,Furniture,Chairs,Ergonomic Chair,CUST-0522,7,1504.85,0.05,137.86,54.2,Autumn,2024,2024-10
ORD-02017,2024-10-29,North,Office Supplies,Labels,Address Labels,CUST-0576,2,117.34,0.1,16.15,26.3,Autumn,2024,2024-10
ORD-01043,2024-10-30,East,Furniture,Chairs,Conference Chair,CUST-0062,4,854.81,0.1,61.76,83.7,Autumn,2024,2024-10
ORD-02473,2024-10-30,West,Office Supplies,Paper,Premium Paper,CUST-0587,4,128.62,0.2,12.42,26.3,Autumn,2024,2024-10
ORD-01635,2024-10-30,East,Furniture,Bookcases,Metal Bookcase,CUST-0012,8,3240.25,0.05,255.11,79.0,Autumn,2024,2024-10
ORD-01485,2024-10-30,South,Office Supplies,Art,Marker Set,CUST-0712,2,24.57,0.15,3.02,18.7,Autumn,2024,2024-10
ORD-00248,2024-10-30,East,Office Supplies,Art,Drawing Pad,CUST-0594,2,109.31,0.1,14.44,5.0,Autumn,2024,2024-10
ORD-01309,2024-10-30,South,Office Supplies,Binders,Premium Binder,CUST-0526,7,345.47,0.15,50.79,34.3,Autumn,2024,2024-10
ORD-01191,2024-10-30,West,Technology,Copiers,Office Copier,CUST-0051,7,3456.78,0.1,388.84,55.6,Autumn,2024,2024-10
ORD-02290,2024-10-31,South,Office Supplies,Labels,Address Labels,CUST-0669,7,182.68,0.1,32.17,51.6,Autumn,2024,2024-10
ORD-00572,2024-10-31,South,Office Supplies,Binders,Ring Binder,CUST-0755,4,188.98,0.1,31.0,18.7,Autumn,2024,2024-10
ORD-01225,2024-10-31,South,Office Supplies,Paper,Premium Paper,CUST-0364,1,76.43,0.2,8.64,21.9,Autumn,2024,2024-10
ORD-00425,2024-10-31,West,Technology,Accessories,Keyboard,CUST-0216,2,146.74,0.1,16.18,37.6,Autumn,2024,2024-10
ORD-00624,2024-10-31,West,Furniture,Tables,Office Table,CUST-0447,7,912.61,0.2,-27.38,67.5,Autumn,2024,2024-10
ORD-01480,2024-10-31,West,Furniture,Chairs,Conference Chair,CUST-0271,4,314.46,0.0,50.24,55.5,Autumn,2024,2024-10
ORD-00929,2024-11-01,South,Furniture,Chairs,Task Chair,CUST-0691,6,773.6,0.05,106.9,54.0,Autumn,2024,2024-11
ORD-00972,2024-11-01,South,Office Supplies,Labels,Address Labels,CUST-0293,4,252.74,0.1,35.92,48.6,Autumn,2024,2024-11
ORD-00275,2024-11-01,East,Technology,Phones,Smartphone,CUST-0383,7,1293.5,0.1,163.05,66.1,Autumn,2024,2024-11
ORD-00165,2024-11-01,North,Office Supplies,Paper,Copy Paper,CUST-0666,6,574.87,0.0,128.95,28.0,Autumn,2024,2024-11
ORD-01079,2024-11-01,East,Technology,Phones,Business Phone,CUST-0027,8,2073.41,0.1,327.1,60.4,Autumn,2024,2024-11
ORD-00732,2024-11-02,South,Office Supplies,Binders,Ring Binder,CUST-0104,1,19.04,0.15,2.71,18.7,Autumn,2024,2024-11
ORD-01678,2024-11-02,East,Technology,Phones,Smartphone,CUST-0208,7,3453.14,0.0,641.66,52.3,Autumn,2024,2024-11
ORD-02070,2024-11-02,South,Office Supplies,Labels,Address Labels,CUST-0100,2,177.07,0.05,36.83,43.9,Autumn,2024,2024-11
ORD-02495,2024-11-02,North,Furniture,Bookcases,Metal Bookcase,CUST-0195,7,1551.08,0.1,18.22,83.2,Autumn,2024,2024-11
ORD-00464,2024-11-02,West,Furniture,Tables,Meeting Table,CUST-0556,6,1655.26,0.05,213.07,70.5,Autumn,2024,2024-11
ORD-02420,2024-11-02,East,Office Supplies,Art,Marker Set,CUST-0159,7,481.02,0.1,80.84,21.9,Autumn,2024,2024-11
ORD-01374,2024-11-03,West,Office Supplies,Labels,Shipping Labels,CUST-0413,8,75.02,0.1,12.01,29.1,Autumn,2024,2024-11
ORD-01185,2024-11-03,East,Office Supplies,Binders,Premium Binder,CUST-0499,5,79.3,0.0,20.74,24.8,Autumn,2024,2024-11
ORD-02224,2024-11-05,South,Technology,Copiers,Office Copier,CUST-0571,7,891.7,0.0,187.63,60.6,Autumn,2024,2024-11
ORD-02476,2024-11-05,West,Furniture,Chairs,Ergonomic Chair,CUST-0216,7,779.53,0.0,135.11,46.3,Autumn,2024,2024-11
ORD-02250,2024-11-05,West,Technology,Machines,Printer,CUST-0553,5,2336.55,0.15,157.98,52.0,Autumn,2024,2024-11
ORD-00777,2024-11-05,West,Technology,Accessories,Mouse,CUST-0303,3,1060.85,0.1,156.57,59.3,Autumn,2024,2024-11
ORD-02341,2024-11-05,West,Furniture,Chairs,Conference Chair,CUST-0055,6,1446.53,0.0,210.56,68.9,Autumn,2024,2024-11
ORD-01059,2024-11-06,East,Office Supplies,Storage,Drawer Unit,CUST-0301,8,184.25,0.1,37.32,43.7,Autumn,2024,2024-11
ORD-01841,2024-11-06,West,Office Supplies,Binders,Ring Binder,CUST-0758,2,169.12,0.05,33.39,34.1,Autumn,2024,2024-11
ORD-02276,2024-11-06,South,Technology,Phones,Smartphone,CUST-0082,1,259.33,0.05,53.13,48.2,Autumn,2024,2024-11
ORD-01333,2024-11-06,North,Office Supplies,Labels,Shipping Labels,CUST-0326,7,478.02,0.0,127.63,54.8,Autumn,2024,2024-11
ORD-00500,2024-11-07,South,Technology,Machines,Scanner,CUST-0278,7,2619.21,0.1,363.01,46.1,Autumn,2024,2024-11
ORD-01687,2024-11-08,South,Technology,Accessories,Keyboard,CUST-0685,1,460.54,0.05,76.91,48.2,Autumn,2024,2024-11
ORD-01437,2024-11-08,North,Furniture,Bookcases,Wood Bookcase,CUST-0069,6,665.61,0.1,-9.54,84.9,Autumn,2024,2024-11
ORD-00954,2024-11-08,North,Office Supplies,Binders,Premium Binder,CUST-0150,3,143.44,0.0,33.52,19.0,Autumn,2024,2024-11
ORD-00547,2024-11-09,East,Office Supplies,Labels,Shipping Labels,CUST-0358,4,88.18,0.0,19.97,28.8,Autumn,2024,2024-11
ORD-01153,2024-11-10,West,Furniture,Bookcases,Wood Bookcase,CUST-0061,8,2017.96,0.05,32.71,69.8,Autumn,2024,2024-11
ORD-00238,2024-11-11,South,Office Supplies,Storage,File Storage Box,CUST-0380,2,179.7,0.0,38.44,31.1,Autumn,2024,2024-11
ORD-01496,2024-11-11,West,Office Supplies,Paper,Copy Paper,CUST-0260,3,114.15,0.0,23.98,43.0,Autumn,2024,2024-11
ORD-00473,2024-11-11,East,Office Supplies,Labels,Address Labels,CUST-0667,2,43.76,0.0,9.44,39.6,Autumn,2024,2024-11
ORD-00795,2024-11-11,West,Office Supplies,Paper,Premium Paper,CUST-0169,1,56.6,0.15,6.95,12.9,Autumn,2024,2024-11
ORD-01741,2024-11-11,West,Office Supplies,Art,Drawing Pad,CUST-0478,1,58.21,0.1,12.24,20.8,Autumn,2024,2024-11
ORD-00994,2024-11-11,South,Furniture,Bookcases,Metal Bookcase,CUST-0131,5,997.83,0.0,63.13,81.1,Autumn,2024,2024-11
ORD-00621,2024-11-12,South,Furniture,Chairs,Ergonomic Chair,CUST-0016,2,202.93,0.2,7.24,38.7,Autumn,2024,2024-11
ORD-01444,2024-11-12,West,Office Supplies,Paper,Copy Paper,CUST-0582,6,202.09,0.0,46.77,32.7,Autumn,2024,2024-11
ORD-00005,2024-11-12,North,Office Supplies,Storage,Drawer Unit,CUST-0657,7,114.57,0.05,22.16,49.2,Autumn,2024,2024-11
ORD-00633,2024-11-13,South,Furniture,Bookcases,Metal Bookcase,CUST-0098,4,727.66,0.1,35.87,78.0,Autumn,2024,2024-11
ORD-01100,2024-11-13,North,Technology,Phones,Business Phone,CUST-0142,6,626.25,0.0,145.09,38.8,Autumn,2024,2024-11
ORD-01924,2024-11-13,West,Office Supplies,Art,Drawing Pad,CUST-0067,8,602.74,0.05,120.67,57.8,Autumn,2024,2024-11
ORD-00435,2024-11-13,North,Technology,Copiers,Office Copier,CUST-0621,3,569.84,0.15,38.4,28.2,Autumn,2024,2024-11
ORD-02007,2024-11-13,North,Furniture,Tables,Computer Table,CUST-0493,2,399.16,0.05,15.33,62.4,Autumn,2024,2024-11
ORD-00155,2024-11-13,North,Office Supplies,Art,Marker Set,CUST-0454,4,47.08,0.15,6.12,50.8,Autumn,2024,2024-11
ORD-00407,2024-11-13,North,Technology,Accessories,Mouse,CUST-0135,4,1409.26,0.05,267.35,23.8,Autumn,2024,2024-11
ORD-00091,2024-11-14,North,Office Supplies,Binders,Ring Binder,CUST-0041,8,715.5,0.05,175.98,46.4,Autumn,2024,2024-11
ORD-00354,2024-11-14,West,Office Supplies,Binders,Ring Binder,CUST-0391,8,312.67,0.0,69.45,50.0,Autumn,2024,2024-11
ORD-02318,2024-11-14,South,Furniture,Bookcases,Wood Bookcase,CUST-0554,4,1529.45,0.05,65.72,55.4,Autumn,2024,2024-11
ORD-00082,2024-11-15,South,Office Supplies,Art,Marker Set,CUST-0397,7,507.84,0.0,115.3,29.0,Autumn,2024,2024-11
ORD-00140,2024-11-15,North,Furniture,Bookcases,Metal Bookcase,CUST-0797,4,1309.81,0.2,-109.69,77.8,Autumn,2024,2024-11
ORD-01039,2024-11-15,North,Furniture,Tables,Meeting Table,CUST-0753,2,562.84,0.1,7.97,67.6,Autumn,2024,2024-11
ORD-00756,2024-11-16,West,Office Supplies,Storage,Drawer Unit,CUST-0046,4,54.56,0.2,5.48,42.8,Autumn,2024,2024-11
ORD-01418,2024-11-16,North,Technology,Accessories,Keyboard,CUST-0325,3,474.23,0.25,31.94,42.7,Autumn,2024,2024-11
ORD-00298,2024-11-16,West,Furniture,Bookcases,Metal Bookcase,CUST-0798,1,296.42,0.05,23.19,47.3,Autumn,2024,2024-11
ORD-01992,2024-11-16,East,Office Supplies,Labels,Address Labels,CUST-0530,2,160.58,0.15,20.46,16.5,Autumn,2024,2024-11
ORD-00004,2024-11-16,East,Technology,Phones,Smartphone,CUST-0184,3,1061.86,0.05,162.08,54.3,Autumn,2024,2024-11
ORD-02135,2024-11-17,North,Office Supplies,Binders,Premium Binder,CUST-0247,7,484.44,0.0,115.88,44.1,Autumn,2024,2024-11
ORD-01220,2024-11-17,South,Office Supplies,Binders,Premium Binder,CUST-0647,1,32.68,0.0,7.88,8.6,Autumn,2024,2024-11
ORD-02078,2024-11-17,West,Furniture,Bookcases,Wood Bookcase,CUST-0741,1,392.39,0.05,33.04,65.7,Autumn,2024,2024-11
ORD-00121,2024-11-17,North,Office Supplies,Labels,Shipping Labels,CUST-0727,6,335.68,0.15,59.43,41.1,Autumn,2024,2024-11
ORD-00285,2024-11-18,North,Furniture,Furnishings,Wall Clock,CUST-0529,6,1352.7,0.15,95.45,58.5,Autumn,2024,2024-11
ORD-00800,2024-11-19,South,Furniture,Tables,Computer Table,CUST-0206,5,1380.77,0.0,107.99,87.5,Autumn,2024,2024-11
ORD-00935,2024-11-19,East,Technology,Accessories,Keyboard,CUST-0769,3,929.42,0.0,164.7,27.5,Autumn,2024,2024-11
ORD-02157,2024-11-19,East,Office Supplies,Binders,Premium Binder,CUST-0344,2,134.54,0.0,34.28,27.7,Autumn,2024,2024-11
ORD-02146,2024-11-20,West,Technology,Accessories,Headset,CUST-0345,8,626.96,0.25,34.89,44.6,Autumn,2024,2024-11
ORD-01293,2024-11-20,South,Office Supplies,Labels,Shipping Labels,CUST-0316,1,85.88,0.0,16.25,30.8,Autumn,2024,2024-11
ORD-01729,2024-11-20,East,Office Supplies,Art,Drawing Pad,CUST-0315,3,137.49,0.15,13.03,38.1,Autumn,2024,2024-11
ORD-00030,2024-11-20,East,Technology,Accessories,Mouse,CUST-0517,2,528.26,0.05,87.68,33.9,Autumn,2024,2024-11
ORD-01263,2024-11-20,North,Furniture,Furnishings,Desk Lamp,CUST-0600,3,387.29,0.1,37.7,69.1,Autumn,2024,2024-11
ORD-00047,2024-11-21,North,Office Supplies,Labels,Address Labels,CUST-0260,4,386.6,0.0,82.93,24.0,Autumn,2024,2024-11
ORD-00689,2024-11-21,North,Furniture,Furnishings,Desk Lamp,CUST-0755,5,635.84,0.1,34.72,62.9,Autumn,2024,2024-11
ORD-01643,2024-11-22,East,Technology,Copiers,Office Copier,CUST-0170,6,1764.94,0.15,139.97,67.6,Autumn,2024,2024-11
ORD-00923,2024-11-22,East,Furniture,Bookcases,Metal Bookcase,CUST-0009,2,590.4,0.2,-20.39,70.1,Autumn,2024,2024-11
ORD-00267,2024-11-22,North,Furniture,Tables,Meeting Table,CUST-0721,8,2573.42,0.1,64.3,69.9,Autumn,2024,2024-11
ORD-00186,2024-11-22,West,Furniture,Furnishings,Desk Lamp,CUST-0141,1,223.87,0.1,22.92,64.3,Autumn,2024,2024-11
ORD-00869,2024-11-22,North,Office Supplies,Storage,File Storage Box,CUST-0643,7,478.15,0.0,93.13,47.4,Autumn,2024,2024-11
ORD-00219,2024-11-22,West,Office Supplies,Labels,Address Labels,CUST-0694,8,148.28,0.1,29.07,60.8,Autumn,2024,2024-11
ORD-01092,2024-11-23,North,Office Supplies,Storage,Drawer Unit,CUST-0397,1,24.51,0.15,3.73,34.5,Autumn,2024,2024-11
ORD-01184,2024-11-23,South,Furniture,Furnishings,Wall Clock,CUST-0012,1,109.06,0.1,13.43,49.7,Autumn,2024,2024-11
ORD-01890,2024-11-24,South,Office Supplies,Art,Marker Set,CUST-0127,8,542.57,0.05,91.34,64.0,Autumn,2024,2024-11
ORD-01473,2024-11-24,South,Furniture,Chairs,Ergonomic Chair,CUST-0209,6,504.01,0.1,43.01,57.4,Autumn,2024,2024-11
ORD-00214,2024-11-24,South,Furniture,Tables,Meeting Table,CUST-0071,4,1287.61,0.2,-76.09,74.9,Autumn,2024,2024-11
ORD-00883,2024-11-24,West,Office Supplies,Art,Drawing Pad,CUST-0466,7,170.72,0.0,41.08,65.3,Autumn,2024,2024-11
ORD-02040,2024-11-24,South,Office Supplies,Paper,Premium Paper,CUST-0315,5,51.08,0.0,8.84,41.5,Autumn,2024,2024-11
ORD-01057,2024-11-24,East,Office Supplies,Paper,Copy Paper,CUST-0069,6,336.86,0.0,89.86,45.7,Autumn,2024,2024-11
ORD-01319,2024-11-24,East,Furniture,Bookcases,Metal Bookcase,CUST-0529,1,271.46,0.1,0.27,84.8,Autumn,2024,2024-11
ORD-01373,2024-11-24,North,Office Supplies,Binders,Premium Binder,CUST-0546,7,372.66,0.15,26.28,22.3,Autumn,2024,2024-11
ORD-01331,2024-11-24,North,Furniture,Furnishings,Desk Lamp,CUST-0063,4,627.57,0.1,57.87,54.9,Autumn,2024,2024-11
ORD-02382,2024-11-24,West,Office Supplies,Labels,Shipping Labels,CUST-0220,3,25.67,0.1,3.66,25.9,Autumn,2024,2024-11
ORD-00031,2024-11-25,South,Furniture,Tables,Computer Table,CUST-0499,2,239.25,0.0,26.09,83.6,Autumn,2024,2024-11
ORD-02217,2024-11-25,East,Technology,Phones,Smartphone,CUST-0799,8,4927.13,0.0,801.15,56.4,Autumn,2024,2024-11
ORD-00020,2024-11-25,South,Office Supplies,Paper,Premium Paper,CUST-0417,5,318.02,0.25,10.64,31.7,Autumn,2024,2024-11
ORD-02435,2024-11-25,North,Furniture,Chairs,Conference Chair,CUST-0250,6,1128.52,0.2,79.37,63.7,Autumn,2024,2024-11
ORD-02243,2024-11-26,West,Technology,Phones,Business Phone,CUST-0665,6,2937.77,0.25,90.35,49.4,Autumn,2024,2024-11
ORD-01919,2024-11-26,North,Office Supplies,Paper,Copy Paper,CUST-0604,6,53.55,0.0,12.64,44.3,Autumn,2024,2024-11
ORD-00506,2024-11-27,East,Furniture,Bookcases,Wood Bookcase,CUST-0746,6,922.66,0.2,-50.41,98.2,Autumn,2024,2024-11
ORD-01368,2024-11-27,West,Technology,Machines,Scanner,CUST-0535,1,392.68,0.1,63.04,27.5,Autumn,2024,2024-11
ORD-02047,2024-11-27,West,Office Supplies,Labels,Shipping Labels,CUST-0656,3,38.23,0.0,8.55,20.2,Autumn,2024,2024-11
ORD-00833,2024-11-27,East,Technology,Copiers,Office Copier,CUST-0578,4,654.07,0.1,69.72,21.6,Autumn,2024,2024-11
ORD-01853,2024-11-28,West,Technology,Accessories,Mouse,CUST-0077,5,1756.34,0.1,241.71,46.0,Autumn,2024,2024-11
ORD-01803,2024-11-28,East,Office Supplies,Binders,Ring Binder,CUST-0734,2,44.89,0.15,6.77,32.5,Autumn,2024,2024-11
ORD-00792,2024-11-28,West,Furniture,Chairs,Ergonomic Chair,CUST-0697,4,608.8,0.0,107.03,66.8,Autumn,2024,2024-11
ORD-02391,2024-11-28,South,Furniture,Bookcases,Wood Bookcase,CUST-0608,7,1492.16,0.0,106.47,83.9,Autumn,2024,2024-11
ORD-01458,2024-11-28,North,Technology,Copiers,Office Copier,CUST-0558,6,876.67,0.05,147.43,52.6,Autumn,2024,2024-11
ORD-02205,2024-11-28,West,Office Supplies,Storage,File Storage Box,CUST-0687,2,136.43,0.1,22.79,52.2,Autumn,2024,2024-11
ORD-02337,2024-11-28,South,Office Supplies,Art,Marker Set,CUST-0610,1,25.91,0.0,5.94,36.9,Autumn,2024,2024-11
ORD-01566,2024-11-28,East,Office Supplies,Paper,Premium Paper,CUST-0618,4,149.8,0.25,12.92,19.9,Autumn,2024,2024-11
ORD-00222,2024-11-29,North,Furniture,Tables,Computer Table,CUST-0320,2,604.17,0.05,25.26,54.5,Autumn,2024,2024-11
ORD-00871,2024-11-29,South,Furniture,Tables,Meeting Table,CUST-0757,2,771.52,0.1,-10.21,85.9,Autumn,2024,2024-11
ORD-01743,2024-11-29,South,Furniture,Bookcases,Wood Bookcase,CUST-0005,6,942.23,0.0,75.97,95.8,Autumn,2024,2024-11
ORD-00537,2024-11-29,South,Technology,Copiers,Office Copier,CUST-0420,2,166.99,0.1,11.95,50.3,Autumn,2024,2024-11
ORD-02180,2024-11-29,West,Furniture,Furnishings,Desk Organizer,CUST-0017,5,920.14,0.05,127.96,70.4,Autumn,2024,2024-11
ORD-01555,2024-11-30,North,Furniture,Chairs,Ergonomic Chair,CUST-0657,5,356.61,0.25,8.47,77.2,Autumn,2024,2024-11
ORD-02004,2024-11-30,South,Technology,Machines,Printer,CUST-0269,8,3896.2,0.1,425.92,56.5,Autumn,2024,2024-11
ORD-00205,2024-11-30,South,Furniture,Chairs,Conference Chair,CUST-0690,3,196.35,0.15,14.81,69.4,Autumn,2024,2024-11
ORD-00905,2024-12-01,East,Office Supplies,Storage,File Storage Box,CUST-0094,5,98.28,0.05,20.35,43.2,Winter,2024,2024-12
ORD-00114,2024-12-01,North,Office Supplies,Art,Marker Set,CUST-0514,1,77.19,0.1,12.34,29.5,Winter,2024,2024-12
ORD-00916,2024-12-01,South,Office Supplies,Storage,File Storage Box,CUST-0297,8,706.52,0.0,152.88,50.2,Winter,2024,2024-12
ORD-00798,2024-12-01,East,Furniture,Furnishings,Desk Organizer,CUST-0209,7,2125.21,0.2,103.5,65.1,Winter,2024,2024-12
ORD-01520,2024-12-02,West,Office Supplies,Storage,File Storage Box,CUST-0242,2,133.23,0.25,8.91,28.9,Winter,2024,2024-12
ORD-00335,2024-12-02,East,Office Supplies,Paper,Premium Paper,CUST-0578,7,126.81,0.1,18.6,42.2,Winter,2024,2024-12
ORD-00647,2024-12-02,East,Furniture,Tables,Computer Table,CUST-0368,1,374.69,0.0,18.37,50.9,Winter,2024,2024-12
ORD-01213,2024-12-02,North,Office Supplies,Art,Marker Set,CUST-0624,5,162.46,0.0,41.41,23.5,Winter,2024,2024-12
ORD-02189,2024-12-03,North,Office Supplies,Paper,Copy Paper,CUST-0641,1,67.38,0.05,16.39,23.2,Winter,2024,2024-12
ORD-00176,2024-12-03,South,Office Supplies,Paper,Copy Paper,CUST-0674,5,402.49,0.2,22.11,29.9,Winter,2024,2024-12
ORD-00939,2024-12-03,South,Technology,Accessories,Keyboard,CUST-0549,3,235.62,0.05,35.34,61.5,Winter,2024,2024-12
ORD-02274,2024-12-03,South,Technology,Machines,Scanner,CUST-0461,5,369.61,0.1,41.38,35.0,Winter,2024,2024-12
ORD-02020,2024-12-03,North,Technology,Phones,Smartphone,CUST-0432,1,658.22,0.05,120.84,28.6,Winter,2024,2024-12
ORD-00612,2024-12-04,West,Office Supplies,Paper,Copy Paper,CUST-0754,8,557.72,0.15,65.04,47.9,Winter,2024,2024-12
ORD-00231,2024-12-04,South,Furniture,Furnishings,Desk Lamp,CUST-0611,4,1169.21,0.05,137.38,69.8,Winter,2024,2024-12
ORD-00485,2024-12-04,West,Furniture,Tables,Office Table,CUST-0303,3,771.51,0.1,-0.82,90.2,Winter,2024,2024-12
ORD-00073,2024-12-04,North,Office Supplies,Art,Marker Set,CUST-0776,1,64.13,0.05,12.25,22.7,Winter,2024,2024-12
ORD-02409,2024-12-05,West,Furniture,Bookcases,Metal Bookcase,CUST-0446,7,716.18,0.05,37.54,83.7,Winter,2024,2024-12
ORD-01248,2024-12-05,North,Office Supplies,Paper,Copy Paper,CUST-0479,7,99.41,0.1,13.41,34.6,Winter,2024,2024-12
ORD-01954,2024-12-05,East,Technology,Phones,Smartphone,CUST-0358,6,2886.78,0.05,578.71,36.8,Winter,2024,2024-12
ORD-02465,2024-12-05,West,Furniture,Chairs,Task Chair,CUST-0770,3,318.1,0.0,49.33,18.8,Winter,2024,2024-12
ORD-02077,2024-12-05,South,Office Supplies,Paper,Copy Paper,CUST-0788,1,61.74,0.15,8.61,37.2,Winter,2024,2024-12
ORD-02354,2024-12-05,North,Technology,Copiers,Office Copier,CUST-0222,3,1051.85,0.0,210.94,27.9,Winter,2024,2024-12
ORD-00710,2024-12-06,East,Technology,Machines,Scanner,CUST-0012,5,291.73,0.15,27.7,50.0,Winter,2024,2024-12
ORD-01499,2024-12-07,South,Furniture,Bookcases,Metal Bookcase,CUST-0255,4,1702.25,0.0,205.63,62.0,Winter,2024,2024-12
ORD-01768,2024-12-07,North,Furniture,Tables,Office Table,CUST-0427,8,2203.6,0.15,-31.49,88.1,Winter,2024,2024-12
ORD-00277,2024-12-07,South,Office Supplies,Labels,Address Labels,CUST-0547,8,352.91,0.0,81.04,33.8,Winter,2024,2024-12
ORD-01075,2024-12-07,South,Office Supplies,Art,Marker Set,CUST-0475,7,135.74,0.15,17.16,35.9,Winter,2024,2024-12
ORD-00474,2024-12-07,East,Furniture,Tables,Computer Table,CUST-0613,2,884.48,0.0,83.88,59.0,Winter,2024,2024-12
ORD-00054,2024-12-07,South,Furniture,Chairs,Ergonomic Chair,CUST-0432,5,1299.49,0.25,66.05,67.3,Winter,2024,2024-12
ORD-01968,2024-12-08,North,Technology,Accessories,Mouse,CUST-0720,7,2922.71,0.25,199.73,63.9,Winter,2024,2024-12
ORD-01697,2024-12-08,South,Technology,Phones,Business Phone,CUST-0502,3,1955.58,0.05,426.21,47.2,Winter,2024,2024-12
ORD-01802,2024-12-08,North,Furniture,Bookcases,Metal Bookcase,CUST-0214,8,1304.73,0.0,106.0,80.9,Winter,2024,2024-12
ORD-00070,2024-12-09,West,Technology,Copiers,Office Copier,CUST-0295,3,304.12,0.15,44.65,52.1,Winter,2024,2024-12
ORD-01712,2024-12-09,West,Furniture,Chairs,Conference Chair,CUST-0142,3,1087.9,0.1,84.57,49.2,Winter,2024,2024-12
ORD-01431,2024-12-09,West,Office Supplies,Labels,Address Labels,CUST-0788,5,217.32,0.2,23.27,23.8,Winter,2024,2024-12
ORD-01102,2024-12-09,West,Technology,Accessories,Headset,CUST-0345,7,4356.95,0.1,669.43,33.5,Winter,2024,2024-12
ORD-00367,2024-12-09,North,Office Supplies,Storage,Drawer Unit,CUST-0491,1,59.08,0.1,7.38,21.3,Winter,2024,2024-12
ORD-02454,2024-12-09,East,Furniture,Tables,Meeting Table,CUST-0717,5,1715.44,0.05,125.81,96.5,Winter,2024,2024-12
ORD-00109,2024-12-10,East,Office Supplies,Paper,Premium Paper,CUST-0547,3,125.56,0.0,29.66,19.1,Winter,2024,2024-12
ORD-00124,2024-12-10,West,Furniture,Furnishings,Desk Organizer,CUST-0467,6,1484.48,0.0,239.69,65.6,Winter,2024,2024-12
ORD-01789,2024-12-11,North,Office Supplies,Art,Drawing Pad,CUST-0702,5,262.12,0.0,64.85,32.9,Winter,2024,2024-12
ORD-02395,2024-12-11,North,Office Supplies,Paper,Copy Paper,CUST-0395,2,170.79,0.1,30.53,20.0,Winter,2024,2024-12
ORD-02026,2024-12-11,West,Furniture,Bookcases,Wood Bookcase,CUST-0724,8,1516.7,0.0,100.7,69.1,Winter,2024,2024-12
ORD-00290,2024-12-12,South,Technology,Machines,Printer,CUST-0171,1,110.03,0.15,11.12,44.4,Winter,2024,2024-12
ORD-00974,2024-12-12,North,Office Supplies,Binders,Premium Binder,CUST-0550,8,468.84,0.0,122.08,16.2,Winter,2024,2024-12
ORD-00944,2024-12-12,North,Technology,Accessories,Mouse,CUST-0468,2,1242.27,0.1,141.54,51.6,Winter,2024,2024-12
ORD-02463,2024-12-12,West,Office Supplies,Paper,Premium Paper,CUST-0392,8,409.75,0.0,112.23,38.2,Winter,2024,2024-12
ORD-02459,2024-12-12,South,Furniture,Tables,Meeting Table,CUST-0664,1,461.41,0.05,20.02,75.7,Winter,2024,2024-12
ORD-00076,2024-12-13,West,Office Supplies,Labels,Shipping Labels,CUST-0316,8,362.49,0.25,26.68,65.4,Winter,2024,2024-12
ORD-00519,2024-12-13,North,Technology,Copiers,Office Copier,CUST-0173,2,597.95,0.1,70.23,39.5,Winter,2024,2024-12
ORD-01541,2024-12-13,West,Office Supplies,Storage,Drawer Unit,CUST-0406,3,35.15,0.0,6.17,38.1,Winter,2024,2024-12
ORD-00709,2024-12-13,West,Furniture,Furnishings,Desk Lamp,CUST-0241,3,932.45,0.15,50.62,39.9,Winter,2024,2024-12
ORD-02456,2024-12-14,North,Office Supplies,Paper,Copy Paper,CUST-0248,7,580.19,0.1,112.99,38.5,Winter,2024,2024-12
ORD-00973,2024-12-14,South,Furniture,Chairs,Ergonomic Chair,CUST-0406,1,111.68,0.0,17.55,60.3,Winter,2024,2024-12
ORD-02239,2024-12-14,North,Technology,Copiers,Office Copier,CUST-0430,1,343.14,0.1,45.48,40.7,Winter,2024,2024-12
ORD-01420,2024-12-14,South,Office Supplies,Labels,Shipping Labels,CUST-0425,4,222.13,0.05,50.46,40.4,Winter,2024,2024-12
ORD-01202,2024-12-15,West,Technology,Copiers,Office Copier,CUST-0289,4,397.46,0.25,-15.93,44.6,Winter,2024,2024-12
ORD-00622,2024-12-15,South,Furniture,Tables,Computer Table,CUST-0622,7,1657.73,0.0,149.89,80.9,Winter,2024,2024-12
ORD-01795,2024-12-15,West,Office Supplies,Paper,Premium Paper,CUST-0606,1,10.19,0.05,2.1,22.3,Winter,2024,2024-12
ORD-00785,2024-12-15,North,Office Supplies,Storage,File Storage Box,CUST-0360,6,560.43,0.1,62.64,30.7,Winter,2024,2024-12
ORD-01799,2024-12-16,West,Office Supplies,Paper,Copy Paper,CUST-0044,6,490.67,0.2,51.09,30.9,Winter,2024,2024-12
ORD-01508,2024-12-16,East,Office Supplies,Storage,Drawer Unit,CUST-0052,2,168.98,0.15,28.36,32.2,Winter,2024,2024-12
ORD-00768,2024-12-16,North,Furniture,Bookcases,Metal Bookcase,CUST-0546,3,630.76,0.15,-10.72,37.0,Winter,2024,2024-12
ORD-01101,2024-12-16,North,Furniture,Tables,Office Table,CUST-0510,7,858.81,0.25,-83.91,56.7,Winter,2024,2024-12
ORD-00644,2024-12-17,North,Office Supplies,Storage,Drawer Unit,CUST-0126,4,348.37,0.1,54.23,24.0,Winter,2024,2024-12
ORD-02178,2024-12-17,West,Technology,Phones,Business Phone,CUST-0327,7,5162.54,0.0,979.53,76.2,Winter,2024,2024-12
ORD-01808,2024-12-17,North,Office Supplies,Storage,Drawer Unit,CUST-0737,3,26.17,0.15,3.42,37.5,Winter,2024,2024-12
ORD-01517,2024-12-18,South,Office Supplies,Paper,Copy Paper,CUST-0035,2,178.38,0.15,28.16,38.5,Winter,2024,2024-12
ORD-00276,2024-12-18,North,Technology,Phones,Smartphone,CUST-0655,6,1027.72,0.0,205.47,44.5,Winter,2024,2024-12
ORD-01932,2024-12-18,South,Office Supplies,Binders,Premium Binder,CUST-0057,1,56.97,0.15,5.76,16.4,Winter,2024,2024-12
ORD-01146,2024-12-18,West,Office Supplies,Storage,Drawer Unit,CUST-0362,3,293.48,0.1,55.22,46.5,Winter,2024,2024-12
ORD-00282,2024-12-21,North,Office Supplies,Binders,Ring Binder,CUST-0607,7,384.77,0.1,65.71,51.0,Winter,2024,2024-12
ORD-02416,2024-12-21,South,Office Supplies,Labels,Address Labels,CUST-0800,1,53.73,0.0,10.42,28.8,Winter,2024,2024-12
ORD-01031,2024-12-22,South,Office Supplies,Labels,Shipping Labels,CUST-0111,5,248.08,0.25,11.53,32.6,Winter,2024,2024-12
ORD-00729,2024-12-22,West,Technology,Phones,Smartphone,CUST-0200,1,79.54,0.0,16.86,46.8,Winter,2024,2024-12
ORD-00444,2024-12-23,West,Technology,Machines,Printer,CUST-0101,6,1721.63,0.15,198.27,52.4,Winter,2024,2024-12
ORD-01244,2024-12-23,West,Office Supplies,Storage,File Storage Box,CUST-0483,7,691.41,0.1,115.73,30.1,Winter,2024,2024-12
ORD-01492,2024-12-23,West,Furniture,Furnishings,Desk Lamp,CUST-0580,2,971.05,0.0,157.3,52.8,Winter,2024,2024-12
ORD-00651,2024-12-23,East,Technology,Phones,Smartphone,CUST-0235,1,232.44,0.1,26.62,36.8,Winter,2024,2024-12
ORD-02156,2024-12-24,West,Technology,Accessories,Mouse,CUST-0500,6,1567.46,0.0,358.92,28.8,Winter,2024,2024-12
ORD-01116,2024-12-24,East,Furniture,Furnishings,Wall Clock,CUST-0683,6,1150.1,0.05,180.27,30.5,Winter,2024,2024-12
ORD-00284,2024-12-24,East,Office Supplies,Art,Drawing Pad,CUST-0564,7,222.75,0.1,42.34,29.7,Winter,2024,2024-12
ORD-01918,2024-12-24,North,Technology,Phones,Business Phone,CUST-0753,7,4613.66,0.0,939.85,36.7,Winter,2024,2024-12
ORD-01477,2024-12-24,West,Furniture,Chairs,Task Chair,CUST-0784,8,1917.71,0.1,169.38,74.1,Winter,2024,2024-12
ORD-00718,2024-12-25,West,Office Supplies,Binders,Ring Binder,CUST-0237,8,274.72,0.0,60.52,49.6,Winter,2024,2024-12
ORD-02298,2024-12-25,West,Furniture,Furnishings,Desk Lamp,CUST-0791,3,758.53,0.1,88.54,54.9,Winter,2024,2024-12
ORD-00563,2024-12-26,West,Furniture,Tables,Computer Table,CUST-0180,6,1953.96,0.2,-2.31,66.3,Winter,2024,2024-12
ORD-01120,2024-12-26,East,Office Supplies,Art,Marker Set,CUST-0563,8,674.49,0.05,166.8,37.7,Winter,2024,2024-12
ORD-00235,2024-12-26,East,Office Supplies,Paper,Copy Paper,CUST-0142,2,25.8,0.2,2.7,25.6,Winter,2024,2024-12
ORD-00203,2024-12-27,West,Technology,Machines,Scanner,CUST-0320,8,943.01,0.1,133.07,44.3,Winter,2024,2024-12
ORD-00252,2024-12-27,West,Office Supplies,Paper,Premium Paper,CUST-0780,1,23.69,0.0,5.1,31.7,Winter,2024,2024-12
ORD-01549,2024-12-27,East,Furniture,Bookcases,Metal Bookcase,CUST-0389,2,584.36,0.1,21.36,84.7,Winter,2024,2024-12
ORD-01519,2024-12-27,West,Technology,Machines,Scanner,CUST-0139,5,2926.63,0.15,394.82,45.0,Winter,2024,2024-12
ORD-01018,2024-12-27,East,Office Supplies,Storage,Drawer Unit,CUST-0526,5,77.72,0.0,17.94,33.1,Winter,2024,2024-12
ORD-01353,2024-12-28,South,Furniture,Tables,Meeting Table,CUST-0333,6,2025.73,0.2,-126.78,64.7,Winter,2024,2024-12
ORD-00185,2024-12-28,North,Office Supplies,Binders,Premium Binder,CUST-0455,7,366.81,0.2,47.35,51.1,Winter,2024,2024-12
ORD-01814,2024-12-28,West,Furniture,Furnishings,Desk Lamp,CUST-0634,8,2104.58,0.2,97.47,79.2,Winter,2024,2024-12
ORD-00183,2024-12-29,North,Office Supplies,Labels,Shipping Labels,CUST-0006,6,151.63,0.0,33.2,34.2,Winter,2024,2024-12
ORD-00055,2024-12-29,West,Furniture,Bookcases,Wood Bookcase,CUST-0518,1,131.22,0.15,-7.23,72.6,Winter,2024,2024-12
ORD-02011,2024-12-29,North,Furniture,Bookcases,Metal Bookcase,CUST-0287,7,925.11,0.0,67.39,71.1,Winter,2024,2024-12
ORD-01356,2024-12-29,North,Office Supplies,Labels,Shipping Labels,CUST-0451,7,185.42,0.2,11.9,26.0,Winter,2024,2024-12
ORD-00453,2024-12-30,South,Furniture,Furnishings,Desk Organizer,CUST-0262,7,2703.25,0.15,128.71,53.8,Winter,2024,2024-12
ORD-01162,2024-12-30,West,Office Supplies,Storage,Drawer Unit,CUST-0536,6,124.73,0.05,24.32,29.0,Winter,2024,2024-12
ORD-00405,2024-12-30,West,Office Supplies,Labels,Address Labels,CUST-0253,1,93.19,0.1,16.17,18.0,Winter,2024,2024-12
ORD-00021,2024-12-31,West,Technology,Phones,Business Phone,CUST-0658,3,1378.85,0.15,148.92,36.4,Winter,2024,2024-12
ORD-01053,2025-01-01,South,Furniture,Furnishings,Desk Lamp,CUST-0243,4,820.3,0.15,55.96,54.5,Winter,2025,2025-01
ORD-02254,2025-01-01,East,Furniture,Chairs,Task Chair,CUST-0203,1,432.16,0.05,42.32,26.9,Winter,2025,2025-01
ORD-00406,2025-01-01,South,Furniture,Tables,Office Table,CUST-0216,2,317.21,0.2,-24.75,77.6,Winter,2025,2025-01
ORD-00180,2025-01-01,South,Technology,Machines,Printer,CUST-0777,3,566.31,0.05,87.54,48.6,Winter,2025,2025-01
ORD-01091,2025-01-02,North,Technology,Phones,Smartphone,CUST-0461,8,2624.87,0.25,116.32,53.8,Winter,2025,2025-01
ORD-01737,2025-01-02,North,Technology,Copiers,Office Copier,CUST-0150,2,834.04,0.05,130.75,37.7,Winter,2025,2025-01
ORD-01379,2025-01-02,South,Technology,Copiers,Office Copier,CUST-0246,8,961.09,0.05,151.76,40.0,Winter,2025,2025-01
ORD-00667,2025-01-02,East,Office Supplies,Paper,Premium Paper,CUST-0683,8,705.41,0.0,184.52,47.5,Winter,2025,2025-01
ORD-00876,2025-01-03,South,Office Supplies,Labels,Shipping Labels,CUST-0466,7,179.06,0.05,29.61,29.1,Winter,2025,2025-01
ORD-01008,2025-01-03,West,Technology,Copiers,Office Copier,CUST-0755,2,232.43,0.2,24.56,45.1,Winter,2025,2025-01
ORD-00556,2025-01-03,East,Furniture,Chairs,Ergonomic Chair,CUST-0467,6,570.47,0.0,84.96,53.7,Winter,2025,2025-01
ORD-01767,2025-01-03,West,Furniture,Furnishings,Desk Lamp,CUST-0759,6,2352.86,0.15,212.14,78.0,Winter,2025,2025-01
ORD-02350,2025-01-03,South,Furniture,Bookcases,Wood Bookcase,CUST-0435,8,2003.04,0.25,-75.45,69.5,Winter,2025,2025-01
ORD-00159,2025-01-04,West,Office Supplies,Binders,Premium Binder,CUST-0081,5,332.54,0.1,74.86,8.7,Winter,2025,2025-01
ORD-00115,2025-01-04,South,Technology,Accessories,Mouse,CUST-0550,7,4088.84,0.1,671.07,59.6,Winter,2025,2025-01
ORD-00629,2025-01-04,East,Technology,Machines,Printer,CUST-0228,8,2082.18,0.05,263.34,39.0,Winter,2025,2025-01
ORD-01152,2025-01-04,West,Furniture,Bookcases,Metal Bookcase,CUST-0786,2,579.31,0.15,-21.56,75.8,Winter,2025,2025-01
ORD-00420,2025-01-05,West,Office Supplies,Art,Drawing Pad,CUST-0033,1,96.63,0.1,17.83,20.8,Winter,2025,2025-01
ORD-01217,2025-01-05,West,Office Supplies,Storage,Drawer Unit,CUST-0076,1,19.15,0.0,3.7,41.1,Winter,2025,2025-01
ORD-02251,2025-01-05,South,Office Supplies,Art,Marker Set,CUST-0739,6,497.56,0.2,48.25,22.2,Winter,2025,2025-01
ORD-01618,2025-01-05,East,Technology,Machines,Scanner,CUST-0500,5,433.73,0.1,59.35,43.0,Winter,2025,2025-01
ORD-01051,2025-01-06,West,Office Supplies,Storage,Drawer Unit,CUST-0022,6,215.59,0.0,42.38,43.5,Winter,2025,2025-01
ORD-00940,2025-01-06,West,Technology,Accessories,Keyboard,CUST-0580,4,1666.86,0.0,383.05,26.2,Winter,2025,2025-01
ORD-00445,2025-01-06,East,Furniture,Furnishings,Desk Lamp,CUST-0002,3,1096.04,0.1,143.59,53.2,Winter,2025,2025-01
ORD-01490,2025-01-06,East,Office Supplies,Art,Drawing Pad,CUST-0367,5,302.24,0.0,70.58,31.4,Winter,2025,2025-01
ORD-01241,2025-01-06,West,Furniture,Bookcases,Metal Bookcase,CUST-0559,3,422.69,0.15,-8.29,77.2,Winter,2025,2025-01
ORD-02313,2025-01-07,West,Furniture,Chairs,Conference Chair,CUST-0172,4,1479.18,0.2,85.48,57.9,Winter,2025,2025-01
ORD-02066,2025-01-07,North,Technology,Phones,Business Phone,CUST-0284,6,1322.83,0.05,203.89,68.7,Winter,2025,2025-01
ORD-00897,2025-01-07,North,Technology,Accessories,Keyboard,CUST-0172,6,592.23,0.1,106.12,60.3,Winter,2025,2025-01
ORD-01442,2025-01-09,South,Office Supplies,Art,Drawing Pad,CUST-0085,4,299.2,0.25,26.91,25.6,Winter,2025,2025-01
ORD-01000,2025-01-09,South,Furniture,Bookcases,Metal Bookcase,CUST-0793,5,1096.94,0.15,-20.39,71.5,Winter,2025,2025-01
ORD-00017,2025-01-10,North,Office Supplies,Labels,Shipping Labels,CUST-0534,7,573.5,0.1,122.66,51.9,Winter,2025,2025-01
ORD-00608,2025-01-10,South,Office Supplies,Binders,Premium Binder,CUST-0046,8,654.93,0.25,63.72,43.4,Winter,2025,2025-01
ORD-01583,2025-01-11,South,Furniture,Chairs,Conference Chair,CUST-0072,1,404.49,0.0,50.89,44.0,Winter,2025,2025-01
ORD-01207,2025-01-11,East,Technology,Accessories,Headset,CUST-0511,4,2353.89,0.1,399.73,27.3,Winter,2025,2025-01
ORD-00344,2025-01-11,South,Furniture,Bookcases,Metal Bookcase,CUST-0631,6,614.52,0.0,59.68,51.1,Winter,2025,2025-01
ORD-01296,2025-01-11,South,Technology,Phones,Smartphone,CUST-0610,8,3581.18,0.15,465.12,64.0,Winter,2025,2025-01
ORD-00803,2025-01-11,South,Furniture,Bookcases,Wood Bookcase,CUST-0380,1,385.27,0.0,30.91,61.3,Winter,2025,2025-01
ORD-01680,2025-01-11,East,Office Supplies,Paper,Copy Paper,CUST-0028,7,337.7,0.1,57.58,19.7,Winter,2025,2025-01
ORD-01720,2025-01-12,North,Furniture,Chairs,Ergonomic Chair,CUST-0154,7,1652.67,0.1,137.29,72.3,Winter,2025,2025-01
ORD-00549,2025-01-12,East,Office Supplies,Binders,Premium Binder,CUST-0728,3,70.04,0.25,5.86,31.2,Winter,2025,2025-01
ORD-02264,2025-01-12,West,Office Supplies,Paper,Copy Paper,CUST-0321,6,479.96,0.0,111.39,69.7,Winter,2025,2025-01
ORD-01460,2025-01-12,East,Furniture,Bookcases,Metal Bookcase,CUST-0114,6,2528.46,0.05,273.13,80.6,Winter,2025,2025-01
ORD-01165,2025-01-12,South,Office Supplies,Binders,Ring Binder,CUST-0258,7,293.95,0.0,62.22,23.5,Winter,2025,2025-01
ORD-01916,2025-01-13,East,Office Supplies,Binders,Premium Binder,CUST-0118,7,621.94,0.1,87.64,35.8,Winter,2025,2025-01
ORD-00717,2025-01-13,West,Furniture,Bookcases,Metal Bookcase,CUST-0541,1,288.45,0.0,24.58,68.2,Winter,2025,2025-01
ORD-01015,2025-01-14,East,Office Supplies,Paper,Premium Paper,CUST-0593,7,551.13,0.25,26.54,43.8,Winter,2025,2025-01
ORD-00366,2025-01-14,North,Furniture,Chairs,Ergonomic Chair,CUST-0111,1,96.05,0.05,5.96,46.7,Winter,2025,2025-01
ORD-02133,2025-01-14,West,Technology,Copiers,Office Copier,CUST-0370,8,4310.51,0.05,693.79,62.4,Winter,2025,2025-01
ORD-01010,2025-01-15,South,Technology,Accessories,Headset,CUST-0357,4,435.98,0.2,22.83,50.4,Winter,2025,2025-01
ORD-01686,2025-01-15,South,Furniture,Furnishings,Desk Organizer,CUST-0786,8,725.39,0.0,127.45,77.9,Winter,2025,2025-01
ORD-00296,2025-01-15,South,Furniture,Chairs,Ergonomic Chair,CUST-0288,6,2103.5,0.0,371.61,46.7,Winter,2025,2025-01
ORD-00701,2025-01-15,West,Technology,Machines,Printer,CUST-0198,8,1812.45,0.25,97.43,53.9,Winter,2025,2025-01
ORD-01849,2025-01-15,South,Office Supplies,Labels,Address Labels,CUST-0791,8,438.07,0.0,103.89,45.1,Winter,2025,2025-01
ORD-00449,2025-01-15,West,Furniture,Bookcases,Wood Bookcase,CUST-0623,2,210.01,0.15,1.13,70.8,Winter,2025,2025-01
ORD-00893,2025-01-16,West,Office Supplies,Art,Drawing Pad,CUST-0718,5,360.25,0.05,65.03,24.7,Winter,2025,2025-01
ORD-01800,2025-01-16,North,Office Supplies,Art,Marker Set,CUST-0703,2,59.52,0.05,13.22,9.5,Winter,2025,2025-01
ORD-02477,2025-01-16,West,Office Supplies,Storage,Drawer Unit,CUST-0212,8,372.13,0.1,57.08,33.9,Winter,2025,2025-01
ORD-02432,2025-01-16,North,Office Supplies,Binders,Ring Binder,CUST-0708,8,177.2,0.1,29.8,41.8,Winter,2025,2025-01
ORD-00679,2025-01-17,North,Furniture,Tables,Office Table,CUST-0421,3,749.42,0.0,69.05,53.5,Winter,2025,2025-01
ORD-00712,2025-01-17,South,Office Supplies,Binders,Premium Binder,CUST-0555,3,191.22,0.25,11.26,32.2,Winter,2025,2025-01
ORD-00578,2025-01-17,South,Technology,Machines,Printer,CUST-0595,4,1154.94,0.15,128.73,37.4,Winter,2025,2025-01
ORD-02489,2025-01-18,West,Technology,Phones,Smartphone,CUST-0507,8,2965.6,0.05,470.96,67.8,Winter,2025,2025-01
ORD-01074,2025-01-18,North,Office Supplies,Storage,Drawer Unit,CUST-0704,1,76.25,0.0,19.12,21.1,Winter,2025,2025-01
ORD-01311,2025-01-18,East,Furniture,Bookcases,Wood Bookcase,CUST-0672,4,1212.93,0.1,30.22,76.9,Winter,2025,2025-01
ORD-01665,2025-01-18,South,Technology,Accessories,Mouse,CUST-0639,7,4066.1,0.05,790.56,59.0,Winter,2025,2025-01
ORD-01859,2025-01-18,North,Office Supplies,Storage,Drawer Unit,CUST-0635,8,669.36,0.15,87.48,46.8,Winter,2025,2025-01
ORD-00997,2025-01-19,South,Office Supplies,Art,Marker Set,CUST-0559,1,21.79,0.2,2.51,22.6,Winter,2025,2025-01
ORD-01195,2025-01-19,South,Office Supplies,Binders,Ring Binder,CUST-0607,3,232.61,0.05,36.3,20.2,Winter,2025,2025-01
ORD-00011,2025-01-19,North,Technology,Machines,Scanner,CUST-0031,7,2153.27,0.15,240.68,44.6,Winter,2025,2025-01
ORD-02029,2025-01-19,South,Technology,Copiers,Office Copier,CUST-0291,4,1884.74,0.1,244.52,36.9,Winter,2025,2025-01
ORD-01957,2025-01-21,North,Technology,Copiers,Office Copier,CUST-0639,4,1000.69,0.15,122.61,31.1,Winter,2025,2025-01
ORD-01501,2025-01-22,North,Office Supplies,Paper,Premium Paper,CUST-0052,2,115.68,0.15,16.15,12.9,Winter,2025,2025-01
ORD-01920,2025-01-22,East,Technology,Machines,Printer,CUST-0490,2,1164.12,0.0,185.74,54.9,Winter,2025,2025-01
ORD-00995,2025-01-22,South,Furniture,Chairs,Task Chair,CUST-0385,7,3001.17,0.1,238.19,63.3,Winter,2025,2025-01
ORD-02411,2025-01-22,North,Office Supplies,Paper,Copy Paper,CUST-0096,6,258.5,0.0,54.39,25.6,Winter,2025,2025-01
ORD-00488,2025-01-22,North,Technology,Phones,Smartphone,CUST-0568,5,2130.66,0.15,223.54,53.5,Winter,2025,2025-01
ORD-01392,2025-01-22,West,Office Supplies,Art,Marker Set,CUST-0133,1,75.74,0.2,7.38,38.7,Winter,2025,2025-01
ORD-01299,2025-01-22,South,Furniture,Bookcases,Wood Bookcase,CUST-0537,5,1655.96,0.0,128.48,66.6,Winter,2025,2025-01
ORD-01991,2025-01-23,West,Office Supplies,Art,Drawing Pad,CUST-0623,5,213.33,0.15,27.05,20.0,Winter,2025,2025-01
ORD-00507,2025-01-23,North,Furniture,Bookcases,Metal Bookcase,CUST-0764,7,2190.09,0.2,-136.19,79.6,Winter,2025,2025-01
ORD-01164,2025-01-23,East,Technology,Machines,Scanner,CUST-0290,2,656.4,0.15,64.22,34.2,Winter,2025,2025-01
ORD-01958,2025-01-23,North,Technology,Phones,Business Phone,CUST-0559,6,597.34,0.0,106.85,57.2,Winter,2025,2025-01
ORD-01147,2025-01-23,South,Furniture,Tables,Computer Table,CUST-0548,7,3005.62,0.0,305.05,77.4,Winter,2025,2025-01
ORD-02048,2025-01-23,South,Technology,Phones,Business Phone,CUST-0017,3,931.21,0.2,97.46,37.5,Winter,2025,2025-01
ORD-01902,2025-01-23,East,Office Supplies,Paper,Premium Paper,CUST-0791,6,72.48,0.05,17.49,25.6,Winter,2025,2025-01
ORD-00656,2025-01-24,South,Office Supplies,Art,Drawing Pad,CUST-0071,6,101.18,0.25,7.26,42.5,Winter,2025,2025-01
ORD-00747,2025-01-24,South,Office Supplies,Binders,Ring Binder,CUST-0191,7,230.69,0.0,50.9,31.7,Winter,2025,2025-01
ORD-00351,2025-01-24,West,Furniture,Furnishings,Wall Clock,CUST-0663,8,2419.71,0.05,426.81,87.8,Winter,2025,2025-01
ORD-01553,2025-01-24,North,Technology,Accessories,Headset,CUST-0628,2,1402.66,0.05,225.13,45.7,Winter,2025,2025-01
ORD-01669,2025-01-24,North,Furniture,Furnishings,Wall Clock,CUST-0530,8,807.39,0.15,72.84,65.4,Winter,2025,2025-01
ORD-01341,2025-01-25,West,Office Supplies,Art,Marker Set,CUST-0212,5,264.19,0.25,16.22,32.4,Winter,2025,2025-01
ORD-01901,2025-01-25,North,Technology,Phones,Smartphone,CUST-0290,8,843.84,0.1,132.3,48.4,Winter,2025,2025-01
ORD-01335,2025-01-25,North,Technology,Phones,Business Phone,CUST-0616,6,2812.23,0.1,456.42,46.7,Winter,2025,2025-01
ORD-02310,2025-01-25,East,Technology,Machines,Scanner,CUST-0471,5,2069.58,0.0,398.3,43.6,Winter,2025,2025-01
ORD-01725,2025-01-25,East,Office Supplies,Art,Marker Set,CUST-0372,5,400.64,0.05,74.99,38.7,Winter,2025,2025-01
ORD-00648,2025-01-26,South,Technology,Machines,Printer,CUST-0517,7,5247.59,0.0,1096.67,39.4,Winter,2025,2025-01
ORD-00606,2025-01-26,West,Office Supplies,Labels,Shipping Labels,CUST-0736,4,244.82,0.15,25.44,37.6,Winter,2025,2025-01
ORD-01636,2025-01-26,North,Technology,Copiers,Office Copier,CUST-0091,4,1992.11,0.15,182.1,35.7,Winter,2025,2025-01
ORD-00931,2025-01-27,West,Technology,Accessories,Headset,CUST-0227,2,514.9,0.05,97.46,36.5,Winter,2025,2025-01
ORD-00561,2025-01-27,North,Office Supplies,Paper,Copy Paper,CUST-0074,4,145.91,0.25,14.9,57.3,Winter,2025,2025-01
ORD-01922,2025-01-27,East,Technology,Machines,Scanner,CUST-0261,8,824.32,0.2,79.34,32.4,Winter,2025,2025-01
ORD-02336,2025-01-28,West,Technology,Copiers,Office Copier,CUST-0403,1,404.27,0.0,87.75,22.4,Winter,2025,2025-01
ORD-02351,2025-01-28,South,Office Supplies,Storage,Drawer Unit,CUST-0063,6,303.94,0.25,20.53,49.0,Winter,2025,2025-01
ORD-02139,2025-01-29,South,Technology,Machines,Scanner,CUST-0616,8,5031.53,0.15,402.79,43.7,Winter,2025,2025-01
ORD-00539,2025-01-29,West,Technology,Accessories,Mouse,CUST-0129,3,319.65,0.0,66.61,52.6,Winter,2025,2025-01
ORD-00877,2025-01-29,South,Technology,Accessories,Headset,CUST-0458,7,1178.21,0.0,242.96,71.5,Winter,2025,2025-01
ORD-01140,2025-01-29,North,Technology,Copiers,Office Copier,CUST-0637,1,107.04,0.0,27.53,48.9,Winter,2025,2025-01
ORD-01380,2025-01-30,North,Technology,Accessories,Keyboard,CUST-0308,8,3953.69,0.1,462.96,24.2,Winter,2025,2025-01
ORD-00927,2025-01-30,South,Furniture,Chairs,Ergonomic Chair,CUST-0236,1,226.2,0.1,27.46,59.6,Winter,2025,2025-01
ORD-01259,2025-01-30,East,Office Supplies,Labels,Shipping Labels,CUST-0241,2,18.4,0.05,3.03,37.5,Winter,2025,2025-01
ORD-00917,2025-01-31,West,Technology,Machines,Printer,CUST-0673,2,829.72,0.15,73.95,51.2,Winter,2025,2025-01
ORD-00305,2025-01-31,North,Technology,Phones,Business Phone,CUST-0730,5,1191.95,0.15,143.92,78.6,Winter,2025,2025-01
ORD-00289,2025-01-31,West,Office Supplies,Paper,Copy Paper,CUST-0423,8,265.6,0.15,35.39,36.4,Winter,2025,2025-01
ORD-02118,2025-01-31,East,Office Supplies,Binders,Ring Binder,CUST-0539,3,29.28,0.15,4.77,33.7,Winter,2025,2025-01
ORD-01848,2025-01-31,South,Office Supplies,Art,Marker Set,CUST-0483,5,209.93,0.2,16.68,30.4,Winter,2025,2025-01
ORD-02154,2025-02-02,West,Technology,Copiers,Office Copier,CUST-0788,7,1640.81,0.15,130.6,66.7,Winter,2025,2025-02
ORD-00295,2025-02-02,South,Office Supplies,Storage,File Storage Box,CUST-0056,2,165.2,0.15,19.4,33.8,Winter,2025,2025-02
ORD-00807,2025-02-02,West,Technology,Machines,Scanner,CUST-0290,1,192.68,0.15,18.96,54.9,Winter,2025,2025-02
ORD-02343,2025-02-02,West,Office Supplies,Storage,Drawer Unit,CUST-0225,3,237.61,0.15,22.39,34.8,Winter,2025,2025-02
ORD-00029,2025-02-02,West,Technology,Machines,Scanner,CUST-0362,4,2361.92,0.05,455.97,42.9,Winter,2025,2025-02
ORD-02137,2025-02-02,East,Furniture,Chairs,Ergonomic Chair,CUST-0192,2,380.99,0.0,63.5,40.7,Winter,2025,2025-02
ORD-00789,2025-02-02,East,Furniture,Bookcases,Metal Bookcase,CUST-0164,2,612.65,0.0,53.08,72.1,Winter,2025,2025-02
ORD-00983,2025-02-03,North,Office Supplies,Binders,Premium Binder,CUST-0297,1,26.4,0.2,3.01,25.9,Winter,2025,2025-02
ORD-00229,2025-02-03,South,Office Supplies,Labels,Address Labels,CUST-0401,5,527.36,0.0,131.92,30.6,Winter,2025,2025-02
ORD-00331,2025-02-03,West,Office Supplies,Labels,Shipping Labels,CUST-0322,7,367.28,0.0,75.93,39.5,Winter,2025,2025-02
ORD-02119,2025-02-03,North,Furniture,Chairs,Ergonomic Chair,CUST-0240,5,902.57,0.1,70.09,51.6,Winter,2025,2025-02
ORD-00057,2025-02-03,East,Office Supplies,Binders,Premium Binder,CUST-0034,3,279.72,0.05,67.5,32.3,Winter,2025,2025-02
ORD-01577,2025-02-04,South,Office Supplies,Paper,Copy Paper,CUST-0715,2,169.81,0.2,12.5,25.3,Winter,2025,2025-02
ORD-00879,2025-02-04,North,Furniture,Tables,Computer Table,CUST-0461,5,1491.9,0.05,81.46,95.8,Winter,2025,2025-02
ORD-00992,2025-02-05,North,Furniture,Chairs,Ergonomic Chair,CUST-0344,1,280.24,0.05,36.24,57.7,Winter,2025,2025-02
ORD-01323,2025-02-05,West,Office Supplies,Paper,Premium Paper,CUST-0340,7,241.2,0.1,38.67,49.2,Winter,2025,2025-02
ORD-02404,2025-02-06,North,Furniture,Tables,Office Table,CUST-0447,4,872.62,0.1,21.16,53.2,Winter,2025,2025-02
ORD-01497,2025-02-06,North,Office Supplies,Labels,Shipping Labels,CUST-0403,7,563.3,0.0,130.93,41.8,Winter,2025,2025-02
ORD-02252,2025-02-07,East,Furniture,Chairs,Ergonomic Chair,CUST-0210,2,672.76,0.1,72.49,67.2,Winter,2025,2025-02
ORD-01997,2025-02-07,South,Furniture,Furnishings,Wall Clock,CUST-0123,4,826.3,0.15,93.42,62.9,Winter,2025,2025-02
ORD-01840,2025-02-08,West,Office Supplies,Binders,Premium Binder,CUST-0384,7,567.9,0.1,90.31,39.9,Winter,2025,2025-02
ORD-00655,2025-02-08,East,Office Supplies,Labels,Shipping Labels,CUST-0625,6,244.4,0.1,50.89,38.3,Winter,2025,2025-02
ORD-01625,2025-02-08,North,Office Supplies,Binders,Ring Binder,CUST-0093,5,307.57,0.0,66.38,37.9,Winter,2025,2025-02
ORD-00132,2025-02-08,North,Technology,Machines,Printer,CUST-0166,7,4988.76,0.0,801.74,69.4,Winter,2025,2025-02
ORD-01222,2025-02-08,West,Furniture,Chairs,Ergonomic Chair,CUST-0519,7,1405.42,0.15,124.11,56.6,Winter,2025,2025-02
ORD-02335,2025-02-08,West,Furniture,Chairs,Ergonomic Chair,CUST-0635,4,403.69,0.1,36.01,69.4,Winter,2025,2025-02
ORD-00762,2025-02-08,South,Office Supplies,Art,Marker Set,CUST-0682,4,180.2,0.0,37.88,24.9,Winter,2025,2025-02
ORD-01664,2025-02-08,East,Furniture,Furnishings,Desk Lamp,CUST-0769,1,235.78,0.0,40.11,57.5,Winter,2025,2025-02
ORD-00456,2025-02-09,West,Technology,Accessories,Mouse,CUST-0464,6,1226.28,0.1,171.82,46.8,Winter,2025,2025-02
ORD-00755,2025-02-09,North,Furniture,Bookcases,Metal Bookcase,CUST-0685,1,132.84,0.15,-4.99,81.3,Winter,2025,2025-02
ORD-00308,2025-02-09,South,Technology,Machines,Scanner,CUST-0467,3,1588.47,0.05,251.03,46.2,Winter,2025,2025-02
ORD-01365,2025-02-09,South,Furniture,Furnishings,Desk Organizer,CUST-0665,5,428.52,0.15,46.66,64.7,Winter,2025,2025-02
ORD-00330,2025-02-09,West,Office Supplies,Storage,File Storage Box,CUST-0049,6,298.14,0.25,19.44,31.5,Winter,2025,2025-02
ORD-00034,2025-02-09,East,Furniture,Chairs,Conference Chair,CUST-0403,5,1986.59,0.0,367.63,48.9,Winter,2025,2025-02
ORD-01938,2025-02-09,West,Furniture,Tables,Computer Table,CUST-0169,1,448.87,0.0,31.35,101.3,Winter,2025,2025-02
ORD-01129,2025-02-10,North,Office Supplies,Art,Drawing Pad,CUST-0269,5,54.85,0.05,10.37,49.2,Winter,2025,2025-02
ORD-01258,2025-02-10,West,Office Supplies,Art,Marker Set,CUST-0721,7,273.47,0.05,55.5,24.9,Winter,2025,2025-02
ORD-01084,2025-02-10,North,Technology,Accessories,Mouse,CUST-0055,1,585.68,0.1,61.94,32.9,Winter,2025,2025-02
ORD-00113,2025-02-10,East,Office Supplies,Binders,Premium Binder,CUST-0381,3,150.52,0.05,27.97,22.2,Winter,2025,2025-02
ORD-02031,2025-02-10,East,Technology,Phones,Smartphone,CUST-0581,4,1758.95,0.15,149.43,54.3,Winter,2025,2025-02
ORD-00158,2025-02-11,North,Technology,Accessories,Headset,CUST-0447,8,4289.07,0.1,619.84,34.5,Winter,2025,2025-02
ORD-01565,2025-02-11,North,Office Supplies,Paper,Copy Paper,CUST-0134,2,74.03,0.0,17.98,24.5,Winter,2025,2025-02
ORD-01975,2025-02-12,North,Technology,Machines,Printer,CUST-0601,8,2012.7,0.1,358.5,51.1,Winter,2025,2025-02
ORD-00134,2025-02-12,West,Office Supplies,Storage,File Storage Box,CUST-0359,1,23.21,0.2,2.44,21.1,Winter,2025,2025-02
ORD-01003,2025-02-12,South,Office Supplies,Storage,Drawer Unit,CUST-0413,4,353.15,0.05,55.42,39.5,Winter,2025,2025-02
ORD-01387,2025-02-13,South,Furniture,Tables,Meeting Table,CUST-0119,5,798.08,0.15,-7.14,76.7,Winter,2025,2025-02
ORD-01412,2025-02-14,South,Technology,Accessories,Headset,CUST-0547,3,1456.47,0.0,279.45,42.9,Winter,2025,2025-02
ORD-02426,2025-02-14,West,Technology,Phones,Smartphone,CUST-0211,3,632.12,0.0,114.31,50.8,Winter,2025,2025-02
ORD-02062,2025-02-14,West,Furniture,Bookcases,Metal Bookcase,CUST-0643,1,421.21,0.05,19.02,68.7,Winter,2025,2025-02
ORD-01434,2025-02-14,East,Office Supplies,Storage,Drawer Unit,CUST-0012,1,17.51,0.2,1.57,24.4,Winter,2025,2025-02
ORD-00706,2025-02-16,West,Office Supplies,Paper,Copy Paper,CUST-0047,3,72.74,0.2,6.79,27.6,Winter,2025,2025-02
ORD-00079,2025-02-16,South,Technology,Accessories,Mouse,CUST-0269,7,397.87,0.15,39.05,56.5,Winter,2025,2025-02
ORD-02436,2025-02-16,North,Technology,Phones,Business Phone,CUST-0247,3,197.69,0.0,41.36,47.7,Winter,2025,2025-02
ORD-00126,2025-02-17,North,Office Supplies,Labels,Shipping Labels,CUST-0673,7,264.35,0.05,57.42,25.5,Winter,2025,2025-02
ORD-00131,2025-02-17,South,Office Supplies,Binders,Ring Binder,CUST-0301,6,431.36,0.15,54.5,39.8,Winter,2025,2025-02
ORD-01029,2025-02-17,West,Furniture,Bookcases,Metal Bookcase,CUST-0665,2,206.79,0.0,22.92,84.0,Winter,2025,2025-02
ORD-00980,2025-02-17,East,Office Supplies,Paper,Premium Paper,CUST-0315,4,118.85,0.1,21.52,28.9,Winter,2025,2025-02
ORD-02402,2025-02-18,North,Technology,Phones,Smartphone,CUST-0604,8,1704.95,0.05,251.54,61.3,Winter,2025,2025-02
ORD-01672,2025-02-18,North,Office Supplies,Art,Drawing Pad,CUST-0674,4,328.01,0.25,17.94,54.8,Winter,2025,2025-02
ORD-00437,2025-02-18,East,Furniture,Bookcases,Metal Bookcase,CUST-0062,2,257.52,0.1,-0.19,77.8,Winter,2025,2025-02
ORD-01189,2025-02-18,South,Office Supplies,Paper,Copy Paper,CUST-0630,1,56.76,0.2,8.85,33.1,Winter,2025,2025-02
ORD-00116,2025-02-19,East,Office Supplies,Labels,Shipping Labels,CUST-0506,7,195.68,0.05,45.57,40.9,Winter,2025,2025-02
ORD-01544,2025-02-20,West,Office Supplies,Labels,Shipping Labels,CUST-0187,4,367.55,0.0,79.94,48.0,Winter,2025,2025-02
ORD-02303,2025-02-20,South,Technology,Accessories,Mouse,CUST-0002,6,2538.59,0.2,202.43,45.3,Winter,2025,2025-02
ORD-01728,2025-02-20,East,Office Supplies,Storage,File Storage Box,CUST-0654,1,78.65,0.25,7.25,17.0,Winter,2025,2025-02
ORD-00570,2025-02-21,East,Office Supplies,Storage,File Storage Box,CUST-0084,8,642.65,0.0,168.8,39.7,Winter,2025,2025-02
ORD-01759,2025-02-21,North,Technology,Accessories,Keyboard,CUST-0095,6,625.31,0.0,130.67,43.8,Winter,2025,2025-02
ORD-00288,2025-02-21,West,Technology,Phones,Business Phone,CUST-0389,5,954.13,0.15,95.19,54.3,Winter,2025,2025-02
ORD-02199,2025-02-21,South,Office Supplies,Paper,Premium Paper,CUST-0008,2,55.29,0.1,10.99,23.9,Winter,2025,2025-02
ORD-01455,2025-02-22,East,Furniture,Furnishings,Desk Lamp,CUST-0624,6,2901.12,0.0,581.03,60.9,Winter,2025,2025-02
ORD-00978,2025-02-22,North,Furniture,Furnishings,Desk Lamp,CUST-0237,3,387.45,0.2,11.37,55.6,Winter,2025,2025-02
ORD-00922,2025-02-22,South,Office Supplies,Binders,Ring Binder,CUST-0687,6,426.38,0.15,62.09,34.0,Winter,2025,2025-02
ORD-01631,2025-02-22,North,Furniture,Chairs,Task Chair,CUST-0216,1,367.88,0.05,46.5,59.1,Winter,2025,2025-02
ORD-00708,2025-02-22,North,Office Supplies,Binders,Ring Binder,CUST-0452,1,87.99,0.05,16.08,19.6,Winter,2025,2025-02
ORD-01897,2025-02-23,West,Office Supplies,Paper,Premium Paper,CUST-0661,6,640.71,0.0,163.78,5.0,Winter,2025,2025-02
ORD-01344,2025-02-24,North,Office Supplies,Art,Marker Set,CUST-0008,6,265.23,0.05,54.0,19.6,Winter,2025,2025-02
ORD-00129,2025-02-24,East,Furniture,Chairs,Ergonomic Chair,CUST-0549,4,609.31,0.2,33.6,50.9,Winter,2025,2025-02
ORD-01765,2025-02-24,South,Furniture,Furnishings,Desk Organizer,CUST-0650,6,807.95,0.15,24.36,55.5,Winter,2025,2025-02
ORD-02247,2025-02-24,East,Office Supplies,Binders,Premium Binder,CUST-0710,2,42.1,0.05,9.62,8.0,Winter,2025,2025-02
ORD-00930,2025-02-26,West,Technology,Machines,Printer,CUST-0366,4,272.86,0.15,34.37,36.5,Winter,2025,2025-02
ORD-01627,2025-02-26,South,Furniture,Chairs,Conference Chair,CUST-0090,1,111.46,0.15,8.61,56.9,Winter,2025,2025-02
ORD-00535,2025-02-26,North,Technology,Copiers,Office Copier,CUST-0476,4,1773.05,0.05,328.07,50.9,Winter,2025,2025-02
ORD-00597,2025-02-27,South,Technology,Phones,Business Phone,CUST-0197,6,1395.65,0.0,222.69,47.9,Winter,2025,2025-02
ORD-00228,2025-02-27,West,Furniture,Chairs,Task Chair,CUST-0340,4,582.18,0.15,15.26,71.6,Winter,2025,2025-02
ORD-00266,2025-02-28,South,Office Supplies,Art,Marker Set,CUST-0634,5,361.76,0.15,39.7,40.2,Winter,2025,2025-02
ORD-00677,2025-02-28,South,Furniture,Furnishings,Wall Clock,CUST-0308,7,2274.45,0.2,81.09,54.7,Winter,2025,2025-02
ORD-01760,2025-02-28,West,Office Supplies,Paper,Copy Paper,CUST-0326,2,151.66,0.15,32.23,29.3,Winter,2025,2025-02
ORD-00424,2025-02-28,North,Furniture,Bookcases,Metal Bookcase,CUST-0229,2,573.3,0.15,-21.74,65.4,Winter,2025,2025-02
ORD-02123,2025-03-01,West,Furniture,Bookcases,Metal Bookcase,CUST-0471,5,1162.15,0.2,-88.39,58.0,Spring,2025,2025-03
ORD-01161,2025-03-02,East,Furniture,Furnishings,Desk Organizer,CUST-0272,1,270.73,0.1,31.66,41.2,Spring,2025,2025-03
ORD-02037,2025-03-02,East,Technology,Accessories,Mouse,CUST-0152,2,429.76,0.1,55.25,36.3,Spring,2025,2025-03
ORD-00242,2025-03-02,West,Office Supplies,Labels,Address Labels,CUST-0703,6,372.13,0.0,80.61,25.4,Spring,2025,2025-03
ORD-01791,2025-03-03,South,Technology,Machines,Printer,CUST-0438,2,1031.64,0.1,198.64,65.6,Spring,2025,2025-03
ORD-01415,2025-03-03,South,Office Supplies,Labels,Shipping Labels,CUST-0443,2,128.74,0.15,11.68,38.0,Spring,2025,2025-03
ORD-01628,2025-03-03,South,Technology,Phones,Business Phone,CUST-0398,2,216.62,0.1,35.84,52.8,Spring,2025,2025-03
ORD-01858,2025-03-03,East,Office Supplies,Labels,Address Labels,CUST-0387,6,247.22,0.0,70.29,38.4,Spring,2025,2025-03
ORD-01118,2025-03-04,South,Furniture,Tables,Meeting Table,CUST-0672,1,171.0,0.0,16.52,43.1,Spring,2025,2025-03
ORD-02464,2025-03-04,West,Office Supplies,Labels,Address Labels,CUST-0218,2,162.95,0.05,26.88,25.6,Spring,2025,2025-03
ORD-02190,2025-03-04,East,Technology,Accessories,Headset,CUST-0221,4,1269.13,0.15,153.48,31.6,Spring,2025,2025-03
ORD-00260,2025-03-05,West,Office Supplies,Storage,File Storage Box,CUST-0281,4,236.8,0.0,47.52,35.8,Spring,2025,2025-03
ORD-01156,2025-03-05,North,Office Supplies,Labels,Address Labels,CUST-0575,5,349.68,0.1,58.62,37.3,Spring,2025,2025-03
ORD-02345,2025-03-05,North,Technology,Phones,Smartphone,CUST-0133,2,833.93,0.2,54.59,62.9,Spring,2025,2025-03
ORD-00985,2025-03-05,West,Technology,Accessories,Headset,CUST-0708,2,1122.4,0.05,188.27,19.2,Spring,2025,2025-03
ORD-01833,2025-03-06,East,Office Supplies,Paper,Premium Paper,CUST-0481,3,167.03,0.2,15.7,19.7,Spring,2025,2025-03
ORD-02235,2025-03-06,East,Office Supplies,Labels,Shipping Labels,CUST-0676,1,11.75,0.1,1.84,35.6,Spring,2025,2025-03
ORD-00786,2025-03-06,West,Furniture,Chairs,Task Chair,CUST-0015,2,473.64,0.15,15.8,50.7,Spring,2025,2025-03
ORD-00966,2025-03-06,North,Furniture,Furnishings,Desk Lamp,CUST-0534,4,717.63,0.15,59.32,60.2,Spring,2025,2025-03
ORD-02065,2025-03-06,South,Office Supplies,Art,Marker Set,CUST-0235,7,677.76,0.0,131.33,33.9,Spring,2025,2025-03
ORD-01423,2025-03-06,South,Technology,Accessories,Mouse,CUST-0718,5,759.32,0.1,130.11,37.5,Spring,2025,2025-03
ORD-00698,2025-03-07,West,Office Supplies,Binders,Premium Binder,CUST-0060,3,51.82,0.1,8.43,16.9,Spring,2025,2025-03
ORD-00270,2025-03-07,North,Technology,Phones,Smartphone,CUST-0274,5,2092.67,0.15,334.49,54.0,Spring,2025,2025-03
ORD-01318,2025-03-07,North,Office Supplies,Labels,Address Labels,CUST-0289,2,106.8,0.1,16.63,41.4,Spring,2025,2025-03
ORD-01396,2025-03-07,West,Technology,Machines,Scanner,CUST-0020,2,911.69,0.0,189.89,38.8,Spring,2025,2025-03
ORD-00981,2025-03-07,South,Office Supplies,Paper,Premium Paper,CUST-0044,6,397.26,0.1,76.36,51.8,Spring,2025,2025-03
ORD-01546,2025-03-07,East,Office Supplies,Paper,Copy Paper,CUST-0058,1,73.52,0.2,4.49,7.8,Spring,2025,2025-03
ORD-00548,2025-03-08,South,Office Supplies,Paper,Premium Paper,CUST-0738,6,382.28,0.2,22.77,23.1,Spring,2025,2025-03
ORD-00915,2025-03-08,West,Office Supplies,Storage,Drawer Unit,CUST-0392,3,208.23,0.15,35.31,20.0,Spring,2025,2025-03
ORD-00688,2025-03-09,East,Furniture,Furnishings,Wall Clock,CUST-0083,2,502.94,0.15,24.32,61.2,Spring,2025,2025-03
ORD-00520,2025-03-10,West,Technology,Machines,Scanner,CUST-0688,2,215.13,0.2,8.61,13.1,Spring,2025,2025-03
ORD-01644,2025-03-10,East,Office Supplies,Paper,Premium Paper,CUST-0273,2,86.42,0.0,22.73,39.4,Spring,2025,2025-03
ORD-01608,2025-03-10,South,Office Supplies,Storage,Drawer Unit,CUST-0764,8,243.23,0.15,31.5,31.9,Spring,2025,2025-03
ORD-01654,2025-03-11,West,Furniture,Chairs,Conference Chair,CUST-0428,4,570.73,0.25,19.68,51.1,Spring,2025,2025-03
ORD-01350,2025-03-11,West,Technology,Accessories,Mouse,CUST-0715,7,4122.57,0.1,301.34,48.0,Spring,2025,2025-03
ORD-00468,2025-03-11,East,Furniture,Bookcases,Metal Bookcase,CUST-0276,8,1335.21,0.15,-55.73,74.3,Spring,2025,2025-03
ORD-00455,2025-03-12,South,Technology,Accessories,Headset,CUST-0148,4,906.25,0.1,113.47,42.5,Spring,2025,2025-03
ORD-01505,2025-03-12,West,Technology,Machines,Printer,CUST-0744,4,2177.94,0.0,291.58,36.0,Spring,2025,2025-03
ORD-00665,2025-03-12,North,Furniture,Bookcases,Wood Bookcase,CUST-0108,3,276.12,0.0,16.9,64.5,Spring,2025,2025-03
ORD-00531,2025-03-13,North,Furniture,Chairs,Task Chair,CUST-0335,1,354.1,0.0,49.41,54.4,Spring,2025,2025-03
ORD-02445,2025-03-13,West,Furniture,Tables,Meeting Table,CUST-0673,5,2004.8,0.0,202.43,56.2,Spring,2025,2025-03
ORD-01188,2025-03-13,East,Technology,Accessories,Keyboard,CUST-0672,1,437.31,0.1,59.12,37.3,Spring,2025,2025-03
ORD-02024,2025-03-14,East,Office Supplies,Labels,Shipping Labels,CUST-0564,6,148.02,0.1,30.91,10.3,Spring,2025,2025-03
ORD-00720,2025-03-14,East,Furniture,Chairs,Task Chair,CUST-0744,2,662.51,0.05,87.94,34.3,Spring,2025,2025-03
ORD-00394,2025-03-14,North,Office Supplies,Art,Marker Set,CUST-0057,5,412.84,0.0,86.83,32.6,Spring,2025,2025-03
ORD-01764,2025-03-15,East,Office Supplies,Art,Marker Set,CUST-0328,4,262.34,0.15,44.94,39.6,Spring,2025,2025-03
ORD-01048,2025-03-15,North,Office Supplies,Labels,Address Labels,CUST-0638,7,582.26,0.1,76.92,39.7,Spring,2025,2025-03
ORD-00967,2025-03-15,North,Office Supplies,Paper,Copy Paper,CUST-0259,4,249.13,0.0,52.59,38.7,Spring,2025,2025-03
ORD-02414,2025-03-15,East,Office Supplies,Art,Marker Set,CUST-0334,7,153.21,0.05,37.33,53.2,Spring,2025,2025-03
ORD-01580,2025-03-15,West,Office Supplies,Labels,Address Labels,CUST-0021,8,287.5,0.25,28.12,28.5,Spring,2025,2025-03
ORD-00494,2025-03-16,West,Office Supplies,Storage,File Storage Box,CUST-0705,7,106.18,0.1,16.8,48.2,Spring,2025,2025-03
ORD-00137,2025-03-16,East,Technology,Copiers,Office Copier,CUST-0334,5,3284.73,0.0,669.63,44.5,Spring,2025,2025-03
ORD-01525,2025-03-17,West,Office Supplies,Storage,Drawer Unit,CUST-0141,3,84.98,0.0,18.64,17.2,Spring,2025,2025-03
ORD-00625,2025-03-17,West,Office Supplies,Binders,Premium Binder,CUST-0725,3,29.76,0.05,6.34,34.2,Spring,2025,2025-03
ORD-01568,2025-03-17,East,Technology,Phones,Business Phone,CUST-0484,2,644.45,0.05,117.66,32.6,Spring,2025,2025-03
ORD-01873,2025-03-17,South,Office Supplies,Labels,Address Labels,CUST-0600,1,81.71,0.1,14.42,26.1,Spring,2025,2025-03
ORD-00490,2025-03-18,West,Office Supplies,Labels,Shipping Labels,CUST-0060,3,270.51,0.0,70.85,47.2,Spring,2025,2025-03
ORD-00850,2025-03-18,North,Office Supplies,Art,Drawing Pad,CUST-0788,3,22.92,0.1,4.0,27.1,Spring,2025,2025-03
ORD-02213,2025-03-18,North,Office Supplies,Labels,Address Labels,CUST-0211,4,79.93,0.05,11.66,34.6,Spring,2025,2025-03
ORD-00193,2025-03-19,North,Furniture,Furnishings,Desk Organizer,CUST-0508,7,2848.11,0.0,522.21,74.1,Spring,2025,2025-03
ORD-02183,2025-03-19,West,Office Supplies,Storage,File Storage Box,CUST-0758,6,435.77,0.1,79.09,52.1,Spring,2025,2025-03
ORD-01952,2025-03-20,West,Furniture,Chairs,Conference Chair,CUST-0492,4,343.51,0.2,13.79,62.2,Spring,2025,2025-03
ORD-01181,2025-03-20,West,Technology,Machines,Scanner,CUST-0676,7,3002.54,0.0,506.74,46.0,Spring,2025,2025-03
ORD-01758,2025-03-20,North,Office Supplies,Labels,Address Labels,CUST-0521,5,370.46,0.1,65.95,34.8,Spring,2025,2025-03
ORD-02124,2025-03-21,North,Furniture,Tables,Computer Table,CUST-0184,8,2245.99,0.1,60.02,84.4,Spring,2025,2025-03
ORD-01305,2025-03-22,South,Technology,Machines,Printer,CUST-0438,5,1738.38,0.05,367.26,26.6,Spring,2025,2025-03
ORD-00956,2025-03-22,East,Furniture,Tables,Office Table,CUST-0406,2,635.49,0.15,-7.68,61.5,Spring,2025,2025-03
ORD-02494,2025-03-22,East,Technology,Accessories,Headset,CUST-0701,2,927.76,0.0,185.31,57.4,Spring,2025,2025-03
ORD-01662,2025-03-22,North,Technology,Copiers,Office Copier,CUST-0705,2,817.15,0.1,111.9,63.3,Spring,2025,2025-03
ORD-02144,2025-03-22,North,Technology,Phones,Business Phone,CUST-0596,7,1007.5,0.25,54.83,44.2,Spring,2025,2025-03
ORD-00896,2025-03-23,West,Technology,Phones,Smartphone,CUST-0584,2,379.5,0.1,48.9,34.5,Spring,2025,2025-03
ORD-00767,2025-03-23,South,Office Supplies,Art,Marker Set,CUST-0713,2,14.47,0.2,2.37,33.3,Spring,2025,2025-03
ORD-00269,2025-03-23,North,Furniture,Bookcases,Wood Bookcase,CUST-0094,3,709.49,0.1,-10.68,60.7,Spring,2025,2025-03
ORD-01829,2025-03-24,East,Technology,Phones,Business Phone,CUST-0585,4,1460.2,0.05,212.84,45.7,Spring,2025,2025-03
ORD-01135,2025-03-24,North,Technology,Machines,Printer,CUST-0749,5,1249.29,0.2,124.75,39.2,Spring,2025,2025-03
ORD-02027,2025-03-24,South,Office Supplies,Paper,Premium Paper,CUST-0456,5,250.53,0.15,36.82,58.6,Spring,2025,2025-03
ORD-00323,2025-03-25,East,Office Supplies,Paper,Premium Paper,CUST-0553,2,153.96,0.15,21.6,35.8,Spring,2025,2025-03
ORD-00672,2025-03-25,South,Furniture,Tables,Computer Table,CUST-0202,1,278.54,0.15,-16.4,50.9,Spring,2025,2025-03
ORD-00953,2025-03-25,West,Office Supplies,Paper,Copy Paper,CUST-0676,1,53.31,0.2,7.29,12.1,Spring,2025,2025-03
ORD-00987,2025-03-26,North,Office Supplies,Art,Marker Set,CUST-0633,8,202.58,0.15,21.64,40.7,Spring,2025,2025-03
ORD-00601,2025-03-26,North,Furniture,Tables,Meeting Table,CUST-0675,5,541.23,0.0,42.41,50.3,Spring,2025,2025-03
ORD-00702,2025-03-26,North,Technology,Phones,Smartphone,CUST-0156,4,1326.17,0.1,217.42,20.2,Spring,2025,2025-03
ORD-01846,2025-03-26,North,Office Supplies,Art,Marker Set,CUST-0609,7,157.03,0.05,29.26,35.7,Spring,2025,2025-03
ORD-00900,2025-03-26,North,Office Supplies,Storage,File Storage Box,CUST-0604,1,48.19,0.0,9.86,27.5,Spring,2025,2025-03
ORD-02393,2025-03-27,West,Furniture,Furnishings,Desk Organizer,CUST-0783,7,1614.49,0.05,218.95,73.4,Spring,2025,2025-03
ORD-01885,2025-03-27,West,Furniture,Bookcases,Metal Bookcase,CUST-0116,6,1572.98,0.1,-5.24,70.2,Spring,2025,2025-03
ORD-02226,2025-03-28,South,Furniture,Furnishings,Wall Clock,CUST-0549,5,807.53,0.15,53.23,59.6,Spring,2025,2025-03
ORD-02417,2025-03-28,North,Office Supplies,Labels,Address Labels,CUST-0144,8,192.41,0.2,16.19,33.7,Spring,2025,2025-03
ORD-01661,2025-03-28,East,Furniture,Furnishings,Wall Clock,CUST-0380,4,1294.84,0.2,29.89,37.1,Spring,2025,2025-03
ORD-01554,2025-03-28,East,Office Supplies,Storage,Drawer Unit,CUST-0795,7,262.32,0.1,51.45,52.0,Spring,2025,2025-03
ORD-01200,2025-03-29,East,Office Supplies,Labels,Shipping Labels,CUST-0563,2,159.56,0.05,28.5,25.8,Spring,2025,2025-03
ORD-01540,2025-03-29,South,Office Supplies,Storage,File Storage Box,CUST-0321,3,97.93,0.05,21.21,28.5,Spring,2025,2025-03
ORD-01397,2025-03-29,West,Technology,Copiers,Office Copier,CUST-0556,2,520.7,0.15,39.17,27.5,Spring,2025,2025-03
ORD-01290,2025-03-30,East,Technology,Phones,Smartphone,CUST-0150,4,720.65,0.1,105.67,45.9,Spring,2025,2025-03
ORD-00343,2025-03-30,West,Technology,Machines,Printer,CUST-0620,2,681.5,0.0,128.49,42.9,Spring,2025,2025-03
ORD-01638,2025-03-30,West,Furniture,Tables,Meeting Table,CUST-0708,4,1213.01,0.1,-13.74,87.0,Spring,2025,2025-03
ORD-00675,2025-03-30,North,Office Supplies,Binders,Premium Binder,CUST-0025,6,480.53,0.05,112.22,31.1,Spring,2025,2025-03
ORD-01211,2025-03-31,West,Furniture,Chairs,Ergonomic Chair,CUST-0391,7,1288.0,0.15,47.69,65.8,Spring,2025,2025-03
ORD-01982,2025-03-31,North,Technology,Machines,Printer,CUST-0499,5,2620.14,0.0,559.47,47.6,Spring,2025,2025-03
ORD-00825,2025-03-31,South,Technology,Accessories,Headset,CUST-0572,2,575.02,0.15,53.65,60.3,Spring,2025,2025-03
ORD-02359,2025-04-02,North,Office Supplies,Labels,Shipping Labels,CUST-0258,2,129.11,0.15,17.13,48.9,Spring,2025,2025-04
ORD-00996,2025-04-02,North,Furniture,Bookcases,Wood Bookcase,CUST-0485,3,585.44,0.2,-39.82,76.1,Spring,2025,2025-04
ORD-02179,2025-04-02,West,Technology,Machines,Scanner,CUST-0776,3,180.03,0.05,29.71,42.7,Spring,2025,2025-04
ORD-02128,2025-04-02,West,Furniture,Bookcases,Wood Bookcase,CUST-0510,1,161.5,0.1,8.63,56.4,Spring,2025,2025-04
ORD-01755,2025-04-03,North,Technology,Copiers,Office Copier,CUST-0444,5,1272.41,0.0,255.18,47.6,Spring,2025,2025-04
ORD-00240,2025-04-03,South,Technology,Machines,Scanner,CUST-0477,8,4686.42,0.05,897.14,67.7,Spring,2025,2025-04
ORD-00599,2025-04-03,South,Office Supplies,Labels,Shipping Labels,CUST-0056,5,37.04,0.15,5.6,16.4,Spring,2025,2025-04
ORD-01753,2025-04-04,North,Furniture,Furnishings,Wall Clock,CUST-0353,6,2040.95,0.15,84.49,88.6,Spring,2025,2025-04
ORD-01171,2025-04-04,North,Office Supplies,Labels,Address Labels,CUST-0556,4,164.46,0.1,33.5,25.5,Spring,2025,2025-04
ORD-00245,2025-04-04,South,Furniture,Tables,Office Table,CUST-0528,2,209.87,0.0,24.86,61.2,Spring,2025,2025-04
ORD-00880,2025-04-05,North,Furniture,Tables,Computer Table,CUST-0326,2,566.43,0.1,13.61,91.0,Spring,2025,2025-04
ORD-00192,2025-04-05,North,Furniture,Bookcases,Metal Bookcase,CUST-0284,2,559.79,0.0,38.33,80.3,Spring,2025,2025-04
ORD-00085,2025-04-05,West,Furniture,Furnishings,Wall Clock,CUST-0390,7,1603.31,0.1,67.11,58.1,Spring,2025,2025-04
ORD-01172,2025-04-06,North,Furniture,Chairs,Task Chair,CUST-0112,6,815.03,0.1,102.12,52.9,Spring,2025,2025-04
ORD-00040,2025-04-06,East,Office Supplies,Binders,Premium Binder,CUST-0624,2,54.58,0.0,11.26,23.2,Spring,2025,2025-04
ORD-02231,2025-04-07,South,Office Supplies,Binders,Premium Binder,CUST-0340,1,78.3,0.0,15.51,16.3,Spring,2025,2025-04
ORD-00658,2025-04-07,North,Office Supplies,Labels,Shipping Labels,CUST-0665,6,440.86,0.1,63.41,47.9,Spring,2025,2025-04
ORD-02010,2025-04-07,North,Furniture,Bookcases,Wood Bookcase,CUST-0412,4,1146.31,0.05,94.81,88.6,Spring,2025,2025-04
ORD-01111,2025-04-07,West,Office Supplies,Paper,Premium Paper,CUST-0486,3,58.11,0.15,6.55,20.6,Spring,2025,2025-04
ORD-02158,2025-04-07,South,Office Supplies,Paper,Copy Paper,CUST-0060,5,216.77,0.1,30.74,46.3,Spring,2025,2025-04
ORD-00130,2025-04-08,South,Office Supplies,Art,Marker Set,CUST-0040,6,206.79,0.1,34.02,24.0,Spring,2025,2025-04
ORD-00458,2025-04-08,South,Furniture,Chairs,Conference Chair,CUST-0124,7,1631.71,0.0,229.25,66.9,Spring,2025,2025-04
ORD-00958,2025-04-08,South,Office Supplies,Art,Drawing Pad,CUST-0101,1,96.43,0.0,23.12,8.1,Spring,2025,2025-04
ORD-00475,2025-04-08,South,Furniture,Chairs,Conference Chair,CUST-0639,7,2050.01,0.15,136.28,70.9,Spring,2025,2025-04
ORD-02185,2025-04-08,North,Furniture,Bookcases,Metal Bookcase,CUST-0732,5,948.66,0.05,110.18,76.2,Spring,2025,2025-04
ORD-01370,2025-04-08,West,Office Supplies,Art,Drawing Pad,CUST-0295,4,229.88,0.25,23.06,26.7,Spring,2025,2025-04
ORD-00743,2025-04-08,South,Technology,Accessories,Keyboard,CUST-0407,8,860.58,0.2,66.09,64.5,Spring,2025,2025-04
ORD-01196,2025-04-08,East,Technology,Accessories,Headset,CUST-0396,8,1934.2,0.0,405.55,72.7,Spring,2025,2025-04
ORD-01585,2025-04-09,East,Office Supplies,Storage,File Storage Box,CUST-0186,1,31.26,0.25,3.12,11.1,Spring,2025,2025-04
ORD-00341,2025-04-09,North,Furniture,Chairs,Ergonomic Chair,CUST-0032,2,575.39,0.1,59.43,56.6,Spring,2025,2025-04
ORD-01467,2025-04-09,East,Office Supplies,Paper,Premium Paper,CUST-0376,7,299.87,0.0,56.6,39.0,Spring,2025,2025-04
ORD-01417,2025-04-09,West,Office Supplies,Binders,Premium Binder,CUST-0198,1,81.67,0.05,11.61,17.7,Spring,2025,2025-04
ORD-00099,2025-04-10,South,Furniture,Tables,Meeting Table,CUST-0284,2,244.4,0.1,0.51,44.4,Spring,2025,2025-04
ORD-01235,2025-04-10,West,Office Supplies,Art,Drawing Pad,CUST-0772,6,357.21,0.0,74.17,28.7,Spring,2025,2025-04
ORD-01985,2025-04-10,North,Furniture,Tables,Meeting Table,CUST-0701,5,1604.91,0.15,-50.43,66.5,Spring,2025,2025-04
ORD-00782,2025-04-10,East,Office Supplies,Binders,Premium Binder,CUST-0504,6,256.54,0.0,53.95,51.6,Spring,2025,2025-04
ORD-00920,2025-04-10,East,Furniture,Chairs,Ergonomic Chair,CUST-0424,1,369.44,0.05,36.84,59.8,Spring,2025,2025-04
ORD-00673,2025-04-10,South,Office Supplies,Storage,File Storage Box,CUST-0765,4,153.58,0.05,32.5,32.4,Spring,2025,2025-04
ORD-01128,2025-04-11,East,Office Supplies,Binders,Ring Binder,CUST-0419,2,143.24,0.0,28.01,21.3,Spring,2025,2025-04
ORD-01337,2025-04-11,South,Technology,Phones,Business Phone,CUST-0794,1,260.3,0.0,60.44,43.5,Spring,2025,2025-04
ORD-02437,2025-04-12,South,Office Supplies,Labels,Address Labels,CUST-0753,8,405.29,0.1,63.79,42.8,Spring,2025,2025-04
ORD-00616,2025-04-12,West,Furniture,Chairs,Ergonomic Chair,CUST-0093,1,274.99,0.05,33.44,56.3,Spring,2025,2025-04
ORD-01994,2025-04-12,South,Technology,Copiers,Office Copier,CUST-0102,4,1233.18,0.05,198.79,53.5,Spring,2025,2025-04
ORD-01068,2025-04-13,West,Office Supplies,Binders,Premium Binder,CUST-0417,7,397.01,0.2,32.9,41.2,Spring,2025,2025-04
ORD-00569,2025-04-14,South,Technology,Machines,Printer,CUST-0088,2,551.26,0.05,104.02,21.7,Spring,2025,2025-04
ORD-00600,2025-04-14,West,Technology,Accessories,Headset,CUST-0301,7,1884.23,0.0,374.7,39.8,Spring,2025,2025-04
ORD-00026,2025-04-15,South,Office Supplies,Binders,Ring Binder,CUST-0700,1,43.81,0.0,9.12,38.1,Spring,2025,2025-04
ORD-02184,2025-04-16,North,Furniture,Tables,Meeting Table,CUST-0295,3,249.35,0.05,21.98,54.5,Spring,2025,2025-04
ORD-01715,2025-04-16,South,Furniture,Furnishings,Desk Organizer,CUST-0693,6,1090.88,0.1,101.75,66.3,Spring,2025,2025-04
ORD-02448,2025-04-17,North,Furniture,Tables,Office Table,CUST-0712,1,344.89,0.0,47.66,48.9,Spring,2025,2025-04
ORD-01717,2025-04-17,South,Technology,Phones,Smartphone,CUST-0193,1,427.09,0.05,67.55,37.3,Spring,2025,2025-04
ORD-00984,2025-04-18,West,Furniture,Tables,Computer Table,CUST-0233,3,400.95,0.25,-26.34,81.7,Spring,2025,2025-04
ORD-02072,2025-04-18,South,Technology,Copiers,Office Copier,CUST-0748,6,2691.39,0.25,58.3,64.3,Spring,2025,2025-04
ORD-02015,2025-04-18,South,Office Supplies,Paper,Copy Paper,CUST-0222,1,70.61,0.0,16.95,11.6,Spring,2025,2025-04
ORD-01130,2025-04-19,East,Office Supplies,Storage,File Storage Box,CUST-0337,4,51.22,0.1,9.23,12.9,Spring,2025,2025-04
ORD-01221,2025-04-19,South,Office Supplies,Paper,Premium Paper,CUST-0264,7,162.22,0.0,38.2,53.8,Spring,2025,2025-04
ORD-00934,2025-04-19,North,Technology,Machines,Scanner,CUST-0467,1,202.3,0.0,40.01,44.3,Spring,2025,2025-04
ORD-02361,2025-04-19,East,Furniture,Furnishings,Desk Lamp,CUST-0103,5,1942.23,0.0,327.75,55.8,Spring,2025,2025-04
ORD-01205,2025-04-20,East,Furniture,Bookcases,Wood Bookcase,CUST-0753,2,118.08,0.2,-6.6,65.6,Spring,2025,2025-04
ORD-00244,2025-04-20,West,Office Supplies,Binders,Premium Binder,CUST-0067,8,165.18,0.15,27.08,30.2,Spring,2025,2025-04
ORD-01887,2025-04-20,West,Furniture,Chairs,Conference Chair,CUST-0650,7,2052.14,0.0,407.76,64.8,Spring,2025,2025-04
ORD-01089,2025-04-20,East,Furniture,Chairs,Ergonomic Chair,CUST-0348,7,1922.71,0.05,274.76,45.8,Spring,2025,2025-04
ORD-00824,2025-04-20,West,Office Supplies,Labels,Address Labels,CUST-0432,8,69.01,0.1,11.02,44.2,Spring,2025,2025-04
ORD-01255,2025-04-20,South,Furniture,Furnishings,Wall Clock,CUST-0516,3,610.25,0.2,26.9,62.7,Spring,2025,2025-04
ORD-01812,2025-04-21,South,Office Supplies,Art,Drawing Pad,CUST-0275,2,55.44,0.05,8.74,48.6,Spring,2025,2025-04
ORD-00771,2025-04-21,East,Furniture,Tables,Office Table,CUST-0404,3,785.73,0.0,53.08,84.3,Spring,2025,2025-04
ORD-00502,2025-04-21,North,Furniture,Furnishings,Wall Clock,CUST-0403,1,302.78,0.1,30.6,49.7,Spring,2025,2025-04
ORD-02481,2025-04-21,West,Technology,Phones,Business Phone,CUST-0704,5,1714.21,0.2,107.68,44.6,Spring,2025,2025-04
ORD-02324,2025-04-21,South,Furniture,Bookcases,Metal Bookcase,CUST-0767,8,2290.15,0.2,-96.94,63.6,Spring,2025,2025-04
ORD-00986,2025-04-21,West,Technology,Phones,Business Phone,CUST-0585,4,1069.7,0.1,109.82,42.0,Spring,2025,2025-04
ORD-01398,2025-04-22,West,Office Supplies,Art,Marker Set,CUST-0768,7,47.05,0.25,2.52,52.4,Spring,2025,2025-04
ORD-01723,2025-04-22,North,Technology,Machines,Printer,CUST-0577,4,1205.11,0.0,226.48,31.9,Spring,2025,2025-04
ORD-01438,2025-04-22,East,Office Supplies,Storage,Drawer Unit,CUST-0713,2,151.17,0.15,18.41,15.2,Spring,2025,2025-04
ORD-02380,2025-04-22,North,Furniture,Furnishings,Desk Lamp,CUST-0065,8,1201.16,0.1,75.41,73.3,Spring,2025,2025-04
ORD-00652,2025-04-22,North,Technology,Machines,Printer,CUST-0524,7,2743.66,0.1,392.13,60.5,Spring,2025,2025-04
ORD-02258,2025-04-22,West,Technology,Accessories,Mouse,CUST-0471,7,4098.41,0.0,939.23,62.8,Spring,2025,2025-04
ORD-00123,2025-04-23,South,Furniture,Tables,Meeting Table,CUST-0295,2,689.82,0.15,16.82,86.5,Spring,2025,2025-04
ORD-00003,2025-04-23,North,Office Supplies,Binders,Premium Binder,CUST-0516,7,400.93,0.2,43.33,59.5,Spring,2025,2025-04
ORD-01224,2025-04-23,East,Technology,Copiers,Office Copier,CUST-0014,1,168.66,0.0,29.62,17.6,Spring,2025,2025-04
ORD-02396,2025-04-24,West,Office Supplies,Paper,Premium Paper,CUST-0681,3,50.64,0.0,9.86,37.5,Spring,2025,2025-04
ORD-00842,2025-04-24,West,Office Supplies,Paper,Premium Paper,CUST-0030,2,50.07,0.1,8.94,46.7,Spring,2025,2025-04
ORD-02086,2025-04-24,South,Furniture,Furnishings,Desk Organizer,CUST-0634,3,207.7,0.2,14.6,81.9,Spring,2025,2025-04
ORD-01981,2025-04-25,South,Furniture,Furnishings,Desk Lamp,CUST-0434,8,671.59,0.2,28.88,73.5,Spring,2025,2025-04
ORD-01277,2025-04-25,West,Office Supplies,Art,Drawing Pad,CUST-0498,1,78.13,0.15,10.54,26.7,Spring,2025,2025-04
ORD-02195,2025-04-25,West,Furniture,Bookcases,Wood Bookcase,CUST-0285,6,1956.75,0.05,129.82,99.3,Spring,2025,2025-04
ORD-01693,2025-04-25,West,Technology,Machines,Printer,CUST-0391,1,378.3,0.15,41.24,35.6,Spring,2025,2025-04
ORD-00730,2025-04-25,North,Technology,Copiers,Office Copier,CUST-0757,4,615.39,0.15,71.54,35.1,Spring,2025,2025-04
ORD-01597,2025-04-26,North,Technology,Accessories,Keyboard,CUST-0127,6,2549.1,0.15,253.32,61.3,Spring,2025,2025-04
ORD-02023,2025-04-26,East,Furniture,Tables,Office Table,CUST-0360,6,1727.44,0.15,-1.22,56.1,Spring,2025,2025-04
ORD-02050,2025-04-27,North,Office Supplies,Art,Marker Set,CUST-0791,4,272.14,0.0,66.08,27.3,Spring,2025,2025-04
ORD-00255,2025-04-27,West,Office Supplies,Art,Drawing Pad,CUST-0643,8,534.53,0.1,88.05,24.7,Spring,2025,2025-04
ORD-00316,2025-04-27,South,Technology,Phones,Business Phone,CUST-0513,5,1255.61,0.05,221.96,44.9,Spring,2025,2025-04
ORD-02022,2025-04-27,East,Technology,Copiers,Office Copier,CUST-0742,4,1208.92,0.25,44.61,41.8,Spring,2025,2025-04
ORD-01959,2025-04-27,North,Furniture,Furnishings,Wall Clock,CUST-0596,3,848.77,0.1,75.54,56.7,Spring,2025,2025-04
ORD-00156,2025-04-28,South,Office Supplies,Storage,File Storage Box,CUST-0326,2,84.82,0.15,14.37,39.0,Spring,2025,2025-04
ORD-00372,2025-04-28,East,Technology,Accessories,Mouse,CUST-0795,7,914.5,0.1,95.77,43.9,Spring,2025,2025-04
ORD-02088,2025-04-29,West,Office Supplies,Binders,Premium Binder,CUST-0123,8,505.02,0.0,104.32,48.2,Spring,2025,2025-04
ORD-00237,2025-04-29,West,Furniture,Tables,Office Table,CUST-0451,4,704.42,0.2,-19.34,78.7,Spring,2025,2025-04
ORD-00446,2025-04-29,East,Office Supplies,Labels,Address Labels,CUST-0202,3,72.38,0.0,17.03,23.0,Spring,2025,2025-04
ORD-02242,2025-04-29,North,Office Supplies,Paper,Premium Paper,CUST-0144,2,88.28,0.1,12.62,45.0,Spring,2025,2025-04
ORD-00162,2025-04-30,West,Office Supplies,Storage,Drawer Unit,CUST-0715,7,255.96,0.1,37.13,27.2,Spring,2025,2025-04
ORD-01648,2025-04-30,North,Office Supplies,Storage,File Storage Box,CUST-0029,7,375.32,0.1,57.63,35.5,Spring,2025,2025-04
ORD-00479,2025-04-30,North,Office Supplies,Paper,Premium Paper,CUST-0319,4,191.52,0.1,32.94,49.6,Spring,2025,2025-04
ORD-00108,2025-05-01,South,Office Supplies,Binders,Premium Binder,CUST-0230,1,60.39,0.1,11.6,21.2,Spring,2025,2025-05
ORD-00822,2025-05-01,South,Technology,Accessories,Keyboard,CUST-0374,4,824.83,0.0,153.84,37.1,Spring,2025,2025-05
ORD-00311,2025-05-01,West,Technology,Phones,Smartphone,CUST-0630,6,1085.41,0.0,167.28,59.5,Spring,2025,2025-05
ORD-00819,2025-05-01,South,Office Supplies,Paper,Premium Paper,CUST-0690,6,431.71,0.05,95.15,20.6,Spring,2025,2025-05
ORD-02084,2025-05-02,North,Office Supplies,Paper,Premium Paper,CUST-0026,1,62.07,0.0,13.76,8.0,Spring,2025,2025-05
ORD-02102,2025-05-03,North,Technology,Accessories,Headset,CUST-0800,7,1593.48,0.0,282.89,49.0,Spring,2025,2025-05
ORD-00122,2025-05-03,West,Furniture,Chairs,Ergonomic Chair,CUST-0724,6,1435.93,0.05,154.51,84.2,Spring,2025,2025-05
ORD-01049,2025-05-03,North,Technology,Phones,Smartphone,CUST-0287,7,1785.14,0.05,328.23,70.0,Spring,2025,2025-05
ORD-01132,2025-05-04,North,Office Supplies,Binders,Premium Binder,CUST-0283,8,315.9,0.05,67.7,31.9,Spring,2025,2025-05
ORD-00859,2025-05-04,South,Furniture,Chairs,Conference Chair,CUST-0541,8,2210.16,0.2,154.21,53.3,Spring,2025,2025-05
ORD-00080,2025-05-04,North,Office Supplies,Labels,Shipping Labels,CUST-0186,3,71.33,0.1,10.4,33.9,Spring,2025,2025-05
ORD-01613,2025-05-04,South,Furniture,Tables,Meeting Table,CUST-0032,5,1720.98,0.05,23.16,84.0,Spring,2025,2025-05
ORD-01427,2025-05-05,South,Furniture,Tables,Meeting Table,CUST-0726,6,1516.67,0.0,86.36,83.6,Spring,2025,2025-05
ORD-00283,2025-05-05,East,Office Supplies,Storage,Drawer Unit,CUST-0548,6,110.61,0.15,13.99,33.3,Spring,2025,2025-05
ORD-00736,2025-05-05,West,Furniture,Furnishings,Desk Organizer,CUST-0315,6,1077.68,0.0,154.11,75.3,Spring,2025,2025-05
ORD-01306,2025-05-05,East,Furniture,Bookcases,Metal Bookcase,CUST-0769,4,693.26,0.15,-42.3,56.5,Spring,2025,2025-05
ORD-00641,2025-05-05,North,Furniture,Tables,Office Table,CUST-0527,2,510.44,0.05,21.92,79.5,Spring,2025,2025-05
ORD-00312,2025-05-06,East,Office Supplies,Art,Drawing Pad,CUST-0118,3,170.19,0.05,38.06,18.9,Spring,2025,2025-05
ORD-02280,2025-05-06,South,Furniture,Chairs,Task Chair,CUST-0413,8,2289.53,0.0,361.96,76.5,Spring,2025,2025-05
ORD-01813,2025-05-07,North,Furniture,Tables,Computer Table,CUST-0072,5,896.78,0.05,59.99,76.7,Spring,2025,2025-05
ORD-02112,2025-05-08,South,Furniture,Tables,Office Table,CUST-0591,4,1542.27,0.0,166.23,67.4,Spring,2025,2025-05
ORD-01071,2025-05-08,North,Office Supplies,Binders,Ring Binder,CUST-0127,8,373.95,0.2,36.53,28.5,Spring,2025,2025-05
ORD-01274,2025-05-08,East,Office Supplies,Storage,Drawer Unit,CUST-0153,8,614.11,0.0,97.29,40.9,Spring,2025,2025-05
ORD-01329,2025-05-08,North,Office Supplies,Binders,Ring Binder,CUST-0622,5,218.88,0.1,32.27,43.6,Spring,2025,2025-05
ORD-01424,2025-05-08,South,Furniture,Chairs,Ergonomic Chair,CUST-0117,2,549.85,0.0,97.78,42.7,Spring,2025,2025-05
ORD-02438,2025-05-09,West,Furniture,Furnishings,Wall Clock,CUST-0745,1,177.89,0.0,30.81,55.3,Spring,2025,2025-05
ORD-00416,2025-05-10,West,Furniture,Bookcases,Metal Bookcase,CUST-0360,5,1601.66,0.1,35.49,88.8,Spring,2025,2025-05
ORD-02034,2025-05-10,North,Technology,Accessories,Mouse,CUST-0646,1,459.1,0.0,104.51,45.3,Spring,2025,2025-05
ORD-00049,2025-05-10,West,Office Supplies,Binders,Ring Binder,CUST-0123,4,321.06,0.05,56.31,34.0,Spring,2025,2025-05
ORD-00257,2025-05-10,West,Office Supplies,Paper,Premium Paper,CUST-0242,8,168.82,0.0,43.41,31.5,Spring,2025,2025-05
ORD-01298,2025-05-10,North,Technology,Machines,Printer,CUST-0493,1,514.59,0.15,36.76,24.1,Spring,2025,2025-05
ORD-01668,2025-05-10,West,Technology,Phones,Business Phone,CUST-0067,5,1885.78,0.0,394.9,37.7,Spring,2025,2025-05
ORD-01327,2025-05-11,East,Office Supplies,Storage,Drawer Unit,CUST-0552,6,136.38,0.1,23.3,20.3,Spring,2025,2025-05
ORD-00711,2025-05-11,East,Office Supplies,Binders,Ring Binder,CUST-0733,8,166.25,0.15,19.99,60.1,Spring,2025,2025-05
ORD-02468,2025-05-11,West,Office Supplies,Art,Marker Set,CUST-0423,4,221.7,0.1,36.57,45.4,Spring,2025,2025-05
ORD-00550,2025-05-12,East,Office Supplies,Paper,Copy Paper,CUST-0271,2,30.19,0.0,8.0,40.3,Spring,2025,2025-05
ORD-02285,2025-05-12,East,Technology,Phones,Smartphone,CUST-0258,4,1438.12,0.05,290.91,31.0,Spring,2025,2025-05
ORD-00827,2025-05-12,West,Technology,Copiers,Office Copier,CUST-0333,2,135.11,0.2,14.1,31.6,Spring,2025,2025-05
ORD-01696,2025-05-13,South,Furniture,Tables,Office Table,CUST-0694,1,210.15,0.25,-17.58,48.5,Spring,2025,2025-05
ORD-01973,2025-05-13,West,Furniture,Furnishings,Wall Clock,CUST-0485,8,3225.74,0.0,667.39,49.7,Spring,2025,2025-05
ORD-00098,2025-05-13,South,Office Supplies,Paper,Copy Paper,CUST-0026,1,20.38,0.1,2.86,19.8,Spring,2025,2025-05
ORD-01703,2025-05-13,North,Technology,Copiers,Office Copier,CUST-0402,8,3559.33,0.1,496.2,38.5,Spring,2025,2025-05
ORD-01510,2025-05-14,East,Furniture,Furnishings,Wall Clock,CUST-0565,8,1549.69,0.0,221.35,55.7,Spring,2025,2025-05
ORD-00060,2025-05-14,West,Technology,Phones,Smartphone,CUST-0274,4,807.05,0.05,143.88,36.0,Spring,2025,2025-05
ORD-00191,2025-05-14,North,Furniture,Furnishings,Desk Organizer,CUST-0590,4,1383.32,0.0,233.2,55.6,Spring,2025,2025-05
ORD-02267,2025-05-14,East,Furniture,Chairs,Ergonomic Chair,CUST-0082,8,1701.06,0.1,93.26,54.8,Spring,2025,2025-05
ORD-01780,2025-05-15,South,Technology,Phones,Business Phone,CUST-0508,1,371.72,0.0,66.58,56.0,Spring,2025,2025-05
ORD-00813,2025-05-15,East,Furniture,Chairs,Conference Chair,CUST-0730,7,1058.97,0.15,80.27,78.7,Spring,2025,2025-05
ORD-00075,2025-05-16,South,Technology,Phones,Smartphone,CUST-0132,5,2296.68,0.05,428.58,42.9,Spring,2025,2025-05
ORD-00636,2025-05-16,South,Technology,Machines,Scanner,CUST-0294,7,3321.51,0.15,375.86,42.1,Spring,2025,2025-05
ORD-02136,2025-05-16,East,Furniture,Furnishings,Wall Clock,CUST-0745,5,461.1,0.25,7.17,61.2,Spring,2025,2025-05
ORD-00615,2025-05-16,East,Technology,Machines,Scanner,CUST-0777,1,391.44,0.1,66.18,41.0,Spring,2025,2025-05
ORD-00788,2025-05-16,North,Technology,Accessories,Mouse,CUST-0617,5,1663.86,0.1,214.13,47.8,Spring,2025,2025-05
ORD-02256,2025-05-16,East,Office Supplies,Labels,Address Labels,CUST-0446,3,179.87,0.0,48.22,17.7,Spring,2025,2025-05
ORD-01547,2025-05-17,East,Technology,Copiers,Office Copier,CUST-0482,5,2745.04,0.15,157.52,56.2,Spring,2025,2025-05
ORD-01062,2025-05-17,North,Office Supplies,Paper,Premium Paper,CUST-0574,6,262.65,0.0,49.45,27.2,Spring,2025,2025-05
ORD-01149,2025-05-18,North,Technology,Copiers,Office Copier,CUST-0429,2,506.32,0.1,56.73,33.5,Spring,2025,2025-05
ORD-00587,2025-05-18,North,Furniture,Bookcases,Metal Bookcase,CUST-0197,3,567.36,0.1,29.53,81.6,Spring,2025,2025-05
ORD-01183,2025-05-19,East,Technology,Machines,Scanner,CUST-0800,8,4211.71,0.1,475.89,57.9,Spring,2025,2025-05
ORD-00941,2025-05-20,North,Office Supplies,Labels,Shipping Labels,CUST-0743,3,29.0,0.15,2.84,25.6,Spring,2025,2025-05
ORD-01614,2025-05-21,North,Technology,Copiers,Office Copier,CUST-0286,2,380.49,0.15,35.65,45.0,Spring,2025,2025-05
ORD-00422,2025-05-22,East,Office Supplies,Paper,Premium Paper,CUST-0132,6,153.06,0.15,21.88,32.8,Spring,2025,2025-05
ORD-00666,2025-05-22,North,Technology,Machines,Printer,CUST-0333,2,292.06,0.1,47.85,57.3,Spring,2025,2025-05
ORD-00875,2025-05-24,South,Furniture,Furnishings,Desk Organizer,CUST-0166,5,1939.01,0.05,199.2,39.6,Spring,2025,2025-05
ORD-02075,2025-05-24,East,Office Supplies,Labels,Shipping Labels,CUST-0208,7,537.28,0.0,128.75,44.1,Spring,2025,2025-05
ORD-00184,2025-05-24,North,Furniture,Furnishings,Desk Organizer,CUST-0667,4,1348.91,0.05,175.9,55.7,Spring,2025,2025-05
ORD-00008,2025-05-24,West,Furniture,Tables,Meeting Table,CUST-0227,6,1117.64,0.15,9.72,87.2,Spring,2025,2025-05
ORD-00175,2025-05-24,South,Furniture,Bookcases,Metal Bookcase,CUST-0044,5,1409.19,0.05,135.61,82.1,Spring,2025,2025-05
ORD-01472,2025-05-25,West,Office Supplies,Art,Marker Set,CUST-0573,4,213.27,0.0,46.2,27.3,Spring,2025,2025-05
ORD-00866,2025-05-25,West,Furniture,Bookcases,Metal Bookcase,CUST-0705,1,145.17,0.05,11.47,88.3,Spring,2025,2025-05
ORD-02211,2025-05-26,South,Furniture,Furnishings,Desk Organizer,CUST-0138,2,486.73,0.2,22.49,67.1,Spring,2025,2025-05
ORD-00086,2025-05-26,West,Office Supplies,Labels,Shipping Labels,CUST-0008,6,189.78,0.15,31.76,49.0,Spring,2025,2025-05
ORD-00204,2025-05-26,West,Office Supplies,Labels,Shipping Labels,CUST-0221,2,134.62,0.0,34.19,25.0,Spring,2025,2025-05
ORD-01303,2025-05-26,East,Office Supplies,Art,Drawing Pad,CUST-0778,4,279.22,0.15,32.61,36.0,Spring,2025,2025-05
ORD-01733,2025-05-26,North,Office Supplies,Storage,Drawer Unit,CUST-0673,6,87.8,0.15,9.34,18.5,Spring,2025,2025-05
ORD-02181,2025-05-26,East,Technology,Phones,Smartphone,CUST-0354,6,1345.75,0.15,174.01,41.5,Spring,2025,2025-05
ORD-02375,2025-05-26,East,Furniture,Tables,Office Table,CUST-0399,2,486.53,0.05,25.12,62.9,Spring,2025,2025-05
ORD-00932,2025-05-26,West,Furniture,Furnishings,Wall Clock,CUST-0158,3,1253.07,0.0,284.34,59.5,Spring,2025,2025-05
ORD-02120,2025-05-27,South,Furniture,Tables,Computer Table,CUST-0594,4,362.01,0.0,37.41,78.8,Spring,2025,2025-05
ORD-01348,2025-05-27,South,Office Supplies,Storage,File Storage Box,CUST-0254,2,115.71,0.05,18.87,19.7,Spring,2025,2025-05
ORD-02141,2025-05-27,North,Technology,Phones,Smartphone,CUST-0010,8,1538.18,0.05,319.49,63.9,Spring,2025,2025-05
ORD-00043,2025-05-27,East,Furniture,Chairs,Ergonomic Chair,CUST-0795,2,512.06,0.1,30.04,57.8,Spring,2025,2025-05
ORD-00982,2025-05-28,East,Technology,Machines,Scanner,CUST-0029,4,798.56,0.1,113.37,52.3,Spring,2025,2025-05
ORD-01595,2025-05-28,North,Furniture,Tables,Computer Table,CUST-0485,3,772.87,0.0,61.33,71.7,Spring,2025,2025-05
ORD-01194,2025-05-28,East,Technology,Phones,Business Phone,CUST-0413,4,1630.42,0.05,262.89,49.7,Spring,2025,2025-05
ORD-00223,2025-05-29,North,Office Supplies,Binders,Ring Binder,CUST-0044,3,90.96,0.05,12.6,32.3,Spring,2025,2025-05
ORD-01064,2025-05-30,North,Technology,Accessories,Mouse,CUST-0084,4,1082.93,0.15,98.5,39.4,Spring,2025,2025-05
ORD-02155,2025-05-30,West,Office Supplies,Paper,Premium Paper,CUST-0412,1,65.72,0.1,11.29,11.2,Spring,2025,2025-05
ORD-00110,2025-05-30,North,Furniture,Bookcases,Metal Bookcase,CUST-0019,7,1692.31,0.1,62.56,75.2,Spring,2025,2025-05
ORD-01539,2025-05-31,West,Office Supplies,Binders,Ring Binder,CUST-0702,8,614.99,0.05,132.69,40.7,Spring,2025,2025-05
ORD-01041,2025-05-31,West,Office Supplies,Binders,Ring Binder,CUST-0394,8,81.47,0.2,6.76,28.9,Spring,2025,2025-05
ORD-01600,2025-06-01,South,Furniture,Tables,Office Table,CUST-0343,5,1714.2,0.0,116.41,77.0,Summer,2025,2025-06
ORD-01045,2025-06-02,South,Office Supplies,Labels,Address Labels,CUST-0384,3,148.85,0.05,34.38,39.2,Summer,2025,2025-06
ORD-01317,2025-06-02,North,Office Supplies,Labels,Address Labels,CUST-0754,3,74.79,0.0,18.03,33.2,Summer,2025,2025-06
ORD-00541,2025-06-02,West,Furniture,Chairs,Ergonomic Chair,CUST-0217,5,1683.5,0.15,135.67,58.7,Summer,2025,2025-06
ORD-00892,2025-06-02,South,Furniture,Tables,Computer Table,CUST-0670,3,1298.84,0.05,35.45,72.4,Summer,2025,2025-06
ORD-00906,2025-06-02,West,Technology,Copiers,Office Copier,CUST-0008,1,533.61,0.15,41.82,48.9,Summer,2025,2025-06
ORD-02245,2025-06-03,North,Office Supplies,Labels,Address Labels,CUST-0133,6,364.76,0.05,71.49,39.5,Summer,2025,2025-06
ORD-02408,2025-06-03,South,Furniture,Bookcases,Wood Bookcase,CUST-0232,5,431.89,0.1,24.56,57.1,Summer,2025,2025-06
ORD-01894,2025-06-03,North,Office Supplies,Binders,Ring Binder,CUST-0357,3,198.52,0.05,42.06,33.0,Summer,2025,2025-06
ORD-01077,2025-06-04,North,Furniture,Bookcases,Wood Bookcase,CUST-0035,2,345.09,0.05,12.31,56.9,Summer,2025,2025-06
ORD-01522,2025-06-04,West,Technology,Phones,Business Phone,CUST-0773,5,3029.72,0.0,451.62,60.7,Summer,2025,2025-06
ORD-01197,2025-06-05,North,Office Supplies,Storage,File Storage Box,CUST-0424,8,753.97,0.0,147.29,24.2,Summer,2025,2025-06
ORD-01276,2025-06-05,North,Office Supplies,Paper,Premium Paper,CUST-0114,2,95.88,0.1,17.39,31.6,Summer,2025,2025-06
ORD-02295,2025-06-06,South,Office Supplies,Art,Marker Set,CUST-0646,4,238.88,0.0,51.68,15.8,Summer,2025,2025-06
ORD-00430,2025-06-06,East,Technology,Machines,Printer,CUST-0117,5,2863.67,0.1,418.1,51.0,Summer,2025,2025-06
ORD-02055,2025-06-06,East,Office Supplies,Paper,Copy Paper,CUST-0092,7,174.47,0.0,35.55,48.9,Summer,2025,2025-06
ORD-02353,2025-06-06,East,Technology,Machines,Printer,CUST-0411,5,602.6,0.1,85.45,30.8,Summer,2025,2025-06
ORD-00015,2025-06-08,East,Furniture,Furnishings,Desk Organizer,CUST-0781,1,283.73,0.15,16.41,43.9,Summer,2025,2025-06
ORD-02131,2025-06-08,South,Office Supplies,Storage,File Storage Box,CUST-0174,6,532.05,0.15,56.87,50.4,Summer,2025,2025-06
ORD-00212,2025-06-08,East,Furniture,Tables,Computer Table,CUST-0627,1,185.38,0.0,21.18,61.8,Summer,2025,2025-06
ORD-00774,2025-06-08,North,Technology,Phones,Business Phone,CUST-0079,6,1812.18,0.1,256.91,45.0,Summer,2025,2025-06
ORD-01675,2025-06-08,North,Technology,Phones,Smartphone,CUST-0259,3,1521.97,0.1,160.49,60.7,Summer,2025,2025-06
ORD-01332,2025-06-08,West,Office Supplies,Labels,Shipping Labels,CUST-0204,3,110.35,0.05,20.43,39.2,Summer,2025,2025-06
ORD-00177,2025-06-08,North,Office Supplies,Storage,Drawer Unit,CUST-0469,1,31.06,0.2,3.27,20.6,Summer,2025,2025-06
ORD-01750,2025-06-09,North,Furniture,Tables,Computer Table,CUST-0291,6,2277.78,0.05,148.02,78.8,Summer,2025,2025-06
ORD-00236,2025-06-09,North,Furniture,Chairs,Conference Chair,CUST-0477,3,880.68,0.15,60.81,60.8,Summer,2025,2025-06
ORD-00395,2025-06-10,North,Office Supplies,Storage,File Storage Box,CUST-0430,2,184.42,0.0,40.34,47.9,Summer,2025,2025-06
ORD-02064,2025-06-10,East,Office Supplies,Binders,Ring Binder,CUST-0369,4,238.61,0.15,27.4,48.9,Summer,2025,2025-06
ORD-02019,2025-06-10,West,Office Supplies,Paper,Premium Paper,CUST-0076,4,271.29,0.2,19.37,35.6,Summer,2025,2025-06
ORD-01903,2025-06-10,South,Office Supplies,Paper,Premium Paper,CUST-0587,2,29.85,0.0,7.66,29.9,Summer,2025,2025-06
ORD-01208,2025-06-10,North,Furniture,Tables,Office Table,CUST-0668,2,262.71,0.0,27.04,55.8,Summer,2025,2025-06
ORD-00727,2025-06-11,South,Office Supplies,Binders,Ring Binder,CUST-0754,3,266.97,0.05,51.55,34.6,Summer,2025,2025-06
ORD-00225,2025-06-11,East,Furniture,Furnishings,Wall Clock,CUST-0332,6,831.57,0.1,64.24,69.2,Summer,2025,2025-06
ORD-01641,2025-06-11,North,Office Supplies,Binders,Ring Binder,CUST-0270,6,320.95,0.05,76.03,35.7,Summer,2025,2025-06
ORD-00697,2025-06-11,North,Office Supplies,Storage,File Storage Box,CUST-0098,1,50.11,0.2,3.54,46.2,Summer,2025,2025-06
ORD-00174,2025-06-12,South,Technology,Accessories,Headset,CUST-0530,1,526.87,0.05,74.78,38.8,Summer,2025,2025-06
ORD-00461,2025-06-12,West,Office Supplies,Art,Drawing Pad,CUST-0050,5,159.19,0.1,31.03,49.9,Summer,2025,2025-06
ORD-01119,2025-06-12,South,Office Supplies,Labels,Shipping Labels,CUST-0757,3,70.85,0.0,15.1,24.9,Summer,2025,2025-06
ORD-00793,2025-06-12,East,Technology,Phones,Smartphone,CUST-0131,6,1987.68,0.25,41.35,58.6,Summer,2025,2025-06
ORD-00681,2025-06-12,East,Office Supplies,Art,Marker Set,CUST-0432,8,88.49,0.2,8.93,46.8,Summer,2025,2025-06
ORD-01137,2025-06-13,West,Furniture,Chairs,Conference Chair,CUST-0701,7,1502.08,0.05,166.16,64.1,Summer,2025,2025-06
ORD-01598,2025-06-14,North,Technology,Machines,Scanner,CUST-0794,8,3984.9,0.1,626.76,48.5,Summer,2025,2025-06
ORD-01670,2025-06-14,East,Office Supplies,Art,Drawing Pad,CUST-0384,7,223.5,0.0,45.2,43.7,Summer,2025,2025-06
ORD-02067,2025-06-14,West,Office Supplies,Art,Marker Set,CUST-0698,1,45.95,0.15,5.84,28.2,Summer,2025,2025-06
ORD-02018,2025-06-14,West,Office Supplies,Art,Marker Set,CUST-0043,1,74.78,0.05,14.72,15.8,Summer,2025,2025-06
ORD-00676,2025-06-14,North,Office Supplies,Labels,Shipping Labels,CUST-0690,7,232.1,0.2,18.97,31.5,Summer,2025,2025-06
ORD-00318,2025-06-15,North,Office Supplies,Art,Drawing Pad,CUST-0505,1,33.06,0.2,3.41,9.4,Summer,2025,2025-06
ORD-01785,2025-06-15,West,Technology,Phones,Smartphone,CUST-0760,6,3619.14,0.05,797.58,62.0,Summer,2025,2025-06
ORD-00713,2025-06-15,East,Office Supplies,Art,Marker Set,CUST-0467,5,213.51,0.1,41.59,7.1,Summer,2025,2025-06
ORD-01879,2025-06-15,East,Furniture,Bookcases,Metal Bookcase,CUST-0092,2,135.69,0.25,-13.57,58.0,Summer,2025,2025-06
ORD-00731,2025-06-16,West,Office Supplies,Art,Drawing Pad,CUST-0559,3,198.01,0.25,13.33,15.9,Summer,2025,2025-06
ORD-02268,2025-06-16,North,Technology,Phones,Smartphone,CUST-0149,3,1061.96,0.15,135.08,20.9,Summer,2025,2025-06
ORD-00760,2025-06-17,East,Office Supplies,Art,Drawing Pad,CUST-0581,5,460.96,0.1,60.06,20.4,Summer,2025,2025-06
ORD-00317,2025-06-17,North,Furniture,Tables,Meeting Table,CUST-0196,6,1400.38,0.0,215.36,69.6,Summer,2025,2025-06
ORD-01724,2025-06-18,West,Furniture,Bookcases,Metal Bookcase,CUST-0072,4,1358.72,0.1,3.16,74.0,Summer,2025,2025-06
ORD-01033,2025-06-18,South,Technology,Phones,Smartphone,CUST-0473,2,907.17,0.1,110.09,55.6,Summer,2025,2025-06
ORD-00737,2025-06-18,South,Technology,Copiers,Office Copier,CUST-0235,4,1464.38,0.0,345.06,52.6,Summer,2025,2025-06
ORD-01218,2025-06-19,East,Office Supplies,Paper,Premium Paper,CUST-0747,8,357.96,0.15,37.69,18.6,Summer,2025,2025-06
ORD-02087,2025-06-19,East,Technology,Copiers,Office Copier,CUST-0584,5,534.0,0.1,75.43,41.2,Summer,2025,2025-06
ORD-01009,2025-06-20,North,Furniture,Tables,Meeting Table,CUST-0134,8,2712.74,0.1,46.0,83.6,Summer,2025,2025-06
ORD-01573,2025-06-20,North,Technology,Phones,Business Phone,CUST-0637,5,344.6,0.2,7.98,29.5,Summer,2025,2025-06
ORD-01232,2025-06-20,North,Furniture,Tables,Computer Table,CUST-0782,6,1131.56,0.2,-16.36,62.1,Summer,2025,2025-06
ORD-01714,2025-06-20,East,Technology,Machines,Printer,CUST-0494,2,1217.2,0.0,250.53,51.1,Summer,2025,2025-06
ORD-02400,2025-06-21,West,Technology,Accessories,Keyboard,CUST-0632,6,2324.12,0.1,352.61,48.3,Summer,2025,2025-06
ORD-02057,2025-06-21,North,Office Supplies,Storage,File Storage Box,CUST-0607,5,154.43,0.2,16.45,5.0,Summer,2025,2025-06
ORD-00013,2025-06-21,South,Furniture,Furnishings,Wall Clock,CUST-0720,3,746.59,0.05,85.84,66.4,Summer,2025,2025-06
ORD-00662,2025-06-21,North,Furniture,Furnishings,Wall Clock,CUST-0463,1,351.48,0.05,47.56,51.1,Summer,2025,2025-06
ORD-00886,2025-06-21,East,Furniture,Furnishings,Wall Clock,CUST-0012,2,348.49,0.15,9.93,57.5,Summer,2025,2025-06
ORD-01860,2025-06-21,West,Office Supplies,Paper,Copy Paper,CUST-0793,2,87.42,0.1,15.32,41.1,Summer,2025,2025-06
ORD-01591,2025-06-21,West,Office Supplies,Labels,Shipping Labels,CUST-0549,5,307.58,0.2,34.7,33.9,Summer,2025,2025-06
ORD-01349,2025-06-21,West,Technology,Machines,Printer,CUST-0432,3,966.72,0.0,165.09,66.5,Summer,2025,2025-06
ORD-00631,2025-06-22,East,Office Supplies,Labels,Shipping Labels,CUST-0662,7,389.08,0.15,32.97,39.6,Summer,2025,2025-06
ORD-00557,2025-06-22,North,Office Supplies,Binders,Premium Binder,CUST-0640,5,258.26,0.25,21.65,18.3,Summer,2025,2025-06
ORD-00377,2025-06-22,South,Office Supplies,Labels,Shipping Labels,CUST-0691,6,507.89,0.15,76.04,30.7,Summer,2025,2025-06
ORD-01002,2025-06-22,West,Office Supplies,Binders,Premium Binder,CUST-0067,5,332.63,0.1,70.46,44.5,Summer,2025,2025-06
ORD-00215,2025-06-22,East,Office Supplies,Storage,File Storage Box,CUST-0609,3,65.26,0.0,17.62,30.6,Summer,2025,2025-06
ORD-00757,2025-06-23,South,Office Supplies,Paper,Copy Paper,CUST-0494,7,101.42,0.1,19.83,38.7,Summer,2025,2025-06
ORD-00471,2025-06-23,North,Furniture,Bookcases,Wood Bookcase,CUST-0268,5,1708.02,0.1,59.72,100.1,Summer,2025,2025-06
ORD-00805,2025-06-23,South,Furniture,Bookcases,Wood Bookcase,CUST-0057,2,227.05,0.05,18.87,70.1,Summer,2025,2025-06
ORD-00739,2025-06-23,West,Furniture,Chairs,Conference Chair,CUST-0746,1,459.08,0.0,65.23,53.6,Summer,2025,2025-06
ORD-02344,2025-06-23,North,Office Supplies,Binders,Ring Binder,CUST-0365,7,113.12,0.05,23.19,26.6,Summer,2025,2025-06
ORD-01602,2025-06-23,South,Technology,Copiers,Office Copier,CUST-0793,8,2536.24,0.15,282.45,65.1,Summer,2025,2025-06
ORD-02058,2025-06-23,North,Technology,Machines,Printer,CUST-0429,5,547.06,0.1,46.72,41.9,Summer,2025,2025-06
ORD-01281,2025-06-24,East,Furniture,Tables,Meeting Table,CUST-0750,3,1294.59,0.05,99.77,66.5,Summer,2025,2025-06
ORD-01861,2025-06-24,South,Furniture,Tables,Meeting Table,CUST-0798,6,1660.02,0.1,10.26,80.1,Summer,2025,2025-06
ORD-00603,2025-06-24,East,Office Supplies,Paper,Premium Paper,CUST-0393,6,55.39,0.0,11.94,62.2,Summer,2025,2025-06
ORD-01449,2025-06-24,South,Technology,Accessories,Mouse,CUST-0615,5,2317.91,0.1,226.63,37.9,Summer,2025,2025-06
ORD-00432,2025-06-24,West,Furniture,Furnishings,Wall Clock,CUST-0678,5,624.45,0.1,63.66,60.4,Summer,2025,2025-06
ORD-01282,2025-06-24,East,Technology,Machines,Scanner,CUST-0699,4,1252.12,0.0,258.97,48.2,Summer,2025,2025-06
ORD-02115,2025-06-26,South,Office Supplies,Labels,Address Labels,CUST-0360,5,256.01,0.1,52.42,40.2,Summer,2025,2025-06
ORD-01036,2025-06-26,North,Technology,Accessories,Mouse,CUST-0494,6,2607.48,0.2,267.36,61.1,Summer,2025,2025-06
ORD-01966,2025-06-26,West,Furniture,Chairs,Task Chair,CUST-0001,5,639.59,0.0,78.89,50.6,Summer,2025,2025-06
ORD-01394,2025-06-26,West,Technology,Machines,Printer,CUST-0488,2,957.71,0.05,202.66,45.2,Summer,2025,2025-06
ORD-01722,2025-06-26,East,Furniture,Furnishings,Desk Lamp,CUST-0612,3,260.81,0.1,20.38,54.2,Summer,2025,2025-06
ORD-00059,2025-06-27,North,Technology,Accessories,Headset,CUST-0054,6,345.32,0.05,60.79,49.4,Summer,2025,2025-06
ORD-01845,2025-06-27,South,Office Supplies,Binders,Ring Binder,CUST-0397,4,298.59,0.0,63.64,15.6,Summer,2025,2025-06
ORD-01742,2025-06-27,West,Office Supplies,Paper,Premium Paper,CUST-0511,2,105.6,0.15,15.08,20.1,Summer,2025,2025-06
ORD-01513,2025-06-27,North,Furniture,Furnishings,Desk Organizer,CUST-0505,7,660.97,0.05,95.55,50.8,Summer,2025,2025-06
ORD-01139,2025-06-27,West,Office Supplies,Binders,Premium Binder,CUST-0397,2,60.73,0.25,6.88,16.4,Summer,2025,2025-06
ORD-02125,2025-06-28,East,Furniture,Chairs,Ergonomic Chair,CUST-0276,6,508.04,0.05,37.82,62.8,Summer,2025,2025-06
ORD-00878,2025-06-28,South,Office Supplies,Storage,Drawer Unit,CUST-0737,5,156.77,0.2,22.29,30.9,Summer,2025,2025-06
ORD-02172,2025-06-28,South,Furniture,Furnishings,Wall Clock,CUST-0559,8,3122.22,0.1,490.37,71.7,Summer,2025,2025-06
ORD-00062,2025-06-28,West,Furniture,Furnishings,Desk Organizer,CUST-0710,4,1572.77,0.0,263.43,58.2,Summer,2025,2025-06
ORD-00378,2025-06-29,North,Office Supplies,Labels,Shipping Labels,CUST-0036,7,257.85,0.0,52.93,31.0,Summer,2025,2025-06
ORD-02043,2025-06-29,East,Furniture,Bookcases,Metal Bookcase,CUST-0051,8,1856.74,0.0,179.39,59.8,Summer,2025,2025-06
ORD-02403,2025-06-29,South,Office Supplies,Art,Marker Set,CUST-0407,6,566.47,0.0,133.67,30.1,Summer,2025,2025-06
ORD-02325,2025-06-29,South,Technology,Machines,Scanner,CUST-0204,6,1228.85,0.15,117.37,30.3,Summer,2025,2025-06
ORD-00391,2025-06-29,West,Office Supplies,Binders,Premium Binder,CUST-0043,8,120.17,0.0,27.26,41.9,Summer,2025,2025-06
ORD-00512,2025-06-29,North,Technology,Phones,Smartphone,CUST-0082,7,3799.47,0.1,549.89,51.8,Summer,2025,2025-06
ORD-01899,2025-06-30,West,Office Supplies,Art,Drawing Pad,CUST-0209,7,217.51,0.0,48.71,28.7,Summer,2025,2025-06
ORD-00463,2025-07-01,West,Office Supplies,Binders,Ring Binder,CUST-0429,5,308.68,0.1,56.36,19.0,Summer,2025,2025-07
ORD-00895,2025-07-01,South,Furniture,Tables,Office Table,CUST-0589,3,1087.84,0.15,-42.16,66.3,Summer,2025,2025-07
ORD-02044,2025-07-01,South,Furniture,Furnishings,Desk Lamp,CUST-0061,1,383.9,0.0,57.09,53.1,Summer,2025,2025-07
ORD-02294,2025-07-01,North,Technology,Accessories,Mouse,CUST-0775,7,3821.63,0.0,761.81,42.9,Summer,2025,2025-07
ORD-00360,2025-07-01,South,Office Supplies,Binders,Ring Binder,CUST-0652,7,136.69,0.15,17.56,57.7,Summer,2025,2025-07
ORD-02049,2025-07-02,South,Office Supplies,Labels,Address Labels,CUST-0062,2,151.42,0.1,30.91,53.0,Summer,2025,2025-07
ORD-01234,2025-07-02,South,Furniture,Bookcases,Wood Bookcase,CUST-0735,2,349.4,0.1,-6.69,76.6,Summer,2025,2025-07
ORD-02352,2025-07-02,North,Furniture,Chairs,Ergonomic Chair,CUST-0321,2,781.56,0.0,163.53,52.7,Summer,2025,2025-07
ORD-01984,2025-07-02,North,Technology,Accessories,Headset,CUST-0652,5,1924.49,0.15,237.63,59.2,Summer,2025,2025-07
ORD-02348,2025-07-03,West,Office Supplies,Storage,Drawer Unit,CUST-0115,5,41.99,0.1,6.94,37.4,Summer,2025,2025-07
ORD-02362,2025-07-03,South,Office Supplies,Labels,Shipping Labels,CUST-0705,3,241.8,0.1,42.33,18.6,Summer,2025,2025-07
ORD-02099,2025-07-03,West,Furniture,Tables,Office Table,CUST-0525,3,475.38,0.0,35.14,55.8,Summer,2025,2025-07
ORD-01378,2025-07-03,South,Furniture,Chairs,Task Chair,CUST-0373,2,895.23,0.0,181.26,66.7,Summer,2025,2025-07
ORD-01667,2025-07-03,North,Furniture,Furnishings,Desk Organizer,CUST-0024,2,736.29,0.15,49.86,51.5,Summer,2025,2025-07
ORD-00493,2025-07-04,North,Office Supplies,Art,Marker Set,CUST-0240,8,717.23,0.1,137.2,66.3,Summer,2025,2025-07
ORD-01065,2025-07-04,South,Office Supplies,Storage,File Storage Box,CUST-0114,1,32.21,0.05,7.98,5.0,Summer,2025,2025-07
ORD-01790,2025-07-04,East,Furniture,Furnishings,Desk Organizer,CUST-0383,5,897.12,0.1,72.27,45.7,Summer,2025,2025-07
ORD-01995,2025-07-05,North,Office Supplies,Binders,Ring Binder,CUST-0432,4,72.95,0.05,14.81,15.9,Summer,2025,2025-07
ORD-02429,2025-07-05,South,Office Supplies,Storage,Drawer Unit,CUST-0395,7,220.92,0.0,51.42,46.4,Summer,2025,2025-07
ORD-01098,2025-07-06,West,Office Supplies,Storage,File Storage Box,CUST-0594,8,421.94,0.2,34.03,35.2,Summer,2025,2025-07
ORD-00247,2025-07-07,West,Furniture,Tables,Computer Table,CUST-0334,7,1167.39,0.0,61.62,74.2,Summer,2025,2025-07
ORD-01073,2025-07-07,South,Office Supplies,Binders,Premium Binder,CUST-0124,8,142.79,0.15,21.16,37.6,Summer,2025,2025-07
ORD-00234,2025-07-08,North,Furniture,Tables,Computer Table,CUST-0391,3,558.53,0.25,-30.02,73.5,Summer,2025,2025-07
ORD-00042,2025-07-08,East,Office Supplies,Storage,Drawer Unit,CUST-0348,4,45.17,0.05,8.43,15.2,Summer,2025,2025-07
ORD-01674,2025-07-08,East,Furniture,Bookcases,Metal Bookcase,CUST-0368,3,601.38,0.0,35.9,50.1,Summer,2025,2025-07
ORD-02422,2025-07-08,East,Office Supplies,Storage,File Storage Box,CUST-0391,1,31.71,0.1,5.14,7.9,Summer,2025,2025-07
ORD-00051,2025-07-09,North,Furniture,Tables,Office Table,CUST-0790,2,164.1,0.25,-11.44,66.6,Summer,2025,2025-07
ORD-02365,2025-07-09,East,Office Supplies,Art,Drawing Pad,CUST-0262,8,330.27,0.25,25.78,60.2,Summer,2025,2025-07
ORD-01868,2025-07-09,East,Technology,Accessories,Keyboard,CUST-0362,2,812.49,0.05,139.6,19.7,Summer,2025,2025-07
ORD-01301,2025-07-09,East,Furniture,Tables,Meeting Table,CUST-0744,1,244.21,0.0,20.7,56.5,Summer,2025,2025-07
ORD-00014,2025-07-10,West,Furniture,Bookcases,Metal Bookcase,CUST-0446,2,279.51,0.0,21.22,80.2,Summer,2025,2025-07
ORD-01204,2025-07-10,West,Technology,Accessories,Mouse,CUST-0507,1,160.98,0.2,10.57,25.5,Summer,2025,2025-07
ORD-01275,2025-07-11,West,Office Supplies,Art,Marker Set,CUST-0259,7,92.57,0.1,17.4,40.6,Summer,2025,2025-07
ORD-02281,2025-07-11,North,Office Supplies,Labels,Address Labels,CUST-0734,8,695.19,0.1,122.39,40.8,Summer,2025,2025-07
ORD-02176,2025-07-11,East,Furniture,Tables,Office Table,CUST-0484,4,1126.43,0.0,128.52,69.1,Summer,2025,2025-07
ORD-00742,2025-07-11,East,Technology,Copiers,Office Copier,CUST-0681,1,312.95,0.15,31.55,25.4,Summer,2025,2025-07
ORD-01134,2025-07-11,North,Office Supplies,Art,Marker Set,CUST-0172,4,302.25,0.05,58.05,24.5,Summer,2025,2025-07
ORD-01671,2025-07-11,West,Office Supplies,Art,Marker Set,CUST-0259,8,764.26,0.0,223.51,44.0,Summer,2025,2025-07
ORD-00207,2025-07-12,North,Technology,Accessories,Mouse,CUST-0677,6,2305.88,0.05,291.17,74.5,Summer,2025,2025-07
ORD-02174,2025-07-12,South,Office Supplies,Art,Marker Set,CUST-0119,4,324.2,0.1,63.45,25.2,Summer,2025,2025-07
ORD-00714,2025-07-12,North,Technology,Copiers,Office Copier,CUST-0196,8,590.19,0.05,80.94,54.4,Summer,2025,2025-07
ORD-00128,2025-07-13,West,Technology,Phones,Smartphone,CUST-0251,6,1026.31,0.25,52.6,42.1,Summer,2025,2025-07
ORD-02107,2025-07-13,East,Office Supplies,Labels,Shipping Labels,CUST-0136,1,85.02,0.15,11.98,19.4,Summer,2025,2025-07
ORD-00489,2025-07-13,East,Office Supplies,Paper,Copy Paper,CUST-0054,4,248.26,0.0,51.47,36.3,Summer,2025,2025-07
ORD-01822,2025-07-13,West,Furniture,Bookcases,Wood Bookcase,CUST-0146,1,74.55,0.1,-1.49,75.8,Summer,2025,2025-07
ORD-00423,2025-07-14,West,Technology,Phones,Smartphone,CUST-0092,7,4225.94,0.1,569.85,55.0,Summer,2025,2025-07
ORD-00657,2025-07-14,South,Technology,Accessories,Headset,CUST-0442,1,624.96,0.0,102.28,16.8,Summer,2025,2025-07
ORD-00320,2025-07-15,South,Furniture,Chairs,Conference Chair,CUST-0784,4,382.07,0.25,-3.17,62.0,Summer,2025,2025-07
ORD-01148,2025-07-15,North,Office Supplies,Binders,Ring Binder,CUST-0547,2,60.6,0.15,8.82,27.1,Summer,2025,2025-07
ORD-00089,2025-07-15,West,Technology,Machines,Printer,CUST-0141,8,2582.48,0.0,488.27,60.6,Summer,2025,2025-07
ORD-02121,2025-07-16,West,Office Supplies,Paper,Copy Paper,CUST-0069,4,197.19,0.0,39.03,40.2,Summer,2025,2025-07
ORD-01775,2025-07-16,South,Furniture,Tables,Office Table,CUST-0782,1,331.79,0.1,10.44,63.5,Summer,2025,2025-07
ORD-01061,2025-07-17,West,Office Supplies,Paper,Copy Paper,CUST-0107,4,315.34,0.1,49.14,31.8,Summer,2025,2025-07
ORD-00911,2025-07-17,South,Office Supplies,Labels,Address Labels,CUST-0598,4,58.84,0.0,13.28,33.7,Summer,2025,2025-07
ORD-00645,2025-07-17,South,Office Supplies,Labels,Shipping Labels,CUST-0177,1,47.48,0.15,5.65,26.3,Summer,2025,2025-07
ORD-01691,2025-07-18,West,Furniture,Chairs,Ergonomic Chair,CUST-0495,5,1039.62,0.1,131.29,52.9,Summer,2025,2025-07
ORD-00173,2025-07-18,South,Office Supplies,Paper,Copy Paper,CUST-0005,8,203.99,0.1,45.29,37.1,Summer,2025,2025-07
ORD-00864,2025-07-18,East,Office Supplies,Labels,Address Labels,CUST-0600,7,210.26,0.1,37.43,57.3,Summer,2025,2025-07
ORD-01058,2025-07-18,South,Office Supplies,Paper,Copy Paper,CUST-0614,1,82.98,0.2,5.83,15.9,Summer,2025,2025-07
ORD-01870,2025-07-18,South,Furniture,Chairs,Task Chair,CUST-0198,2,626.86,0.05,68.78,54.2,Summer,2025,2025-07
ORD-01825,2025-07-18,West,Office Supplies,Binders,Premium Binder,CUST-0420,6,40.66,0.25,3.93,14.9,Summer,2025,2025-07
ORD-00370,2025-07-18,North,Office Supplies,Storage,File Storage Box,CUST-0690,4,257.39,0.1,43.67,29.8,Summer,2025,2025-07
ORD-02447,2025-07-19,South,Technology,Copiers,Office Copier,CUST-0254,5,533.36,0.15,63.93,41.7,Summer,2025,2025-07
ORD-00002,2025-07-19,North,Office Supplies,Labels,Shipping Labels,CUST-0717,5,510.17,0.0,140.05,27.9,Summer,2025,2025-07
ORD-01558,2025-07-19,West,Furniture,Bookcases,Metal Bookcase,CUST-0625,4,551.73,0.15,-10.32,57.7,Summer,2025,2025-07
ORD-01278,2025-07-19,West,Office Supplies,Art,Marker Set,CUST-0695,2,48.03,0.0,9.57,17.9,Summer,2025,2025-07
ORD-02212,2025-07-20,West,Furniture,Tables,Computer Table,CUST-0212,5,1773.48,0.0,120.58,79.2,Summer,2025,2025-07
ORD-02320,2025-07-20,South,Furniture,Chairs,Ergonomic Chair,CUST-0668,7,1278.25,0.0,257.13,81.9,Summer,2025,2025-07
ORD-00734,2025-07-20,North,Furniture,Tables,Office Table,CUST-0048,4,1149.09,0.1,-4.92,45.4,Summer,2025,2025-07
ORD-01339,2025-07-20,South,Technology,Machines,Printer,CUST-0010,7,4542.25,0.05,760.75,54.5,Summer,2025,2025-07
ORD-00836,2025-07-21,South,Technology,Accessories,Mouse,CUST-0740,3,980.91,0.05,150.22,61.9,Summer,2025,2025-07
ORD-01611,2025-07-21,South,Office Supplies,Binders,Premium Binder,CUST-0403,6,444.63,0.05,86.08,45.1,Summer,2025,2025-07
ORD-01242,2025-07-22,South,Technology,Machines,Printer,CUST-0194,1,141.51,0.25,2.14,52.7,Summer,2025,2025-07
ORD-01469,2025-07-22,North,Furniture,Furnishings,Wall Clock,CUST-0496,5,872.97,0.15,40.51,76.2,Summer,2025,2025-07
ORD-00815,2025-07-22,South,Furniture,Furnishings,Desk Lamp,CUST-0611,5,2015.43,0.1,191.89,67.9,Summer,2025,2025-07
ORD-02096,2025-07-22,East,Technology,Phones,Business Phone,CUST-0206,6,3450.61,0.1,499.23,13.8,Summer,2025,2025-07
ORD-00402,2025-07-22,South,Office Supplies,Paper,Premium Paper,CUST-0535,7,166.62,0.0,36.84,11.6,Summer,2025,2025-07
ORD-00050,2025-07-22,South,Furniture,Chairs,Task Chair,CUST-0763,5,1628.57,0.0,289.65,58.1,Summer,2025,2025-07
ORD-02449,2025-07-22,North,Office Supplies,Paper,Copy Paper,CUST-0317,6,49.99,0.15,8.39,31.5,Summer,2025,2025-07
ORD-01914,2025-07-22,East,Furniture,Bookcases,Metal Bookcase,CUST-0783,6,1223.27,0.1,59.62,66.9,Summer,2025,2025-07
ORD-00598,2025-07-23,East,Technology,Machines,Printer,CUST-0117,7,1822.99,0.1,202.79,71.2,Summer,2025,2025-07
ORD-01441,2025-07-23,West,Office Supplies,Art,Marker Set,CUST-0063,6,566.4,0.0,130.71,11.8,Summer,2025,2025-07
ORD-01313,2025-07-23,West,Office Supplies,Paper,Premium Paper,CUST-0528,5,262.39,0.15,27.88,17.4,Summer,2025,2025-07
ORD-00210,2025-07-23,South,Office Supplies,Paper,Premium Paper,CUST-0134,2,98.97,0.15,11.26,47.3,Summer,2025,2025-07
ORD-00602,2025-07-23,West,Furniture,Furnishings,Desk Organizer,CUST-0693,3,322.39,0.15,19.33,57.7,Summer,2025,2025-07
ORD-01731,2025-07-23,East,Furniture,Bookcases,Wood Bookcase,CUST-0281,6,2299.19,0.05,20.75,68.6,Summer,2025,2025-07
ORD-01498,2025-07-24,North,Furniture,Furnishings,Desk Organizer,CUST-0203,3,728.01,0.2,42.63,55.1,Summer,2025,2025-07
ORD-00112,2025-07-24,South,Furniture,Chairs,Ergonomic Chair,CUST-0790,7,1808.66,0.1,186.64,72.4,Summer,2025,2025-07
ORD-00766,2025-07-24,East,Office Supplies,Labels,Address Labels,CUST-0042,3,239.46,0.1,33.01,31.9,Summer,2025,2025-07
ORD-00107,2025-07-24,East,Technology,Machines,Printer,CUST-0747,7,3903.96,0.1,423.2,37.6,Summer,2025,2025-07
ORD-01212,2025-07-25,East,Furniture,Tables,Computer Table,CUST-0783,1,134.17,0.0,13.55,76.3,Summer,2025,2025-07
ORD-00806,2025-07-25,South,Technology,Machines,Printer,CUST-0543,8,3788.43,0.05,645.49,55.0,Summer,2025,2025-07
ORD-00025,2025-07-25,North,Technology,Machines,Scanner,CUST-0004,1,178.15,0.15,19.97,47.6,Summer,2025,2025-07
ORD-01726,2025-07-26,West,Furniture,Bookcases,Metal Bookcase,CUST-0732,1,364.39,0.1,16.55,78.8,Summer,2025,2025-07
ORD-00278,2025-07-26,South,Office Supplies,Labels,Address Labels,CUST-0049,1,31.44,0.05,6.84,16.9,Summer,2025,2025-07
ORD-00690,2025-07-26,North,Office Supplies,Labels,Address Labels,CUST-0481,2,115.01,0.05,22.78,22.3,Summer,2025,2025-07
ORD-01416,2025-07-26,West,Technology,Machines,Printer,CUST-0342,8,1573.82,0.0,384.12,54.3,Summer,2025,2025-07
ORD-00476,2025-07-27,North,Technology,Machines,Printer,CUST-0781,8,3743.23,0.1,493.04,52.2,Summer,2025,2025-07
ORD-00918,2025-07-27,South,Office Supplies,Art,Drawing Pad,CUST-0245,5,351.17,0.1,54.83,20.4,Summer,2025,2025-07
ORD-00613,2025-07-27,West,Office Supplies,Storage,Drawer Unit,CUST-0147,8,806.5,0.0,212.2,50.1,Summer,2025,2025-07
ORD-00160,2025-07-27,East,Technology,Phones,Smartphone,CUST-0326,1,630.74,0.0,152.21,47.5,Summer,2025,2025-07
ORD-00955,2025-07-28,South,Furniture,Tables,Office Table,CUST-0004,2,310.54,0.1,9.51,83.7,Summer,2025,2025-07
ORD-00725,2025-07-28,North,Office Supplies,Storage,File Storage Box,CUST-0368,5,206.15,0.15,15.9,24.8,Summer,2025,2025-07
ORD-00016,2025-07-28,West,Technology,Phones,Smartphone,CUST-0092,1,456.95,0.0,111.89,27.8,Summer,2025,2025-07
ORD-01430,2025-07-29,South,Office Supplies,Binders,Premium Binder,CUST-0192,3,238.55,0.1,38.93,31.6,Summer,2025,2025-07
ORD-00249,2025-07-29,South,Office Supplies,Labels,Shipping Labels,CUST-0434,5,410.12,0.2,37.82,27.9,Summer,2025,2025-07
ORD-02009,2025-07-29,East,Furniture,Bookcases,Wood Bookcase,CUST-0046,1,143.39,0.1,0.2,78.0,Summer,2025,2025-07
ORD-00106,2025-07-29,North,Furniture,Bookcases,Wood Bookcase,CUST-0575,8,2056.96,0.1,-1.05,72.0,Summer,2025,2025-07
ORD-02284,2025-07-29,North,Furniture,Chairs,Ergonomic Chair,CUST-0319,6,567.31,0.0,110.99,54.6,Summer,2025,2025-07
ORD-00990,2025-07-29,East,Office Supplies,Binders,Premium Binder,CUST-0681,1,75.98,0.1,12.98,21.9,Summer,2025,2025-07
ORD-00213,2025-07-30,North,Office Supplies,Paper,Copy Paper,CUST-0100,6,262.14,0.1,57.75,39.6,Summer,2025,2025-07
ORD-01461,2025-07-31,West,Office Supplies,Art,Drawing Pad,CUST-0544,3,238.83,0.15,29.98,23.3,Summer,2025,2025-07
ORD-01414,2025-08-01,North,Office Supplies,Paper,Copy Paper,CUST-0223,2,36.32,0.1,4.7,12.9,Summer,2025,2025-08
ORD-02236,2025-08-01,West,Office Supplies,Art,Drawing Pad,CUST-0660,2,131.89,0.25,12.31,28.2,Summer,2025,2025-08
ORD-00559,2025-08-02,South,Technology,Phones,Business Phone,CUST-0647,2,741.65,0.0,168.76,45.7,Summer,2025,2025-08
ORD-00639,2025-08-02,West,Technology,Copiers,Office Copier,CUST-0324,7,3106.76,0.1,370.95,58.6,Summer,2025,2025-08
ORD-01980,2025-08-03,South,Furniture,Furnishings,Desk Organizer,CUST-0429,2,124.01,0.2,9.48,43.7,Summer,2025,2025-08
ORD-01986,2025-08-03,North,Technology,Machines,Scanner,CUST-0388,1,491.0,0.1,67.62,29.1,Summer,2025,2025-08
ORD-01133,2025-08-03,North,Office Supplies,Art,Drawing Pad,CUST-0399,3,218.31,0.0,50.38,53.1,Summer,2025,2025-08
ORD-00261,2025-08-03,North,Furniture,Bookcases,Wood Bookcase,CUST-0112,8,3317.46,0.05,322.61,87.9,Summer,2025,2025-08
ORD-01254,2025-08-03,West,Furniture,Chairs,Task Chair,CUST-0727,5,673.96,0.05,87.06,47.3,Summer,2025,2025-08
ORD-01617,2025-08-03,South,Office Supplies,Labels,Shipping Labels,CUST-0113,8,399.74,0.0,85.28,38.0,Summer,2025,2025-08
ORD-00692,2025-08-04,South,Office Supplies,Paper,Premium Paper,CUST-0537,1,88.14,0.1,14.2,21.1,Summer,2025,2025-08
ORD-00745,2025-08-04,South,Furniture,Chairs,Task Chair,CUST-0623,7,1698.57,0.1,102.31,55.9,Summer,2025,2025-08
ORD-01684,2025-08-04,West,Office Supplies,Storage,File Storage Box,CUST-0616,7,103.82,0.0,23.26,51.2,Summer,2025,2025-08
ORD-00135,2025-08-04,West,Technology,Accessories,Keyboard,CUST-0051,7,2233.12,0.05,322.56,61.2,Summer,2025,2025-08
ORD-00071,2025-08-04,South,Technology,Phones,Smartphone,CUST-0447,2,438.71,0.0,76.58,33.9,Summer,2025,2025-08
ORD-00105,2025-08-05,West,Office Supplies,Labels,Shipping Labels,CUST-0253,4,117.17,0.2,10.4,30.6,Summer,2025,2025-08
ORD-02206,2025-08-05,West,Office Supplies,Labels,Shipping Labels,CUST-0094,1,52.84,0.15,7.18,28.0,Summer,2025,2025-08
ORD-02257,2025-08-05,South,Office Supplies,Storage,Drawer Unit,CUST-0015,7,574.51,0.0,135.7,58.4,Summer,2025,2025-08
ORD-00484,2025-08-05,South,Technology,Machines,Scanner,CUST-0403,1,503.97,0.25,27.43,60.4,Summer,2025,2025-08
ORD-02005,2025-08-06,North,Furniture,Tables,Meeting Table,CUST-0646,3,320.76,0.2,-18.86,67.9,Summer,2025,2025-08
ORD-01736,2025-08-06,North,Technology,Machines,Printer,CUST-0473,5,2217.85,0.2,211.52,55.4,Summer,2025,2025-08
ORD-00716,2025-08-07,North,Furniture,Chairs,Task Chair,CUST-0758,3,344.82,0.15,31.95,42.8,Summer,2025,2025-08
ORD-01578,2025-08-07,North,Technology,Copiers,Office Copier,CUST-0553,5,2257.82,0.05,326.01,11.5,Summer,2025,2025-08
ORD-01012,2025-08-07,West,Office Supplies,Binders,Ring Binder,CUST-0315,7,589.88,0.05,108.09,16.8,Summer,2025,2025-08
ORD-02296,2025-08-08,South,Office Supplies,Paper,Premium Paper,CUST-0287,6,105.41,0.1,19.93,59.1,Summer,2025,2025-08
ORD-01087,2025-08-08,West,Furniture,Bookcases,Metal Bookcase,CUST-0795,1,237.16,0.0,26.69,54.3,Summer,2025,2025-08
ORD-02497,2025-08-08,South,Technology,Machines,Scanner,CUST-0573,5,1350.18,0.25,33.71,48.7,Summer,2025,2025-08
ORD-00686,2025-08-08,North,Office Supplies,Storage,Drawer Unit,CUST-0453,7,626.63,0.1,100.69,23.9,Summer,2025,2025-08
ORD-00860,2025-08-08,North,Technology,Accessories,Headset,CUST-0668,1,342.84,0.15,37.93,23.9,Summer,2025,2025-08
ORD-00852,2025-08-08,North,Technology,Phones,Business Phone,CUST-0749,5,1088.1,0.0,196.97,34.6,Summer,2025,2025-08
ORD-00591,2025-08-08,North,Furniture,Chairs,Ergonomic Chair,CUST-0714,1,310.96,0.0,45.82,38.2,Summer,2025,2025-08
ORD-01284,2025-08-08,North,Office Supplies,Paper,Premium Paper,CUST-0165,3,70.13,0.0,15.91,33.1,Summer,2025,2025-08
ORD-01199,2025-08-09,East,Office Supplies,Paper,Copy Paper,CUST-0019,8,196.32,0.0,43.47,23.0,Summer,2025,2025-08
ORD-01260,2025-08-09,East,Office Supplies,Binders,Premium Binder,CUST-0695,6,448.04,0.0,94.82,55.7,Summer,2025,2025-08
ORD-00596,2025-08-09,East,Technology,Machines,Printer,CUST-0195,3,999.01,0.1,184.34,48.9,Summer,2025,2025-08
ORD-00551,2025-08-10,East,Office Supplies,Binders,Premium Binder,CUST-0656,6,410.69,0.15,41.67,39.9,Summer,2025,2025-08
ORD-00472,2025-08-10,North,Furniture,Furnishings,Wall Clock,CUST-0678,8,3199.69,0.1,391.51,66.3,Summer,2025,2025-08
ORD-00428,2025-08-10,South,Technology,Accessories,Mouse,CUST-0724,5,1835.63,0.15,232.27,64.7,Summer,2025,2025-08
ORD-00654,2025-08-11,North,Furniture,Tables,Office Table,CUST-0023,7,2127.56,0.15,-2.15,76.7,Summer,2025,2025-08
ORD-02093,2025-08-11,North,Furniture,Bookcases,Wood Bookcase,CUST-0762,3,1210.32,0.1,19.86,73.8,Summer,2025,2025-08
ORD-00103,2025-08-11,South,Office Supplies,Labels,Address Labels,CUST-0784,4,115.08,0.25,8.87,32.4,Summer,2025,2025-08
ORD-00092,2025-08-11,West,Office Supplies,Art,Drawing Pad,CUST-0129,6,142.84,0.25,9.83,30.9,Summer,2025,2025-08
ORD-01749,2025-08-11,West,Furniture,Chairs,Ergonomic Chair,CUST-0505,1,251.38,0.05,32.74,76.7,Summer,2025,2025-08
ORD-00837,2025-08-13,South,Office Supplies,Binders,Ring Binder,CUST-0764,8,337.74,0.15,46.2,25.2,Summer,2025,2025-08
ORD-00291,2025-08-13,West,Office Supplies,Binders,Premium Binder,CUST-0565,6,60.52,0.1,9.14,38.4,Summer,2025,2025-08
ORD-01334,2025-08-13,North,Furniture,Tables,Office Table,CUST-0784,8,2531.13,0.0,220.13,80.5,Summer,2025,2025-08
ORD-01001,2025-08-13,East,Furniture,Chairs,Task Chair,CUST-0078,1,179.39,0.15,9.39,56.3,Summer,2025,2025-08
ORD-00336,2025-08-13,West,Technology,Phones,Smartphone,CUST-0208,2,520.29,0.05,99.54,13.6,Summer,2025,2025-08
ORD-01219,2025-08-14,East,Furniture,Chairs,Ergonomic Chair,CUST-0542,4,1535.54,0.0,220.09,43.7,Summer,2025,2025-08
ORD-00227,2025-08-14,South,Furniture,Tables,Computer Table,CUST-0606,5,2099.91,0.05,142.91,109.9,Summer,2025,2025-08
ORD-02161,2025-08-14,East,Technology,Machines,Scanner,CUST-0658,1,538.81,0.05,78.3,20.7,Summer,2025,2025-08
ORD-01574,2025-08-17,West,Furniture,Chairs,Ergonomic Chair,CUST-0092,8,3021.63,0.05,414.17,71.8,Summer,2025,2025-08
ORD-02159,2025-08-17,East,Furniture,Bookcases,Wood Bookcase,CUST-0030,8,3123.01,0.1,-166.6,82.3,Summer,2025,2025-08
ORD-00885,2025-08-17,East,Office Supplies,Binders,Ring Binder,CUST-0291,3,101.04,0.15,14.54,31.7,Summer,2025,2025-08
ORD-00166,2025-08-18,West,Office Supplies,Storage,Drawer Unit,CUST-0145,7,258.4,0.25,3.49,49.9,Summer,2025,2025-08
ORD-01426,2025-08-18,East,Furniture,Bookcases,Metal Bookcase,CUST-0577,2,318.23,0.2,-28.19,55.2,Summer,2025,2025-08
ORD-01843,2025-08-19,West,Office Supplies,Paper,Copy Paper,CUST-0334,6,284.49,0.0,61.84,50.0,Summer,2025,2025-08
ORD-02196,2025-08-19,South,Furniture,Tables,Computer Table,CUST-0563,3,781.33,0.1,-18.48,52.4,Summer,2025,2025-08
ORD-00514,2025-08-19,North,Technology,Copiers,Office Copier,CUST-0793,5,1857.5,0.0,350.35,74.8,Summer,2025,2025-08
ORD-01535,2025-08-19,North,Furniture,Bookcases,Wood Bookcase,CUST-0739,2,455.1,0.05,51.83,56.5,Summer,2025,2025-08
ORD-01965,2025-08-20,North,Furniture,Furnishings,Wall Clock,CUST-0054,7,2194.56,0.05,195.45,68.3,Summer,2025,2025-08
ORD-00741,2025-08-20,North,Office Supplies,Storage,Drawer Unit,CUST-0487,5,428.16,0.05,85.99,20.3,Summer,2025,2025-08
ORD-01964,2025-08-21,East,Office Supplies,Paper,Copy Paper,CUST-0269,4,119.2,0.0,24.6,15.8,Summer,2025,2025-08
ORD-02338,2025-08-21,South,Furniture,Tables,Office Table,CUST-0075,7,1400.23,0.0,155.54,81.7,Summer,2025,2025-08
ORD-00849,2025-08-22,North,Office Supplies,Art,Drawing Pad,CUST-0662,6,208.26,0.1,30.52,45.7,Summer,2025,2025-08
ORD-00867,2025-08-22,South,Furniture,Chairs,Task Chair,CUST-0303,4,879.69,0.2,-4.27,61.5,Summer,2025,2025-08
ORD-02288,2025-08-23,East,Furniture,Bookcases,Metal Bookcase,CUST-0024,4,698.57,0.15,17.57,86.7,Summer,2025,2025-08
ORD-00149,2025-08-23,East,Furniture,Bookcases,Metal Bookcase,CUST-0605,2,249.39,0.1,11.6,78.5,Summer,2025,2025-08
ORD-01231,2025-08-23,East,Technology,Accessories,Headset,CUST-0678,1,670.45,0.0,116.84,38.8,Summer,2025,2025-08
ORD-01025,2025-08-23,West,Furniture,Bookcases,Metal Bookcase,CUST-0432,3,309.13,0.2,-13.37,55.7,Summer,2025,2025-08
ORD-02372,2025-08-24,South,Office Supplies,Storage,File Storage Box,CUST-0624,3,43.97,0.05,9.19,12.8,Summer,2025,2025-08
ORD-02334,2025-08-24,West,Furniture,Chairs,Task Chair,CUST-0324,4,1545.49,0.0,231.29,75.0,Summer,2025,2025-08
ORD-00028,2025-08-24,North,Furniture,Bookcases,Metal Bookcase,CUST-0551,5,608.9,0.05,45.15,66.5,Summer,2025,2025-08
ORD-02326,2025-08-24,South,Office Supplies,Binders,Premium Binder,CUST-0026,5,468.46,0.0,116.87,57.0,Summer,2025,2025-08
ORD-01587,2025-08-24,East,Office Supplies,Storage,Drawer Unit,CUST-0527,3,131.78,0.0,30.57,43.4,Summer,2025,2025-08
ORD-01264,2025-08-24,North,Technology,Machines,Printer,CUST-0162,8,1997.14,0.1,343.46,52.4,Summer,2025,2025-08
ORD-00524,2025-08-25,West,Technology,Phones,Smartphone,CUST-0513,3,655.9,0.15,63.31,52.1,Summer,2025,2025-08
ORD-01923,2025-08-26,East,Office Supplies,Labels,Shipping Labels,CUST-0740,8,784.6,0.0,183.79,51.0,Summer,2025,2025-08
ORD-00794,2025-08-26,West,Office Supplies,Binders,Ring Binder,CUST-0085,6,192.32,0.25,15.75,41.2,Summer,2025,2025-08
ORD-00605,2025-08-26,West,Technology,Phones,Smartphone,CUST-0278,7,3986.65,0.15,171.22,50.2,Summer,2025,2025-08
ORD-01603,2025-08-26,West,Office Supplies,Paper,Premium Paper,CUST-0660,8,516.83,0.0,125.48,41.7,Summer,2025,2025-08
ORD-00433,2025-08-26,West,Office Supplies,Paper,Premium Paper,CUST-0061,3,202.62,0.0,48.67,22.8,Summer,2025,2025-08
ORD-02424,2025-08-27,South,Office Supplies,Storage,File Storage Box,CUST-0342,6,383.9,0.05,91.67,36.0,Summer,2025,2025-08
ORD-02081,2025-08-27,West,Office Supplies,Binders,Premium Binder,CUST-0718,8,451.88,0.2,57.16,21.7,Summer,2025,2025-08
ORD-00302,2025-08-27,South,Office Supplies,Binders,Ring Binder,CUST-0135,5,455.65,0.0,97.72,10.8,Summer,2025,2025-08
ORD-01987,2025-08-27,West,Office Supplies,Art,Marker Set,CUST-0136,4,145.1,0.25,20.25,10.7,Summer,2025,2025-08
ORD-00038,2025-08-27,South,Furniture,Chairs,Conference Chair,CUST-0283,4,572.4,0.1,68.91,76.6,Summer,2025,2025-08
ORD-01040,2025-08-27,South,Office Supplies,Paper,Copy Paper,CUST-0190,5,314.2,0.2,48.03,41.8,Summer,2025,2025-08
ORD-01971,2025-08-28,South,Technology,Machines,Printer,CUST-0072,8,4926.93,0.05,707.57,39.2,Summer,2025,2025-08
ORD-00553,2025-08-28,North,Technology,Phones,Business Phone,CUST-0090,6,1911.98,0.0,340.22,48.3,Summer,2025,2025-08
ORD-02406,2025-08-28,North,Furniture,Tables,Meeting Table,CUST-0129,3,548.9,0.1,0.98,78.8,Summer,2025,2025-08
ORD-00334,2025-08-29,South,Office Supplies,Storage,File Storage Box,CUST-0583,7,140.13,0.05,22.81,20.9,Summer,2025,2025-08
ORD-02455,2025-08-29,North,Furniture,Tables,Computer Table,CUST-0236,3,880.0,0.0,103.59,70.5,Summer,2025,2025-08
ORD-00482,2025-08-29,North,Furniture,Tables,Office Table,CUST-0237,3,1171.66,0.1,48.79,69.4,Summer,2025,2025-08
ORD-00545,2025-08-30,West,Technology,Accessories,Headset,CUST-0624,8,3592.28,0.1,523.6,64.1,Summer,2025,2025-08
ORD-00388,2025-08-30,West,Technology,Copiers,Office Copier,CUST-0156,7,2709.25,0.05,449.23,52.3,Summer,2025,2025-08
ORD-02246,2025-08-31,West,Office Supplies,Storage,Drawer Unit,CUST-0563,3,186.58,0.2,11.53,24.9,Summer,2025,2025-08
ORD-00090,2025-08-31,South,Furniture,Chairs,Conference Chair,CUST-0279,7,1923.91,0.05,199.75,34.4,Summer,2025,2025-08
ORD-02286,2025-08-31,West,Technology,Phones,Business Phone,CUST-0427,2,1037.09,0.05,177.75,37.7,Summer,2025,2025-08
ORD-00084,2025-08-31,West,Office Supplies,Labels,Address Labels,CUST-0304,3,240.99,0.0,53.86,41.9,Summer,2025,2025-08
ORD-00101,2025-08-31,West,Office Supplies,Labels,Address Labels,CUST-0062,5,190.09,0.15,24.85,15.4,Summer,2025,2025-08
ORD-00582,2025-09-01,West,Technology,Copiers,Office Copier,CUST-0719,8,1676.66,0.05,318.41,45.6,Autumn,2025,2025-09
ORD-01933,2025-09-01,South,Furniture,Furnishings,Wall Clock,CUST-0353,5,801.55,0.05,82.73,72.0,Autumn,2025,2025-09
ORD-00611,2025-09-01,East,Furniture,Chairs,Task Chair,CUST-0073,3,339.43,0.0,35.16,54.9,Autumn,2025,2025-09
ORD-01865,2025-09-02,South,Office Supplies,Paper,Copy Paper,CUST-0692,2,37.56,0.1,5.66,31.9,Autumn,2025,2025-09
ORD-01097,2025-09-02,West,Furniture,Chairs,Task Chair,CUST-0625,4,1066.09,0.1,100.31,75.8,Autumn,2025,2025-09
ORD-00589,2025-09-03,West,Office Supplies,Art,Marker Set,CUST-0688,1,71.84,0.2,9.56,41.4,Autumn,2025,2025-09
ORD-00816,2025-09-03,West,Office Supplies,Labels,Address Labels,CUST-0089,6,149.45,0.15,22.38,43.2,Autumn,2025,2025-09
ORD-01080,2025-09-03,South,Technology,Copiers,Office Copier,CUST-0088,8,1844.38,0.2,111.36,39.5,Autumn,2025,2025-09
ORD-01650,2025-09-03,South,Furniture,Furnishings,Wall Clock,CUST-0195,4,384.78,0.15,11.55,52.6,Autumn,2025,2025-09
ORD-01016,2025-09-04,North,Furniture,Furnishings,Wall Clock,CUST-0525,4,408.02,0.15,25.2,65.1,Autumn,2025,2025-09
ORD-00868,2025-09-04,North,Office Supplies,Labels,Address Labels,CUST-0404,4,219.21,0.2,16.37,42.8,Autumn,2025,2025-09
ORD-02451,2025-09-05,West,Office Supplies,Storage,Drawer Unit,CUST-0674,5,68.67,0.15,7.58,11.1,Autumn,2025,2025-09
ORD-01086,2025-09-05,East,Technology,Machines,Printer,CUST-0273,4,463.45,0.05,75.09,53.9,Autumn,2025,2025-09
ORD-01969,2025-09-05,South,Furniture,Furnishings,Desk Lamp,CUST-0520,6,718.59,0.0,109.37,65.4,Autumn,2025,2025-09
ORD-01961,2025-09-05,South,Technology,Copiers,Office Copier,CUST-0789,7,2116.37,0.1,366.04,34.8,Autumn,2025,2025-09
ORD-02208,2025-09-05,West,Furniture,Bookcases,Wood Bookcase,CUST-0424,1,337.66,0.15,-0.31,66.4,Autumn,2025,2025-09
ORD-01659,2025-09-05,West,Furniture,Tables,Office Table,CUST-0173,5,1212.55,0.05,63.94,72.8,Autumn,2025,2025-09
ORD-00019,2025-09-05,South,Office Supplies,Art,Marker Set,CUST-0788,5,169.27,0.0,39.43,54.3,Autumn,2025,2025-09
ORD-00513,2025-09-06,North,Furniture,Furnishings,Desk Organizer,CUST-0168,1,236.17,0.1,26.02,65.1,Autumn,2025,2025-09
ORD-01125,2025-09-06,South,Office Supplies,Binders,Premium Binder,CUST-0233,3,170.32,0.0,39.93,19.3,Autumn,2025,2025-09
ORD-02457,2025-09-06,South,Office Supplies,Paper,Copy Paper,CUST-0426,7,512.73,0.15,76.59,39.8,Autumn,2025,2025-09
ORD-00459,2025-09-06,West,Office Supplies,Storage,File Storage Box,CUST-0670,3,186.28,0.15,15.38,39.9,Autumn,2025,2025-09
ORD-01500,2025-09-06,North,Technology,Machines,Scanner,CUST-0193,6,2421.52,0.0,564.67,57.0,Autumn,2025,2025-09
ORD-00963,2025-09-06,West,Office Supplies,Storage,File Storage Box,CUST-0237,6,73.14,0.15,9.64,33.7,Autumn,2025,2025-09
ORD-00093,2025-09-07,South,Office Supplies,Paper,Copy Paper,CUST-0678,3,207.74,0.0,38.76,43.0,Autumn,2025,2025-09
ORD-01024,2025-09-07,West,Office Supplies,Storage,Drawer Unit,CUST-0433,6,271.72,0.25,21.8,44.4,Autumn,2025,2025-09
ORD-01093,2025-09-08,West,Furniture,Bookcases,Wood Bookcase,CUST-0736,7,1187.64,0.0,123.87,62.3,Autumn,2025,2025-09
ORD-01126,2025-09-08,North,Office Supplies,Paper,Copy Paper,CUST-0105,8,792.78,0.0,191.04,38.6,Autumn,2025,2025-09
ORD-02168,2025-09-08,West,Technology,Machines,Scanner,CUST-0681,1,469.18,0.1,79.51,38.7,Autumn,2025,2025-09
ORD-00590,2025-09-08,West,Technology,Accessories,Headset,CUST-0482,1,284.43,0.15,29.32,55.8,Autumn,2025,2025-09
ORD-00723,2025-09-09,West,Office Supplies,Storage,Drawer Unit,CUST-0086,3,260.62,0.05,45.2,27.1,Autumn,2025,2025-09
ORD-02439,2025-09-09,East,Office Supplies,Paper,Premium Paper,CUST-0227,2,94.19,0.2,11.79,14.1,Autumn,2025,2025-09
ORD-01144,2025-09-09,North,Furniture,Furnishings,Desk Organizer,CUST-0002,8,2874.3,0.05,458.1,68.9,Autumn,2025,2025-09
ORD-01599,2025-09-09,West,Office Supplies,Storage,Drawer Unit,CUST-0229,8,317.67,0.1,54.16,59.1,Autumn,2025,2025-09
ORD-00361,2025-09-10,South,Office Supplies,Labels,Address Labels,CUST-0093,4,182.43,0.15,20.75,22.0,Autumn,2025,2025-09
ORD-01844,2025-09-10,West,Furniture,Bookcases,Wood Bookcase,CUST-0670,8,2695.79,0.0,222.99,83.3,Autumn,2025,2025-09
ORD-00865,2025-09-10,North,Office Supplies,Storage,File Storage Box,CUST-0066,4,192.54,0.0,43.3,12.6,Autumn,2025,2025-09
ORD-01884,2025-09-10,North,Furniture,Tables,Office Table,CUST-0068,8,709.43,0.15,-2.92,95.7,Autumn,2025,2025-09
ORD-02036,2025-09-10,East,Technology,Machines,Scanner,CUST-0749,3,521.0,0.05,91.65,46.2,Autumn,2025,2025-09
ORD-00775,2025-09-10,South,Technology,Copiers,Office Copier,CUST-0610,6,1361.24,0.25,12.01,37.0,Autumn,2025,2025-09
ORD-00477,2025-09-11,South,Office Supplies,Storage,File Storage Box,CUST-0636,6,199.79,0.1,32.6,45.3,Autumn,2025,2025-09
ORD-01657,2025-09-11,West,Office Supplies,Paper,Premium Paper,CUST-0571,1,53.8,0.0,16.07,34.7,Autumn,2025,2025-09
ORD-01163,2025-09-11,South,Office Supplies,Storage,Drawer Unit,CUST-0428,6,486.64,0.0,106.65,20.7,Autumn,2025,2025-09
ORD-02149,2025-09-11,East,Office Supplies,Labels,Address Labels,CUST-0753,4,254.14,0.2,20.74,33.6,Autumn,2025,2025-09
ORD-01863,2025-09-11,East,Furniture,Furnishings,Wall Clock,CUST-0596,6,1241.82,0.1,114.07,73.4,Autumn,2025,2025-09
ORD-01548,2025-09-12,South,Furniture,Tables,Meeting Table,CUST-0388,1,346.37,0.15,8.2,80.6,Autumn,2025,2025-09
ORD-00650,2025-09-12,North,Technology,Accessories,Headset,CUST-0728,7,2160.33,0.05,284.98,44.1,Autumn,2025,2025-09
ORD-00856,2025-09-12,East,Office Supplies,Labels,Address Labels,CUST-0268,8,774.03,0.0,207.02,36.3,Autumn,2025,2025-09
ORD-01007,2025-09-13,West,Office Supplies,Storage,File Storage Box,CUST-0450,7,254.26,0.05,48.12,31.5,Autumn,2025,2025-09
ORD-00780,2025-09-13,East,Office Supplies,Paper,Premium Paper,CUST-0110,1,38.45,0.05,7.06,14.9,Autumn,2025,2025-09
ORD-01158,2025-09-13,South,Furniture,Bookcases,Metal Bookcase,CUST-0024,4,950.16,0.1,28.22,58.9,Autumn,2025,2025-09
ORD-00297,2025-09-13,North,Furniture,Chairs,Conference Chair,CUST-0430,8,1870.05,0.0,209.95,70.5,Autumn,2025,2025-09
ORD-02319,2025-09-13,West,Furniture,Bookcases,Wood Bookcase,CUST-0053,5,718.8,0.0,45.96,67.7,Autumn,2025,2025-09
ORD-01465,2025-09-14,West,Office Supplies,Storage,Drawer Unit,CUST-0794,8,298.46,0.15,35.36,42.3,Autumn,2025,2025-09
ORD-01896,2025-09-14,East,Furniture,Furnishings,Wall Clock,CUST-0765,4,556.81,0.0,100.81,54.0,Autumn,2025,2025-09
ORD-01856,2025-09-14,East,Office Supplies,Labels,Address Labels,CUST-0279,2,33.34,0.05,7.5,32.9,Autumn,2025,2025-09
ORD-00560,2025-09-14,North,Office Supplies,Binders,Ring Binder,CUST-0722,8,358.19,0.05,60.73,41.8,Autumn,2025,2025-09
ORD-01150,2025-09-14,East,Technology,Machines,Scanner,CUST-0468,3,586.55,0.15,55.29,34.8,Autumn,2025,2025-09
ORD-00882,2025-09-14,West,Office Supplies,Storage,File Storage Box,CUST-0261,7,472.86,0.15,73.04,59.9,Autumn,2025,2025-09
ORD-00146,2025-09-15,North,Office Supplies,Labels,Address Labels,CUST-0178,3,293.58,0.0,71.62,25.2,Autumn,2025,2025-09
ORD-01314,2025-09-15,East,Furniture,Bookcases,Wood Bookcase,CUST-0676,1,355.67,0.1,1.73,57.1,Autumn,2025,2025-09
ORD-01310,2025-09-15,North,Furniture,Tables,Computer Table,CUST-0149,4,1173.53,0.0,92.82,77.2,Autumn,2025,2025-09
ORD-01552,2025-09-15,South,Office Supplies,Storage,File Storage Box,CUST-0633,1,61.62,0.15,9.52,29.4,Autumn,2025,2025-09
ORD-01127,2025-09-16,West,Furniture,Chairs,Ergonomic Chair,CUST-0223,3,928.41,0.2,27.82,37.5,Autumn,2025,2025-09
ORD-01401,2025-09-16,West,Office Supplies,Labels,Shipping Labels,CUST-0422,4,180.24,0.05,35.57,30.4,Autumn,2025,2025-09
ORD-02150,2025-09-16,East,Furniture,Bookcases,Metal Bookcase,CUST-0021,8,1230.78,0.2,-61.17,80.7,Autumn,2025,2025-09
ORD-00835,2025-09-16,East,Office Supplies,Labels,Shipping Labels,CUST-0179,5,331.09,0.0,70.35,15.0,Autumn,2025,2025-09
ORD-02377,2025-09-16,West,Furniture,Chairs,Ergonomic Chair,CUST-0335,8,2055.63,0.1,181.33,49.6,Autumn,2025,2025-09
ORD-00643,2025-09-16,East,Office Supplies,Binders,Premium Binder,CUST-0102,4,33.67,0.15,4.26,33.3,Autumn,2025,2025-09
ORD-00151,2025-09-17,South,Furniture,Tables,Computer Table,CUST-0759,3,885.84,0.0,74.1,84.1,Autumn,2025,2025-09
ORD-00125,2025-09-17,West,Technology,Phones,Business Phone,CUST-0283,6,655.73,0.0,148.27,44.0,Autumn,2025,2025-09
ORD-01560,2025-09-17,North,Furniture,Furnishings,Wall Clock,CUST-0225,3,221.26,0.0,27.36,46.5,Autumn,2025,2025-09
ORD-01347,2025-09-17,North,Office Supplies,Storage,File Storage Box,CUST-0022,6,131.69,0.05,28.2,21.3,Autumn,2025,2025-09
ORD-01042,2025-09-18,East,Furniture,Tables,Meeting Table,CUST-0671,6,684.12,0.05,36.87,75.3,Autumn,2025,2025-09
ORD-00610,2025-09-18,South,Technology,Phones,Business Phone,CUST-0711,5,1576.26,0.1,230.17,34.9,Autumn,2025,2025-09
ORD-02153,2025-09-18,East,Furniture,Chairs,Ergonomic Chair,CUST-0602,5,1453.15,0.2,59.95,72.7,Autumn,2025,2025-09
ORD-00232,2025-09-18,North,Office Supplies,Paper,Premium Paper,CUST-0343,5,326.21,0.1,53.31,38.9,Autumn,2025,2025-09
ORD-00006,2025-09-19,West,Office Supplies,Storage,File Storage Box,CUST-0575,4,40.25,0.0,8.83,21.6,Autumn,2025,2025-09
ORD-01292,2025-09-19,South,Furniture,Chairs,Ergonomic Chair,CUST-0624,8,2507.53,0.1,342.19,88.3,Autumn,2025,2025-09
ORD-01706,2025-09-19,South,Office Supplies,Storage,Drawer Unit,CUST-0528,1,82.81,0.15,11.14,39.0,Autumn,2025,2025-09
ORD-00037,2025-09-19,South,Technology,Accessories,Headset,CUST-0360,1,212.21,0.0,40.96,35.4,Autumn,2025,2025-09
ORD-01247,2025-09-20,East,Furniture,Chairs,Conference Chair,CUST-0009,1,216.75,0.2,6.6,47.7,Autumn,2025,2025-09
ORD-02482,2025-09-20,West,Office Supplies,Labels,Shipping Labels,CUST-0152,5,180.81,0.2,19.71,32.9,Autumn,2025,2025-09
ORD-02198,2025-09-21,West,Office Supplies,Paper,Copy Paper,CUST-0031,4,163.55,0.2,9.94,30.0,Autumn,2025,2025-09
ORD-01419,2025-09-21,East,Furniture,Chairs,Ergonomic Chair,CUST-0071,6,1525.84,0.0,212.82,60.3,Autumn,2025,2025-09
ORD-00668,2025-09-21,West,Furniture,Chairs,Conference Chair,CUST-0306,2,341.96,0.2,12.25,57.6,Autumn,2025,2025-09
ORD-01735,2025-09-21,North,Technology,Accessories,Headset,CUST-0031,5,1712.67,0.15,193.09,37.6,Autumn,2025,2025-09
ORD-02332,2025-09-21,West,Furniture,Furnishings,Desk Organizer,CUST-0186,4,625.34,0.0,73.14,54.3,Autumn,2025,2025-09
ORD-02098,2025-09-21,East,Furniture,Furnishings,Wall Clock,CUST-0712,6,701.57,0.1,60.35,61.2,Autumn,2025,2025-09
ORD-01486,2025-09-22,South,Office Supplies,Labels,Shipping Labels,CUST-0628,3,161.4,0.1,23.75,49.3,Autumn,2025,2025-09
ORD-01589,2025-09-22,South,Technology,Phones,Smartphone,CUST-0325,8,3769.69,0.05,626.07,50.8,Autumn,2025,2025-09
ORD-01509,2025-09-23,East,Office Supplies,Binders,Ring Binder,CUST-0161,5,373.61,0.05,86.07,27.9,Autumn,2025,2025-09
ORD-01521,2025-09-23,North,Technology,Machines,Printer,CUST-0542,8,4715.29,0.05,789.37,67.6,Autumn,2025,2025-09
ORD-00829,2025-09-23,South,Office Supplies,Labels,Shipping Labels,CUST-0057,5,206.98,0.0,48.48,23.0,Autumn,2025,2025-09
ORD-00427,2025-09-23,West,Office Supplies,Art,Drawing Pad,CUST-0680,4,288.54,0.1,54.31,24.7,Autumn,2025,2025-09
ORD-01280,2025-09-24,East,Furniture,Bookcases,Wood Bookcase,CUST-0696,2,500.09,0.15,-1.44,64.7,Autumn,2025,2025-09
ORD-01734,2025-09-24,East,Office Supplies,Paper,Copy Paper,CUST-0516,4,150.93,0.1,29.74,55.7,Autumn,2025,2025-09
ORD-01325,2025-09-25,East,Technology,Machines,Scanner,CUST-0380,2,1289.3,0.0,258.07,15.3,Autumn,2025,2025-09
ORD-01214,2025-09-25,East,Furniture,Chairs,Conference Chair,CUST-0280,8,2485.51,0.15,128.25,59.8,Autumn,2025,2025-09
ORD-00492,2025-09-26,North,Technology,Phones,Business Phone,CUST-0426,6,1113.33,0.0,254.76,50.2,Autumn,2025,2025-09
ORD-00504,2025-09-26,West,Office Supplies,Paper,Premium Paper,CUST-0523,5,125.97,0.25,13.31,46.9,Autumn,2025,2025-09
ORD-01023,2025-09-26,West,Furniture,Tables,Computer Table,CUST-0664,5,593.88,0.2,-17.22,82.8,Autumn,2025,2025-09
ORD-02105,2025-09-28,South,Furniture,Chairs,Task Chair,CUST-0157,2,370.18,0.1,51.53,54.5,Autumn,2025,2025-09
ORD-00921,2025-09-29,South,Furniture,Chairs,Ergonomic Chair,CUST-0155,8,2466.98,0.1,216.8,51.8,Autumn,2025,2025-09
ORD-02390,2025-09-30,East,Office Supplies,Binders,Premium Binder,CUST-0698,2,117.27,0.05,21.27,27.6,Autumn,2025,2025-09
ORD-01658,2025-09-30,North,Furniture,Chairs,Conference Chair,CUST-0784,2,285.54,0.0,42.59,66.9,Autumn,2025,2025-09
ORD-00558,2025-10-01,South,Office Supplies,Storage,Drawer Unit,CUST-0313,4,101.99,0.1,19.54,40.8,Autumn,2025,2025-10
ORD-01898,2025-10-01,East,Furniture,Bookcases,Metal Bookcase,CUST-0380,8,1160.5,0.0,64.42,96.4,Autumn,2025,2025-10
ORD-02142,2025-10-01,East,Office Supplies,Binders,Ring Binder,CUST-0200,4,117.47,0.0,22.08,18.0,Autumn,2025,2025-10
ORD-01245,2025-10-01,West,Office Supplies,Paper,Premium Paper,CUST-0796,5,252.58,0.05,49.89,26.0,Autumn,2025,2025-10
ORD-01943,2025-10-01,East,Office Supplies,Storage,File Storage Box,CUST-0800,2,42.88,0.1,7.36,9.7,Autumn,2025,2025-10
ORD-02386,2025-10-01,North,Furniture,Bookcases,Wood Bookcase,CUST-0328,6,2267.41,0.1,161.73,88.7,Autumn,2025,2025-10
ORD-00396,2025-10-01,South,Furniture,Tables,Office Table,CUST-0704,3,396.97,0.0,31.7,68.5,Autumn,2025,2025-10
ORD-01408,2025-10-01,East,Office Supplies,Art,Marker Set,CUST-0686,6,329.08,0.0,77.56,36.9,Autumn,2025,2025-10
ORD-01824,2025-10-02,West,Technology,Accessories,Keyboard,CUST-0212,3,1758.47,0.1,268.3,60.4,Autumn,2025,2025-10
ORD-00781,2025-10-03,North,Technology,Machines,Printer,CUST-0705,3,988.48,0.1,114.64,41.1,Autumn,2025,2025-10
ORD-02227,2025-10-03,West,Technology,Accessories,Mouse,CUST-0072,2,552.49,0.0,122.75,38.3,Autumn,2025,2025-10
ORD-02001,2025-10-03,West,Furniture,Bookcases,Metal Bookcase,CUST-0426,1,369.41,0.0,41.86,77.1,Autumn,2025,2025-10
ORD-02304,2025-10-04,East,Furniture,Tables,Office Table,CUST-0261,8,1115.1,0.2,-46.82,107.4,Autumn,2025,2025-10
ORD-01201,2025-10-04,East,Furniture,Tables,Computer Table,CUST-0162,8,3360.2,0.0,230.04,71.1,Autumn,2025,2025-10
ORD-01716,2025-10-04,East,Technology,Machines,Scanner,CUST-0554,2,1194.39,0.05,169.01,50.4,Autumn,2025,2025-10
ORD-01893,2025-10-04,West,Technology,Machines,Printer,CUST-0729,3,879.54,0.15,68.44,44.8,Autumn,2025,2025-10
ORD-00812,2025-10-04,South,Furniture,Tables,Meeting Table,CUST-0681,5,558.0,0.15,13.38,71.4,Autumn,2025,2025-10
ORD-01371,2025-10-05,West,Office Supplies,Binders,Premium Binder,CUST-0525,6,84.91,0.25,5.15,51.1,Autumn,2025,2025-10
ORD-01634,2025-10-05,South,Furniture,Bookcases,Metal Bookcase,CUST-0536,7,1951.14,0.05,12.32,81.7,Autumn,2025,2025-10
ORD-01713,2025-10-05,North,Furniture,Furnishings,Wall Clock,CUST-0643,2,508.53,0.1,59.23,54.7,Autumn,2025,2025-10
ORD-00517,2025-10-06,West,Office Supplies,Art,Marker Set,CUST-0730,8,258.97,0.0,65.51,38.9,Autumn,2025,2025-10
ORD-01141,2025-10-06,East,Furniture,Tables,Meeting Table,CUST-0280,3,1022.35,0.2,-39.61,71.3,Autumn,2025,2025-10
ORD-01792,2025-10-06,West,Office Supplies,Art,Drawing Pad,CUST-0644,2,181.52,0.05,35.74,43.5,Autumn,2025,2025-10
ORD-01815,2025-10-07,South,Technology,Copiers,Office Copier,CUST-0362,7,2810.13,0.05,305.43,54.9,Autumn,2025,2025-10
ORD-02240,2025-10-08,South,Office Supplies,Labels,Shipping Labels,CUST-0552,5,111.48,0.15,16.08,37.7,Autumn,2025,2025-10
ORD-00904,2025-10-08,West,Furniture,Bookcases,Wood Bookcase,CUST-0212,1,213.21,0.0,19.59,68.1,Autumn,2025,2025-10
ORD-00375,2025-10-09,South,Technology,Copiers,Office Copier,CUST-0797,4,2295.75,0.1,278.1,43.3,Autumn,2025,2025-10
ORD-01004,2025-10-09,East,Office Supplies,Paper,Premium Paper,CUST-0663,6,323.65,0.0,84.83,49.8,Autumn,2025,2025-10
ORD-01375,2025-10-10,East,Office Supplies,Labels,Address Labels,CUST-0355,7,81.81,0.0,21.05,48.6,Autumn,2025,2025-10
ORD-02091,2025-10-10,South,Office Supplies,Art,Drawing Pad,CUST-0074,2,49.53,0.05,10.42,19.3,Autumn,2025,2025-10
ORD-01752,2025-10-10,East,Office Supplies,Labels,Address Labels,CUST-0527,3,84.44,0.25,4.83,31.0,Autumn,2025,2025-10
ORD-01324,2025-10-10,West,Office Supplies,Art,Marker Set,CUST-0014,3,262.47,0.0,55.33,37.5,Autumn,2025,2025-10
ORD-02498,2025-10-11,West,Technology,Machines,Printer,CUST-0290,7,2107.4,0.05,369.21,53.6,Autumn,2025,2025-10
ORD-01912,2025-10-11,West,Furniture,Tables,Meeting Table,CUST-0145,6,1163.54,0.1,13.69,66.3,Autumn,2025,2025-10
ORD-00565,2025-10-11,West,Furniture,Tables,Computer Table,CUST-0331,5,1897.84,0.05,73.45,68.6,Autumn,2025,2025-10
ORD-00035,2025-10-11,West,Office Supplies,Binders,Ring Binder,CUST-0542,2,65.95,0.05,13.57,45.5,Autumn,2025,2025-10
ORD-02452,2025-10-12,North,Office Supplies,Storage,File Storage Box,CUST-0384,8,137.86,0.05,24.62,34.3,Autumn,2025,2025-10
ORD-01692,2025-10-12,North,Technology,Accessories,Keyboard,CUST-0282,1,359.41,0.1,46.66,55.5,Autumn,2025,2025-10
ORD-01606,2025-10-12,West,Technology,Accessories,Keyboard,CUST-0442,5,1240.77,0.0,268.87,51.4,Autumn,2025,2025-10
ORD-00358,2025-10-13,South,Technology,Accessories,Mouse,CUST-0172,5,1130.48,0.0,272.15,53.2,Autumn,2025,2025-10
ORD-00389,2025-10-13,North,Office Supplies,Labels,Address Labels,CUST-0582,3,66.21,0.15,11.64,28.2,Autumn,2025,2025-10
ORD-00362,2025-10-13,West,Technology,Accessories,Mouse,CUST-0585,8,451.38,0.05,73.4,53.6,Autumn,2025,2025-10
ORD-01389,2025-10-13,West,Furniture,Furnishings,Wall Clock,CUST-0114,2,835.49,0.05,114.38,38.4,Autumn,2025,2025-10
ORD-00048,2025-10-14,North,Technology,Phones,Business Phone,CUST-0501,2,706.19,0.0,135.98,28.9,Autumn,2025,2025-10
ORD-02471,2025-10-14,East,Office Supplies,Binders,Ring Binder,CUST-0102,5,75.08,0.1,12.39,56.1,Autumn,2025,2025-10
ORD-02042,2025-10-14,West,Office Supplies,Labels,Address Labels,CUST-0311,2,21.54,0.05,4.17,22.7,Autumn,2025,2025-10
ORD-02300,2025-10-14,West,Office Supplies,Art,Drawing Pad,CUST-0746,2,45.26,0.2,4.85,11.4,Autumn,2025,2025-10
ORD-00364,2025-10-15,South,Office Supplies,Storage,Drawer Unit,CUST-0537,4,237.99,0.1,44.95,25.6,Autumn,2025,2025-10
ORD-02446,2025-10-15,South,Office Supplies,Paper,Copy Paper,CUST-0279,5,212.48,0.2,21.13,27.8,Autumn,2025,2025-10
ORD-02061,2025-10-15,West,Office Supplies,Binders,Ring Binder,CUST-0329,4,285.2,0.2,28.15,43.6,Autumn,2025,2025-10
ORD-00579,2025-10-15,West,Technology,Copiers,Office Copier,CUST-0050,7,2146.79,0.1,322.85,51.3,Autumn,2025,2025-10
ORD-01304,2025-10-16,West,Furniture,Bookcases,Wood Bookcase,CUST-0691,1,333.36,0.1,13.69,51.9,Autumn,2025,2025-10
ORD-00304,2025-10-17,South,Office Supplies,Paper,Copy Paper,CUST-0058,5,496.13,0.0,108.1,54.9,Autumn,2025,2025-10
ORD-00828,2025-10-17,North,Furniture,Furnishings,Desk Lamp,CUST-0349,7,2258.45,0.2,9.82,72.1,Autumn,2025,2025-10
ORD-01557,2025-10-17,South,Technology,Machines,Scanner,CUST-0292,8,4651.64,0.0,913.66,44.0,Autumn,2025,2025-10
ORD-01384,2025-10-17,East,Office Supplies,Storage,Drawer Unit,CUST-0273,2,193.44,0.0,45.89,8.3,Autumn,2025,2025-10
ORD-01878,2025-10-17,North,Technology,Phones,Business Phone,CUST-0678,1,246.37,0.15,24.22,14.8,Autumn,2025,2025-10
ORD-01632,2025-10-17,North,Office Supplies,Labels,Shipping Labels,CUST-0746,5,216.34,0.0,58.37,35.0,Autumn,2025,2025-10
ORD-01471,2025-10-18,East,Furniture,Furnishings,Desk Organizer,CUST-0408,4,1246.15,0.0,198.96,51.7,Autumn,2025,2025-10
ORD-00095,2025-10-18,West,Technology,Copiers,Office Copier,CUST-0232,2,805.87,0.2,80.71,46.2,Autumn,2025,2025-10
ORD-00740,2025-10-18,North,Office Supplies,Paper,Premium Paper,CUST-0448,4,79.32,0.15,9.97,48.4,Autumn,2025,2025-10
ORD-00179,2025-10-20,West,Furniture,Bookcases,Wood Bookcase,CUST-0398,1,308.55,0.05,14.29,51.0,Autumn,2025,2025-10
ORD-00592,2025-10-21,East,Furniture,Furnishings,Desk Lamp,CUST-0637,2,206.74,0.1,16.87,61.8,Autumn,2025,2025-10
ORD-00220,2025-10-21,North,Furniture,Tables,Computer Table,CUST-0291,2,564.95,0.2,-23.43,88.3,Autumn,2025,2025-10
ORD-01428,2025-10-21,West,Furniture,Tables,Office Table,CUST-0765,2,780.48,0.0,97.35,73.1,Autumn,2025,2025-10
ORD-01315,2025-10-21,East,Technology,Copiers,Office Copier,CUST-0092,5,2974.28,0.0,682.94,52.9,Autumn,2025,2025-10
ORD-01037,2025-10-21,West,Office Supplies,Storage,Drawer Unit,CUST-0523,4,78.66,0.1,10.92,50.8,Autumn,2025,2025-10
ORD-01826,2025-10-21,West,Furniture,Bookcases,Metal Bookcase,CUST-0531,8,1837.29,0.05,72.34,63.6,Autumn,2025,2025-10
ORD-01732,2025-10-22,South,Furniture,Furnishings,Desk Organizer,CUST-0550,8,2518.42,0.05,294.24,81.0,Autumn,2025,2025-10
ORD-01206,2025-10-22,East,Furniture,Bookcases,Metal Bookcase,CUST-0607,2,270.84,0.2,-8.21,82.7,Autumn,2025,2025-10
ORD-00067,2025-10-23,East,Office Supplies,Storage,File Storage Box,CUST-0185,1,28.06,0.05,6.78,33.0,Autumn,2025,2025-10
ORD-00345,2025-10-23,West,Furniture,Bookcases,Metal Bookcase,CUST-0310,5,828.59,0.15,-33.39,51.8,Autumn,2025,2025-10
ORD-02287,2025-10-24,North,Technology,Phones,Business Phone,CUST-0371,4,237.05,0.25,5.33,52.3,Autumn,2025,2025-10
ORD-01287,2025-10-25,West,Technology,Copiers,Office Copier,CUST-0690,4,1587.25,0.1,167.18,33.8,Autumn,2025,2025-10
ORD-02068,2025-10-25,North,Furniture,Chairs,Conference Chair,CUST-0245,6,2203.13,0.1,192.2,68.1,Autumn,2025,2025-10
ORD-01108,2025-10-25,East,Office Supplies,Paper,Copy Paper,CUST-0726,2,154.27,0.15,19.31,29.7,Autumn,2025,2025-10
ORD-00202,2025-10-26,East,Technology,Copiers,Office Copier,CUST-0191,5,1411.88,0.15,183.54,35.7,Autumn,2025,2025-10
ORD-01390,2025-10-26,North,Technology,Accessories,Mouse,CUST-0292,5,2975.05,0.05,505.67,48.6,Autumn,2025,2025-10
ORD-01154,2025-10-26,West,Technology,Phones,Smartphone,CUST-0782,3,1487.61,0.25,40.03,42.5,Autumn,2025,2025-10
ORD-01569,2025-10-26,South,Office Supplies,Storage,File Storage Box,CUST-0064,2,110.05,0.1,17.75,20.8,Autumn,2025,2025-10
ORD-00843,2025-10-26,East,Technology,Phones,Smartphone,CUST-0775,4,1780.13,0.0,421.12,50.0,Autumn,2025,2025-10
ORD-00840,2025-10-27,South,Technology,Copiers,Office Copier,CUST-0440,8,3395.87,0.05,484.66,48.1,Autumn,2025,2025-10
ORD-02114,2025-10-27,East,Technology,Phones,Smartphone,CUST-0316,3,1029.95,0.15,159.36,31.1,Autumn,2025,2025-10
ORD-02164,2025-10-29,North,Furniture,Furnishings,Wall Clock,CUST-0425,8,2386.52,0.05,370.72,64.3,Autumn,2025,2025-10
ORD-01708,2025-10-29,North,Office Supplies,Binders,Ring Binder,CUST-0517,7,424.2,0.25,28.38,38.0,Autumn,2025,2025-10
ORD-00943,2025-10-29,West,Technology,Phones,Business Phone,CUST-0130,5,2408.99,0.25,82.2,46.8,Autumn,2025,2025-10
ORD-02101,2025-10-29,North,Technology,Phones,Smartphone,CUST-0085,4,1434.47,0.15,134.6,34.3,Autumn,2025,2025-10
ORD-02113,2025-10-30,East,Office Supplies,Binders,Ring Binder,CUST-0773,2,28.64,0.0,4.85,40.4,Autumn,2025,2025-10
ORD-01507,2025-10-30,West,Office Supplies,Binders,Premium Binder,CUST-0599,7,426.44,0.15,55.35,22.1,Autumn,2025,2025-10
ORD-00324,2025-10-31,West,Furniture,Furnishings,Desk Lamp,CUST-0657,8,2787.22,0.05,282.28,61.9,Autumn,2025,2025-10
ORD-01951,2025-10-31,West,Technology,Machines,Scanner,CUST-0329,4,1799.29,0.1,239.74,32.5,Autumn,2025,2025-10
ORD-00529,2025-10-31,South,Furniture,Chairs,Conference Chair,CUST-0749,6,578.26,0.25,9.51,67.0,Autumn,2025,2025-10
ORD-02305,2025-10-31,South,Furniture,Chairs,Ergonomic Chair,CUST-0632,6,1773.57,0.15,157.61,71.4,Autumn,2025,2025-10
ORD-01354,2025-10-31,West,Office Supplies,Paper,Premium Paper,CUST-0615,5,345.02,0.05,71.03,10.0,Autumn,2025,2025-10
ORD-00642,2025-10-31,West,Technology,Machines,Printer,CUST-0217,1,199.2,0.05,45.49,46.6,Autumn,2025,2025-10
ORD-00153,2025-11-01,West,Office Supplies,Labels,Address Labels,CUST-0192,2,119.77,0.1,21.02,29.3,Autumn,2025,2025-11
ORD-01170,2025-11-01,West,Office Supplies,Storage,File Storage Box,CUST-0579,2,26.45,0.0,6.35,5.0,Autumn,2025,2025-11
ORD-01948,2025-11-01,North,Technology,Phones,Business Phone,CUST-0404,4,1312.28,0.1,240.89,41.4,Autumn,2025,2025-11
ORD-02383,2025-11-01,East,Technology,Machines,Scanner,CUST-0469,6,639.82,0.1,98.27,55.8,Autumn,2025,2025-11
ORD-01564,2025-11-02,North,Office Supplies,Paper,Premium Paper,CUST-0252,2,58.4,0.05,13.06,30.8,Autumn,2025,2025-11
ORD-01103,2025-11-02,North,Technology,Accessories,Mouse,CUST-0747,5,1661.02,0.2,133.55,53.1,Autumn,2025,2025-11
ORD-00804,2025-11-02,West,Office Supplies,Labels,Address Labels,CUST-0640,8,196.46,0.1,29.21,44.8,Autumn,2025,2025-11
ORD-00669,2025-11-02,East,Furniture,Tables,Meeting Table,CUST-0392,7,514.09,0.15,-7.02,84.3,Autumn,2025,2025-11
ORD-01530,2025-11-02,North,Technology,Phones,Smartphone,CUST-0526,2,353.4,0.05,50.96,47.7,Autumn,2025,2025-11
ORD-01705,2025-11-03,East,Technology,Copiers,Office Copier,CUST-0077,4,1465.01,0.15,90.02,49.2,Autumn,2025,2025-11
ORD-01081,2025-11-03,East,Office Supplies,Paper,Copy Paper,CUST-0346,3,207.81,0.1,39.24,9.9,Autumn,2025,2025-11
ORD-00969,2025-11-03,West,Office Supplies,Storage,Drawer Unit,CUST-0359,4,115.92,0.0,29.14,28.6,Autumn,2025,2025-11
ORD-00715,2025-11-03,West,Furniture,Chairs,Ergonomic Chair,CUST-0567,3,1154.9,0.1,59.22,53.7,Autumn,2025,2025-11
ORD-00733,2025-11-04,West,Technology,Accessories,Mouse,CUST-0662,4,943.91,0.0,166.1,35.9,Autumn,2025,2025-11
ORD-02014,2025-11-04,South,Technology,Accessories,Mouse,CUST-0620,4,965.33,0.1,116.95,57.6,Autumn,2025,2025-11
ORD-00530,2025-11-04,South,Office Supplies,Binders,Premium Binder,CUST-0662,8,464.16,0.1,95.08,51.2,Autumn,2025,2025-11
ORD-01972,2025-11-04,West,Furniture,Furnishings,Desk Lamp,CUST-0453,8,2620.72,0.05,375.65,75.0,Autumn,2025,2025-11
ORD-01006,2025-11-04,East,Office Supplies,Art,Drawing Pad,CUST-0174,2,64.68,0.1,11.91,35.4,Autumn,2025,2025-11
ORD-00527,2025-11-05,East,Office Supplies,Paper,Premium Paper,CUST-0306,7,643.75,0.05,136.06,47.9,Autumn,2025,2025-11
ORD-00061,2025-11-05,South,Office Supplies,Paper,Copy Paper,CUST-0574,2,100.58,0.05,21.3,21.1,Autumn,2025,2025-11
ORD-02166,2025-11-06,North,Office Supplies,Paper,Copy Paper,CUST-0392,8,269.61,0.0,70.34,55.0,Autumn,2025,2025-11
ORD-01990,2025-11-06,South,Office Supplies,Storage,Drawer Unit,CUST-0206,2,102.24,0.15,14.24,25.7,Autumn,2025,2025-11
ORD-01679,2025-11-06,South,Technology,Copiers,Office Copier,CUST-0540,8,5304.57,0.0,1106.97,56.0,Autumn,2025,2025-11
ORD-01262,2025-11-06,South,Office Supplies,Binders,Premium Binder,CUST-0051,1,25.58,0.1,4.76,25.5,Autumn,2025,2025-11
ORD-01623,2025-11-06,North,Furniture,Furnishings,Desk Organizer,CUST-0631,8,1491.26,0.15,96.4,43.7,Autumn,2025,2025-11
ORD-00452,2025-11-07,West,Technology,Phones,Business Phone,CUST-0161,1,509.29,0.15,51.37,43.7,Autumn,2025,2025-11
ORD-00264,2025-11-07,West,Furniture,Furnishings,Desk Organizer,CUST-0476,1,296.0,0.2,5.96,60.1,Autumn,2025,2025-11
ORD-01067,2025-11-07,North,Furniture,Tables,Meeting Table,CUST-0088,1,97.67,0.1,0.93,73.4,Autumn,2025,2025-11
ORD-00577,2025-11-07,East,Furniture,Chairs,Task Chair,CUST-0470,5,1759.71,0.0,287.79,56.7,Autumn,2025,2025-11
ORD-00586,2025-11-07,North,Furniture,Furnishings,Desk Lamp,CUST-0577,2,429.38,0.1,44.49,71.1,Autumn,2025,2025-11
ORD-01182,2025-11-08,East,Office Supplies,Art,Drawing Pad,CUST-0139,8,546.94,0.05,114.02,61.2,Autumn,2025,2025-11
ORD-00024,2025-11-08,East,Technology,Phones,Smartphone,CUST-0574,6,3267.1,0.1,309.88,60.5,Autumn,2025,2025-11
ORD-00499,2025-11-08,South,Furniture,Chairs,Conference Chair,CUST-0115,5,1380.64,0.0,255.68,55.1,Autumn,2025,2025-11
ORD-00438,2025-11-09,East,Furniture,Furnishings,Desk Lamp,CUST-0485,1,102.51,0.25,2.58,66.0,Autumn,2025,2025-11
ORD-00862,2025-11-09,East,Office Supplies,Art,Marker Set,CUST-0559,6,117.66,0.25,10.05,25.7,Autumn,2025,2025-11
ORD-00421,2025-11-09,South,Technology,Copiers,Office Copier,CUST-0631,6,803.6,0.1,97.19,51.1,Autumn,2025,2025-11
ORD-02493,2025-11-10,West,Furniture,Furnishings,Desk Organizer,CUST-0322,1,112.1,0.0,18.6,72.5,Autumn,2025,2025-11
ORD-02500,2025-11-10,North,Office Supplies,Binders,Ring Binder,CUST-0559,7,149.06,0.2,13.53,30.2,Autumn,2025,2025-11
ORD-00693,2025-11-11,South,Technology,Copiers,Office Copier,CUST-0009,7,4039.67,0.1,544.45,28.0,Autumn,2025,2025-11
ORD-01143,2025-11-11,South,Office Supplies,Labels,Shipping Labels,CUST-0490,6,260.13,0.25,22.87,31.1,Autumn,2025,2025-11
ORD-01751,2025-11-11,West,Furniture,Furnishings,Desk Organizer,CUST-0726,3,680.25,0.2,28.81,57.7,Autumn,2025,2025-11
ORD-02413,2025-11-11,West,Office Supplies,Storage,Drawer Unit,CUST-0045,7,70.59,0.15,7.1,61.7,Autumn,2025,2025-11
ORD-01516,2025-11-11,West,Furniture,Chairs,Task Chair,CUST-0255,5,409.64,0.0,60.5,58.0,Autumn,2025,2025-11
ORD-01273,2025-11-11,South,Technology,Copiers,Office Copier,CUST-0768,3,404.3,0.0,67.88,47.9,Autumn,2025,2025-11
ORD-00722,2025-11-11,West,Furniture,Bookcases,Wood Bookcase,CUST-0178,6,1892.88,0.0,194.3,66.0,Autumn,2025,2025-11
ORD-01977,2025-11-12,East,Office Supplies,Labels,Shipping Labels,CUST-0158,7,285.91,0.05,56.59,41.6,Autumn,2025,2025-11
ORD-02228,2025-11-12,West,Office Supplies,Labels,Shipping Labels,CUST-0758,2,47.07,0.25,1.8,32.4,Autumn,2025,2025-11
ORD-01533,2025-11-12,East,Technology,Machines,Printer,CUST-0640,5,2331.71,0.2,192.23,47.3,Autumn,2025,2025-11
ORD-00470,2025-11-13,West,Office Supplies,Labels,Shipping Labels,CUST-0546,6,447.77,0.0,103.31,19.0,Autumn,2025,2025-11
ORD-00491,2025-11-13,North,Technology,Phones,Smartphone,CUST-0202,6,967.67,0.05,181.03,62.7,Autumn,2025,2025-11
ORD-00409,2025-11-14,South,Office Supplies,Paper,Copy Paper,CUST-0007,2,102.28,0.15,13.69,35.1,Autumn,2025,2025-11
ORD-01766,2025-11-14,East,Technology,Phones,Smartphone,CUST-0516,7,1599.2,0.1,185.81,71.4,Autumn,2025,2025-11
ORD-02458,2025-11-14,East,Furniture,Tables,Office Table,CUST-0217,3,616.17,0.15,-6.99,75.3,Autumn,2025,2025-11
ORD-01443,2025-11-14,West,Furniture,Furnishings,Desk Organizer,CUST-0210,5,1331.93,0.0,206.33,47.1,Autumn,2025,2025-11
ORD-00382,2025-11-15,West,Office Supplies,Storage,Drawer Unit,CUST-0573,3,73.48,0.25,4.68,39.8,Autumn,2025,2025-11
ORD-02148,2025-11-15,North,Technology,Copiers,Office Copier,CUST-0763,6,1315.36,0.05,234.47,46.8,Autumn,2025,2025-11
ORD-00348,2025-11-15,North,Office Supplies,Art,Marker Set,CUST-0659,5,294.25,0.25,18.13,34.6,Autumn,2025,2025-11
ORD-02169,2025-11-15,North,Technology,Machines,Scanner,CUST-0604,5,2542.52,0.0,601.7,26.8,Autumn,2025,2025-11
ORD-00754,2025-11-15,East,Office Supplies,Art,Marker Set,CUST-0160,2,59.5,0.1,11.38,23.3,Autumn,2025,2025-11
ORD-02289,2025-11-15,North,Furniture,Furnishings,Desk Lamp,CUST-0184,1,336.73,0.15,4.02,52.3,Autumn,2025,2025-11
ORD-00680,2025-11-15,South,Furniture,Bookcases,Wood Bookcase,CUST-0461,3,328.06,0.0,30.47,79.8,Autumn,2025,2025-11
ORD-00764,2025-11-15,South,Furniture,Chairs,Ergonomic Chair,CUST-0473,2,514.61,0.0,77.82,35.1,Autumn,2025,2025-11
ORD-00181,2025-11-16,West,Office Supplies,Storage,File Storage Box,CUST-0217,8,151.66,0.05,26.48,42.4,Autumn,2025,2025-11
ORD-00286,2025-11-16,South,Office Supplies,Paper,Premium Paper,CUST-0012,8,602.95,0.0,136.3,29.6,Autumn,2025,2025-11
ORD-01447,2025-11-16,West,Office Supplies,Labels,Address Labels,CUST-0727,6,430.44,0.1,74.16,38.1,Autumn,2025,2025-11
ORD-01689,2025-11-17,North,Technology,Copiers,Office Copier,CUST-0394,5,1509.6,0.15,124.59,21.2,Autumn,2025,2025-11
ORD-02097,2025-11-17,West,Technology,Machines,Scanner,CUST-0716,8,1473.64,0.05,203.55,40.7,Autumn,2025,2025-11
ORD-02233,2025-11-17,West,Technology,Copiers,Office Copier,CUST-0189,3,202.14,0.0,48.61,51.6,Autumn,2025,2025-11
ORD-00319,2025-11-17,South,Technology,Phones,Business Phone,CUST-0512,2,1066.24,0.15,97.03,33.0,Autumn,2025,2025-11
ORD-00936,2025-11-18,North,Office Supplies,Labels,Shipping Labels,CUST-0453,2,71.85,0.0,16.06,31.8,Autumn,2025,2025-11
ORD-01109,2025-11-18,West,Furniture,Chairs,Task Chair,CUST-0399,3,255.25,0.25,-8.49,44.7,Autumn,2025,2025-11
ORD-00081,2025-11-18,West,Office Supplies,Storage,File Storage Box,CUST-0605,4,127.86,0.0,28.77,33.7,Autumn,2025,2025-11
ORD-01910,2025-11-18,South,Technology,Machines,Scanner,CUST-0241,8,1577.69,0.2,113.11,41.3,Autumn,2025,2025-11
ORD-01874,2025-11-19,South,Office Supplies,Paper,Copy Paper,CUST-0674,2,92.65,0.1,16.82,27.7,Autumn,2025,2025-11
ORD-01837,2025-11-19,North,Office Supplies,Storage,File Storage Box,CUST-0236,5,330.23,0.0,94.29,63.7,Autumn,2025,2025-11
ORD-01681,2025-11-20,East,Office Supplies,Paper,Copy Paper,CUST-0477,6,322.17,0.0,82.16,26.0,Autumn,2025,2025-11
ORD-00926,2025-11-22,East,Furniture,Tables,Office Table,CUST-0711,5,444.42,0.15,4.37,73.6,Autumn,2025,2025-11
ORD-02221,2025-11-22,South,Office Supplies,Storage,Drawer Unit,CUST-0170,1,41.01,0.15,4.05,31.2,Autumn,2025,2025-11
ORD-00694,2025-11-22,North,Technology,Phones,Business Phone,CUST-0167,8,1235.98,0.15,139.62,51.7,Autumn,2025,2025-11
ORD-02397,2025-11-22,South,Technology,Machines,Printer,CUST-0206,3,999.51,0.0,232.22,31.0,Autumn,2025,2025-11
ORD-00949,2025-11-23,South,Office Supplies,Paper,Premium Paper,CUST-0384,8,256.91,0.0,55.1,48.8,Autumn,2025,2025-11
ORD-00383,2025-11-23,East,Office Supplies,Art,Drawing Pad,CUST-0132,1,23.19,0.15,3.68,19.9,Autumn,2025,2025-11
ORD-02054,2025-11-23,West,Office Supplies,Paper,Premium Paper,CUST-0401,6,400.33,0.05,78.64,50.0,Autumn,2025,2025-11
ORD-00763,2025-11-24,North,Technology,Machines,Scanner,CUST-0703,4,992.71,0.15,52.26,62.2,Autumn,2025,2025-11
ORD-00965,2025-11-24,West,Office Supplies,Art,Marker Set,CUST-0312,5,99.87,0.05,16.48,29.3,Autumn,2025,2025-11
ORD-00640,2025-11-24,South,Office Supplies,Labels,Address Labels,CUST-0540,2,39.08,0.1,6.41,19.9,Autumn,2025,2025-11
ORD-00571,2025-11-24,West,Technology,Machines,Scanner,CUST-0504,5,2746.06,0.0,515.88,44.3,Autumn,2025,2025-11
ORD-02028,2025-11-25,East,Office Supplies,Binders,Ring Binder,CUST-0714,3,125.55,0.0,25.32,52.7,Autumn,2025,2025-11
ORD-01421,2025-11-25,East,Office Supplies,Paper,Premium Paper,CUST-0086,7,230.72,0.0,40.36,32.7,Autumn,2025,2025-11
ORD-01727,2025-11-25,East,Furniture,Chairs,Conference Chair,CUST-0634,5,1726.13,0.0,274.57,51.9,Autumn,2025,2025-11
ORD-01295,2025-11-26,East,Furniture,Bookcases,Wood Bookcase,CUST-0330,1,230.2,0.05,10.5,72.6,Autumn,2025,2025-11
ORD-00776,2025-11-26,South,Office Supplies,Art,Drawing Pad,CUST-0066,2,161.78,0.1,37.21,34.6,Autumn,2025,2025-11
ORD-02122,2025-11-27,North,Furniture,Tables,Computer Table,CUST-0540,2,707.15,0.05,80.02,61.2,Autumn,2025,2025-11
ORD-02387,2025-11-27,West,Technology,Machines,Scanner,CUST-0301,2,689.95,0.1,78.85,27.5,Autumn,2025,2025-11
ORD-01269,2025-11-27,East,Office Supplies,Art,Drawing Pad,CUST-0056,8,597.9,0.15,90.74,18.3,Autumn,2025,2025-11
ORD-00671,2025-11-27,South,Office Supplies,Art,Drawing Pad,CUST-0749,6,220.8,0.2,20.91,61.1,Autumn,2025,2025-11
ORD-01832,2025-11-27,North,Office Supplies,Storage,File Storage Box,CUST-0062,7,108.08,0.0,29.4,13.8,Autumn,2025,2025-11
ORD-01934,2025-11-27,North,Office Supplies,Art,Marker Set,CUST-0223,2,142.78,0.1,30.21,37.0,Autumn,2025,2025-11
ORD-00340,2025-11-27,North,Furniture,Bookcases,Wood Bookcase,CUST-0483,2,276.13,0.2,-4.06,46.8,Autumn,2025,2025-11
ORD-01930,2025-11-27,East,Office Supplies,Labels,Address Labels,CUST-0380,5,82.95,0.25,5.34,30.9,Autumn,2025,2025-11
ORD-02165,2025-11-28,South,Furniture,Tables,Meeting Table,CUST-0257,3,417.24,0.05,42.19,42.0,Autumn,2025,2025-11
ORD-00293,2025-11-28,South,Furniture,Tables,Computer Table,CUST-0323,8,740.73,0.15,9.78,53.4,Autumn,2025,2025-11
ORD-00448,2025-11-29,West,Technology,Machines,Scanner,CUST-0260,6,1521.76,0.0,300.33,45.7,Autumn,2025,2025-11
ORD-01784,2025-11-29,North,Office Supplies,Art,Marker Set,CUST-0309,3,90.55,0.2,9.82,17.7,Autumn,2025,2025-11
ORD-02389,2025-11-29,West,Furniture,Bookcases,Metal Bookcase,CUST-0438,3,242.66,0.1,13.71,56.1,Autumn,2025,2025-11
ORD-01440,2025-11-29,East,Office Supplies,Storage,File Storage Box,CUST-0313,6,269.31,0.05,55.84,54.7,Autumn,2025,2025-11
ORD-00684,2025-12-01,West,Office Supplies,Art,Drawing Pad,CUST-0274,4,355.76,0.05,81.12,29.1,Winter,2025,2025-12
ORD-00274,2025-12-01,West,Technology,Accessories,Headset,CUST-0685,2,1144.19,0.1,146.83,15.5,Winter,2025,2025-12
ORD-01054,2025-12-01,South,Office Supplies,Paper,Premium Paper,CUST-0374,3,292.02,0.0,67.55,16.4,Winter,2025,2025-12
ORD-01083,2025-12-01,West,Office Supplies,Art,Marker Set,CUST-0293,3,66.52,0.25,4.0,38.1,Winter,2025,2025-12
ORD-01939,2025-12-02,North,Technology,Phones,Smartphone,CUST-0233,7,3533.54,0.0,731.14,65.2,Winter,2025,2025-12
ORD-00683,2025-12-02,West,Technology,Machines,Scanner,CUST-0658,8,979.92,0.1,150.43,57.4,Winter,2025,2025-12
ORD-01376,2025-12-02,South,Furniture,Bookcases,Metal Bookcase,CUST-0285,1,165.08,0.2,-2.9,62.0,Winter,2025,2025-12
ORD-01448,2025-12-02,North,Office Supplies,Labels,Shipping Labels,CUST-0743,3,119.81,0.05,21.99,13.3,Winter,2025,2025-12
ORD-01810,2025-12-02,South,Furniture,Furnishings,Wall Clock,CUST-0478,1,102.96,0.05,14.06,61.2,Winter,2025,2025-12
ORD-00195,2025-12-02,North,Furniture,Tables,Computer Table,CUST-0384,7,2046.37,0.0,144.4,63.4,Winter,2025,2025-12
ORD-00451,2025-12-02,West,Furniture,Chairs,Conference Chair,CUST-0101,4,842.31,0.0,148.62,62.2,Winter,2025,2025-12
ORD-00515,2025-12-02,North,Office Supplies,Paper,Premium Paper,CUST-0196,4,123.16,0.15,13.97,27.8,Winter,2025,2025-12
ORD-00751,2025-12-03,West,Furniture,Chairs,Ergonomic Chair,CUST-0520,6,753.7,0.15,46.22,64.5,Winter,2025,2025-12
ORD-01700,2025-12-03,West,Office Supplies,Binders,Premium Binder,CUST-0072,1,95.32,0.1,16.01,29.5,Winter,2025,2025-12
ORD-01223,2025-12-03,West,Office Supplies,Labels,Address Labels,CUST-0261,6,257.55,0.0,53.3,31.1,Winter,2025,2025-12
ORD-02117,2025-12-03,East,Technology,Copiers,Office Copier,CUST-0392,6,668.6,0.1,66.64,70.9,Winter,2025,2025-12
ORD-00649,2025-12-03,North,Furniture,Tables,Office Table,CUST-0541,6,1320.95,0.15,-17.81,66.5,Winter,2025,2025-12
ORD-00503,2025-12-04,West,Furniture,Chairs,Task Chair,CUST-0566,2,919.65,0.05,116.8,38.2,Winter,2025,2025-12
ORD-01377,2025-12-04,East,Office Supplies,Art,Marker Set,CUST-0620,7,495.24,0.0,112.83,34.4,Winter,2025,2025-12
ORD-02143,2025-12-04,West,Office Supplies,Art,Marker Set,CUST-0216,3,157.17,0.1,27.85,29.6,Winter,2025,2025-12
ORD-00200,2025-12-04,North,Furniture,Bookcases,Metal Bookcase,CUST-0169,4,1508.23,0.0,95.4,60.8,Winter,2025,2025-12
ORD-00999,2025-12-04,South,Technology,Phones,Smartphone,CUST-0798,4,2908.0,0.0,640.87,52.5,Winter,2025,2025-12
ORD-02363,2025-12-04,East,Furniture,Bookcases,Wood Bookcase,CUST-0179,1,224.51,0.0,6.15,31.9,Winter,2025,2025-12
ORD-01369,2025-12-05,West,Furniture,Bookcases,Wood Bookcase,CUST-0215,3,566.44,0.1,31.09,67.7,Winter,2025,2025-12
ORD-00337,2025-12-05,South,Office Supplies,Binders,Premium Binder,CUST-0661,8,476.83,0.15,65.76,36.9,Winter,2025,2025-12
ORD-00853,2025-12-05,West,Technology,Accessories,Mouse,CUST-0764,4,2206.3,0.25,96.22,33.3,Winter,2025,2025-12
ORD-01243,2025-12-05,North,Office Supplies,Paper,Copy Paper,CUST-0013,2,116.7,0.1,15.56,15.4,Winter,2025,2025-12
ORD-01210,2025-12-05,East,Office Supplies,Binders,Premium Binder,CUST-0117,5,398.36,0.05,89.72,33.9,Winter,2025,2025-12
ORD-00466,2025-12-07,West,Furniture,Furnishings,Desk Organizer,CUST-0553,7,2118.63,0.05,277.2,61.1,Winter,2025,2025-12
ORD-00609,2025-12-07,South,Office Supplies,Labels,Address Labels,CUST-0052,6,517.13,0.2,69.89,39.7,Winter,2025,2025-12
ORD-00797,2025-12-08,South,Technology,Copiers,Office Copier,CUST-0678,3,478.93,0.15,58.91,42.2,Winter,2025,2025-12
ORD-01567,2025-12-08,South,Furniture,Tables,Office Table,CUST-0396,8,1310.02,0.1,24.02,53.3,Winter,2025,2025-12
ORD-00861,2025-12-08,East,Technology,Machines,Scanner,CUST-0330,3,1392.77,0.1,177.67,38.3,Winter,2025,2025-12
ORD-00064,2025-12-08,North,Furniture,Tables,Computer Table,CUST-0128,1,431.62,0.05,33.65,82.0,Winter,2025,2025-12
ORD-00417,2025-12-09,West,Furniture,Furnishings,Desk Lamp,CUST-0159,1,93.34,0.05,14.34,70.8,Winter,2025,2025-12
ORD-00355,2025-12-09,North,Technology,Phones,Business Phone,CUST-0636,3,1329.78,0.2,109.73,39.2,Winter,2025,2025-12
ORD-01226,2025-12-09,North,Office Supplies,Binders,Premium Binder,CUST-0784,2,92.85,0.2,7.43,37.4,Winter,2025,2025-12
ORD-00208,2025-12-09,South,Technology,Accessories,Mouse,CUST-0635,2,803.63,0.0,142.1,27.7,Winter,2025,2025-12
ORD-00046,2025-12-10,South,Office Supplies,Storage,Drawer Unit,CUST-0380,3,169.99,0.15,21.68,20.5,Winter,2025,2025-12
ORD-01233,2025-12-10,North,Office Supplies,Paper,Copy Paper,CUST-0793,8,599.8,0.15,78.58,46.9,Winter,2025,2025-12
ORD-01955,2025-12-10,West,Office Supplies,Paper,Copy Paper,CUST-0444,8,379.56,0.25,6.3,58.1,Winter,2025,2025-12
ORD-00959,2025-12-11,North,Furniture,Chairs,Task Chair,CUST-0796,3,1149.41,0.05,184.65,43.0,Winter,2025,2025-12
ORD-00404,2025-12-11,North,Office Supplies,Paper,Copy Paper,CUST-0109,1,17.72,0.2,1.43,44.8,Winter,2025,2025-12
ORD-00441,2025-12-12,West,Furniture,Furnishings,Desk Organizer,CUST-0601,8,728.67,0.0,145.09,70.2,Winter,2025,2025-12
ORD-00947,2025-12-12,North,Office Supplies,Binders,Ring Binder,CUST-0164,4,339.4,0.05,60.57,46.9,Winter,2025,2025-12
ORD-00325,2025-12-13,North,Furniture,Bookcases,Metal Bookcase,CUST-0021,5,704.52,0.2,-46.08,88.3,Winter,2025,2025-12
ORD-00012,2025-12-14,South,Office Supplies,Labels,Shipping Labels,CUST-0484,7,202.16,0.1,28.99,19.4,Winter,2025,2025-12
ORD-02270,2025-12-14,West,Technology,Phones,Smartphone,CUST-0257,2,878.91,0.15,134.99,39.5,Winter,2025,2025-12
ORD-02132,2025-12-14,West,Furniture,Chairs,Ergonomic Chair,CUST-0649,8,2712.93,0.15,150.43,80.5,Winter,2025,2025-12
ORD-02388,2025-12-14,North,Furniture,Chairs,Ergonomic Chair,CUST-0678,3,541.24,0.2,24.5,65.9,Winter,2025,2025-12
ORD-01797,2025-12-14,South,Technology,Accessories,Keyboard,CUST-0085,1,508.86,0.15,44.65,38.2,Winter,2025,2025-12
ORD-01649,2025-12-14,East,Office Supplies,Paper,Premium Paper,CUST-0448,6,322.53,0.1,56.67,43.2,Winter,2025,2025-12
ORD-01475,2025-12-15,North,Office Supplies,Labels,Address Labels,CUST-0265,5,228.73,0.1,42.53,35.0,Winter,2025,2025-12
ORD-01250,2025-12-15,South,Office Supplies,Paper,Premium Paper,CUST-0340,5,121.55,0.0,31.81,10.3,Winter,2025,2025-12
ORD-01746,2025-12-16,South,Furniture,Furnishings,Wall Clock,CUST-0406,6,1982.59,0.2,159.93,44.1,Winter,2025,2025-12
ORD-02170,2025-12-16,West,Furniture,Tables,Meeting Table,CUST-0655,8,3299.92,0.05,186.37,82.5,Winter,2025,2025-12
ORD-00914,2025-12-17,South,Furniture,Chairs,Ergonomic Chair,CUST-0121,7,2382.44,0.2,-48.08,55.8,Winter,2025,2025-12
ORD-02230,2025-12-17,East,Office Supplies,Binders,Premium Binder,CUST-0027,7,359.24,0.1,71.31,43.8,Winter,2025,2025-12
ORD-00594,2025-12-17,West,Furniture,Chairs,Conference Chair,CUST-0122,6,618.71,0.05,51.96,78.8,Winter,2025,2025-12
ORD-00851,2025-12-17,West,Office Supplies,Binders,Premium Binder,CUST-0596,2,219.86,0.0,47.39,21.8,Winter,2025,2025-12
ORD-01381,2025-12-17,North,Furniture,Tables,Computer Table,CUST-0388,1,326.2,0.1,4.34,53.8,Winter,2025,2025-12
ORD-00894,2025-12-17,West,Furniture,Tables,Meeting Table,CUST-0438,4,1154.87,0.1,23.91,62.9,Winter,2025,2025-12
ORD-01198,2025-12-18,South,Technology,Phones,Business Phone,CUST-0052,5,1611.67,0.15,63.44,48.7,Winter,2025,2025-12
ORD-01707,2025-12-19,North,Furniture,Furnishings,Desk Lamp,CUST-0597,8,1172.19,0.2,31.17,40.0,Winter,2025,2025-12
ORD-01830,2025-12-19,South,Technology,Copiers,Office Copier,CUST-0236,2,874.38,0.1,120.8,39.4,Winter,2025,2025-12
ORD-01676,2025-12-19,East,Office Supplies,Paper,Copy Paper,CUST-0786,8,240.97,0.05,53.46,24.3,Winter,2025,2025-12
ORD-00141,2025-12-19,West,Furniture,Furnishings,Desk Lamp,CUST-0685,4,1279.08,0.05,206.23,59.7,Winter,2025,2025-12
ORD-01393,2025-12-20,East,Office Supplies,Labels,Address Labels,CUST-0128,2,37.79,0.0,8.45,35.7,Winter,2025,2025-12
ORD-00555,2025-12-20,East,Furniture,Tables,Office Table,CUST-0485,1,451.22,0.0,45.26,73.7,Winter,2025,2025-12
ORD-01228,2025-12-20,North,Furniture,Tables,Office Table,CUST-0130,5,651.85,0.0,28.41,70.7,Winter,2025,2025-12
ORD-01828,2025-12-20,East,Office Supplies,Art,Marker Set,CUST-0061,2,169.64,0.1,21.62,39.1,Winter,2025,2025-12
ORD-01203,2025-12-20,East,Furniture,Furnishings,Desk Lamp,CUST-0296,4,1313.7,0.15,54.16,62.1,Winter,2025,2025-12
ORD-01457,2025-12-20,West,Furniture,Furnishings,Wall Clock,CUST-0276,6,2182.33,0.0,407.6,55.8,Winter,2025,2025-12
ORD-01570,2025-12-20,West,Office Supplies,Binders,Premium Binder,CUST-0459,8,583.53,0.1,89.84,52.3,Winter,2025,2025-12
ORD-01246,2025-12-21,East,Furniture,Tables,Computer Table,CUST-0690,4,732.86,0.15,-38.73,68.4,Winter,2025,2025-12
ORD-02035,2025-12-21,North,Furniture,Tables,Office Table,CUST-0130,2,228.21,0.15,3.57,66.4,Winter,2025,2025-12
ORD-00772,2025-12-22,North,Office Supplies,Paper,Copy Paper,CUST-0721,3,95.76,0.1,17.87,51.7,Winter,2025,2025-12
ORD-02039,2025-12-23,North,Technology,Machines,Scanner,CUST-0509,1,245.69,0.15,27.44,31.9,Winter,2025,2025-12
ORD-02379,2025-12-23,East,Office Supplies,Storage,File Storage Box,CUST-0772,1,82.22,0.2,9.18,24.2,Winter,2025,2025-12
ORD-01747,2025-12-23,East,Technology,Machines,Scanner,CUST-0303,2,687.55,0.1,114.02,61.4,Winter,2025,2025-12
ORD-01962,2025-12-23,East,Office Supplies,Paper,Premium Paper,CUST-0704,5,422.65,0.15,42.33,42.7,Winter,2025,2025-12
ORD-00265,2025-12-24,West,Office Supplies,Paper,Premium Paper,CUST-0706,8,632.71,0.0,130.95,40.3,Winter,2025,2025-12
ORD-02376,2025-12-24,East,Office Supplies,Paper,Premium Paper,CUST-0448,1,8.37,0.15,0.94,45.5,Winter,2025,2025-12
ORD-01082,2025-12-24,South,Furniture,Tables,Meeting Table,CUST-0294,1,273.95,0.05,16.68,56.8,Winter,2025,2025-12
ORD-01088,2025-12-24,South,Furniture,Bookcases,Wood Bookcase,CUST-0632,8,2136.75,0.15,-54.24,76.9,Winter,2025,2025-12
ORD-01620,2025-12-25,North,Office Supplies,Storage,Drawer Unit,CUST-0740,4,299.73,0.2,18.06,27.5,Winter,2025,2025-12
ORD-00347,2025-12-25,North,Office Supplies,Storage,File Storage Box,CUST-0696,5,283.11,0.0,77.15,18.8,Winter,2025,2025-12
ORD-01626,2025-12-26,North,Office Supplies,Paper,Premium Paper,CUST-0724,6,212.69,0.25,19.78,43.4,Winter,2025,2025-12
ORD-00356,2025-12-26,South,Furniture,Tables,Computer Table,CUST-0118,3,954.59,0.2,-49.98,65.7,Winter,2025,2025-12
ORD-02260,2025-12-26,South,Technology,Accessories,Mouse,CUST-0149,4,489.8,0.0,105.27,48.5,Winter,2025,2025-12
ORD-00145,2025-12-26,West,Technology,Machines,Scanner,CUST-0769,7,2238.43,0.1,359.78,54.1,Winter,2025,2025-12
ORD-02046,2025-12-26,West,Office Supplies,Binders,Premium Binder,CUST-0308,5,422.78,0.1,74.64,44.0,Winter,2025,2025-12
ORD-01998,2025-12-27,West,Technology,Copiers,Office Copier,CUST-0660,5,2323.5,0.15,223.52,37.5,Winter,2025,2025-12
ORD-01559,2025-12-28,North,Furniture,Furnishings,Desk Organizer,CUST-0743,8,3006.44,0.0,376.61,72.4,Winter,2025,2025-12
ORD-00511,2025-12-28,South,Technology,Phones,Business Phone,CUST-0475,2,724.96,0.25,43.59,45.8,Winter,2025,2025-12
ORD-01422,2025-12-28,South,Office Supplies,Paper,Premium Paper,CUST-0380,3,137.35,0.0,30.78,31.7,Winter,2025,2025-12
ORD-01056,2025-12-28,South,Technology,Machines,Printer,CUST-0622,2,249.78,0.25,14.82,40.6,Winter,2025,2025-12
ORD-01117,2025-12-28,South,Furniture,Bookcases,Wood Bookcase,CUST-0053,8,1621.83,0.05,56.3,81.1,Winter,2025,2025-12
ORD-00161,2025-12-29,West,Office Supplies,Storage,Drawer Unit,CUST-0294,1,88.3,0.0,24.01,41.1,Winter,2025,2025-12
ORD-00691,2025-12-29,North,Furniture,Furnishings,Desk Organizer,CUST-0798,7,1330.74,0.2,55.87,61.7,Winter,2025,2025-12
ORD-00810,2025-12-29,North,Office Supplies,Storage,File Storage Box,CUST-0078,5,173.6,0.15,22.76,51.5,Winter,2025,2025-12
ORD-02173,2025-12-29,East,Technology,Phones,Business Phone,CUST-0120,6,3653.75,0.1,499.01,61.2,Winter,2025,2025-12
ORD-00401,2025-12-30,South,Furniture,Chairs,Conference Chair,CUST-0386,8,729.25,0.1,44.52,62.9,Winter,2025,2025-12
ORD-01169,2025-12-30,North,Technology,Accessories,Mouse,CUST-0231,6,2353.37,0.2,203.32,43.4,Winter,2025,2025-12
ORD-02218,2025-12-30,South,Furniture,Tables,Computer Table,CUST-0202,5,1555.19,0.1,50.71,68.2,Winter,2025,2025-12
ORD-01346,2025-12-30,West,Office Supplies,Storage,File Storage Box,CUST-0274,2,188.67,0.0,42.84,36.1,Winter,2025,2025-12
ORD-01336,2025-12-31,South,Office Supplies,Art,Marker Set,CUST-0716,6,241.51,0.15,39.41,32.1,Winter,2025,2025-12
ORD-02262,2025-12-31,East,Office Supplies,Paper,Premium Paper,CUST-0184,6,170.31,0.05,35.72,47.0,Winter,2025,2025-12
ORD-00820,2025-12-31,East,Office Supplies,Storage,File Storage Box,CUST-0055,1,10.59,0.0,2.6,11.3,Winter,2025,2025-12
