Video_ID,Publish_Date,Region,Category,Title,Views,Likes,Comments,Trending_Days,Sentiment_Score,Engagement_Rate,Tags
VID-00001,2025-09-07 21:00:00,CA,Comedy,Best comedy clips,110129,4461,387.0,18,0.47105026090910346,4.402,comedy
VID-00002,2025-02-17 19:00:00,AU,Sports,Top plays,437942,16933,511.0,4,-0.17566381564787162,3.983,sports
VID-00003,2025-08-01 13:00:00,GB,Sports,Championship moments,169801,11526,672.0,16,-0.49460726322710624,7.184,sports
VID-00004,2025-11-09 14:00:00,US,Science & Technology,New technology explained,313875,18445,618.0,4,-0.008542513546322794,6.073,science_technology
VID-00005,2025-06-11 12:00:00,CA,Science & Technology,AI explained,166416,5217,470.0,8,0.5513145181851276,3.417,science_technology
VID-00006,2025-06-28 00:00:00,IN,Howto & Style,Step by step tips,149701,5650,530.0,19,0.2723236209892717,4.128,howto_style
VID-00007,2025-09-16 15:00:00,AU,Comedy,Try not to laugh,57116,3483,121.0,2,0.22548536206247255,6.31,comedy
VID-00008,2025-08-23 14:00:00,IN,Howto & Style,How to make,289096,12274,222.0,4,0.4890185935183221,4.322,howto_style
VID-00009,2025-07-30 23:00:00,IN,Sports,Game analysis,136535,9452,378.0,12,0.19454394392904079,7.2,sports
VID-00010,2025-05-11 05:00:00,GB,News & Politics,Daily news briefing,659187,64116,670.0,2,-0.3281248280954673,9.828,news_politics
VID-00011,2025-07-01 20:00:00,IN,Music,Live performance,243461,21140,922.0,3,0.18547530292223074,9.062,music
VID-00012,2025-04-13 03:00:00,GB,Comedy,Funny moments,174900,10834,154.0,17,0.40773034421974075,6.282,comedy
VID-00013,2025-08-01 13:00:00,CA,Comedy,Comedy sketch,172201,6088,59.0,2,0.4415497354465237,3.57,comedy
VID-00014,2025-10-05 13:00:00,GB,News & Politics,Daily news briefing,266892,4574,430.0,15,0.0713380171074504,1.875,news_politics
VID-00015,2025-06-01 23:00:00,US,Comedy,Try not to laugh,109105,6493,383.0,4,0.15889688650577144,6.302,comedy
VID-00016,2025-04-13 16:00:00,GB,Music,New song release,224941,18005,822.0,26,0.48196767296186444,8.37,music
VID-00017,2025-04-23 00:00:00,AU,Sports,Championship moments,93481,2488,167.0,18,0.490223347770965,2.84,sports
VID-00018,2025-11-13 15:00:00,US,Comedy,Best comedy clips,238324,18278,252.0,15,0.576993929716064,7.775,comedy
VID-00019,2025-02-08 04:00:00,IN,Comedy,Comedy sketch,571910,36449,853.0,12,0.49583292265467993,6.522,comedy
VID-00020,2025-03-21 10:00:00,AU,Music,Best songs compilation,251247,14898,906.0,7,-0.04130331297256118,6.29,music
VID-00021,2025-10-31 10:00:00,GB,News & Politics,News analysis,121382,11341,55.0,29,0.3899742598000374,9.389,news_politics
VID-00022,2025-07-17 22:00:00,GB,Entertainment,Behind the scenes,134000,9715,391.0,23,0.35278568471471977,7.542,entertainment
VID-00023,2025-08-14 09:00:00,IN,Gaming,Gameplay walkthrough,119749,3963,440.0,22,-0.16893282566822243,3.677,gaming
VID-00024,2025-09-30 14:00:00,US,News & Politics,Daily news briefing,62691,4453,85.0,28,-0.666356816014591,7.239,news_politics
VID-00025,2025-03-27 15:00:00,GB,Science & Technology,Tech review,126460,2561,223.0,13,0.12998387702613376,2.201,science_technology
VID-00026,2025-11-23 17:00:00,AU,Howto & Style,How to make,161602,13440,571.0,26,0.09559917903323556,8.67,howto_style
VID-00027,2025-04-19 01:00:00,AU,Science & Technology,New technology explained,230626,8414,263.0,6,0.41817884112159837,3.762,science_technology
VID-00028,2025-03-31 00:00:00,GB,Comedy,Try not to laugh,693516,50362,194.0,10,0.6396593445612313,7.29,comedy
VID-00029,2025-11-10 12:00:00,AU,News & Politics,News analysis,170140,11384,157.0,20,0.25160307694777717,6.783,news_politics
VID-00030,2025-03-28 19:00:00,US,Sports,Championship moments,1184043,22864,1760.0,15,0.4359111706688288,2.08,sports
VID-00031,2025-04-20 15:00:00,US,Entertainment,Entertainment highlights,51854,4580,167.0,4,0.36553506136465397,9.155,entertainment
VID-00032,2025-10-02 21:00:00,CA,Science & Technology,New technology explained,59071,4093,148.0,15,-0.39521846284388734,7.179,science_technology
VID-00033,2025-01-19 15:00:00,CA,Sports,Championship moments,99778,4271,293.0,28,-0.16032465347031685,4.574,sports
VID-00034,2025-02-20 03:00:00,AU,Sports,Match highlights,376907,12531,882.0,11,0.46076583224226586,3.559,sports
VID-00035,2025-03-01 06:00:00,IN,Comedy,Comedy sketch,169364,3995,278.0,27,0.47836902964394296,2.523,comedy
VID-00036,2025-09-06 19:00:00,CA,Entertainment,Behind the scenes,29720,1808,30.0,16,-0.7880034454237884,6.184,entertainment
VID-00037,2025-08-06 01:00:00,GB,Science & Technology,Future technology,83071,3362,41.0,11,0.23516931818946266,4.096,science_technology
VID-00038,2025-07-03 03:00:00,US,Comedy,Funny moments,600432,55265,,26,0.0849960748434963,9.326,comedy
VID-00039,2025-06-27 14:00:00,AU,Science & Technology,New technology explained,75278,6785,122.0,26,-0.2836259427254478,9.175,science_technology
VID-00040,2025-08-30 17:00:00,US,Sports,Championship moments,580544,41977,933.0,3,0.23763930569715666,7.391,sports
VID-00041,2025-12-11 18:00:00,GB,Entertainment,Celebrity interview,204976,12415,623.0,25,0.46704947113685497,6.361,entertainment
VID-00042,2025-11-21 04:00:00,US,News & Politics,News analysis,181783,13866,724.0,2,0.28751632886804995,8.026,news_politics
VID-00043,2025-02-02 18:00:00,AU,Science & Technology,AI explained,332863,10211,1027.0,19,0.199006264099793,3.376,science_technology
VID-00044,2025-03-17 10:00:00,CA,Gaming,New game update,150332,2680,512.0,5,0.37734055647948633,2.123,gaming
VID-00045,2025-12-20 13:00:00,IN,Music,Live performance,250982,21485,927.0,1,0.22046509594980396,8.93,music
VID-00046,2025-01-11 18:00:00,US,Science & Technology,Future technology,212055,16026,707.0,28,-0.08970953679770094,7.891,science_technology
VID-00047,2025-06-08 02:00:00,US,Gaming,Live gaming session,196104,12525,371.0,21,0.19928984033684,6.576,gaming
VID-00048,2025-06-15 21:00:00,US,Science & Technology,New technology explained,207292,4300,414.0,23,0.29168095809029165,2.274,science_technology
VID-00049,2025-05-23 07:00:00,IN,Music,Live performance,108504,2151,432.0,14,0.39076426011685994,2.381,music
VID-00050,2025-08-29 05:00:00,AU,Gaming,New game update,148300,3799,48.0,2,0.21459747812122124,2.594,gaming
VID-00051,2025-03-03 04:00:00,US,Science & Technology,Future technology,114076,3492,313.0,18,0.10814100051371067,3.335,science_technology
VID-00052,2025-10-12 06:00:00,GB,Gaming,Best gaming moments,257770,15615,439.0,25,0.37623230274791775,6.228,gaming
VID-00053,2025-05-20 04:00:00,AU,Entertainment,Celebrity interview,49706,4884,187.0,8,-0.14316193015464268,10.202,entertainment
VID-00054,2025-10-29 04:00:00,AU,Howto & Style,Beginner guide,48532,4502,17.0,23,0.47289426114557354,9.311,howto_style
VID-00055,2025-12-26 01:00:00,GB,Gaming,Gameplay walkthrough,83237,7480,257.0,16,-0.20303170583461505,9.295,gaming
VID-00056,2025-11-01 16:00:00,CA,Comedy,Best comedy clips,776576,60210,1045.0,9,0.6300821971613311,7.888,comedy
VID-00057,2025-10-13 03:00:00,CA,Music,Best songs compilation,73151,3145,274.0,12,0.23306760862816797,4.674,music
VID-00058,2025-04-12 02:00:00,GB,Gaming,Live gaming session,122500,10205,155.0,6,0.06802394235961615,8.457,gaming
VID-00059,2025-10-20 15:00:00,CA,Sports,Championship moments,105792,5319,299.0,25,-0.5146714336523103,5.31,sports
VID-00060,2025-06-15 16:00:00,IN,Howto & Style,How to make,182827,14695,81.0,13,1.0,8.082,howto_style
VID-00061,2025-08-28 23:00:00,US,Science & Technology,AI explained,316108,24099,691.0,23,0.5243142179400097,7.842,science_technology
VID-00062,2025-12-14 13:00:00,US,Comedy,Try not to laugh,94471,1735,181.0,13,0.43266823172012425,2.028,comedy
VID-00063,2025-10-05 01:00:00,GB,Music,Live performance,96096,3038,340.0,24,0.6090059789440989,3.515,music
VID-00064,2025-11-01 18:00:00,GB,Howto & Style,Beginner guide,100997,8443,198.0,28,0.7744055890727077,8.556,howto_style
VID-00065,2025-05-14 16:00:00,AU,Music,Live performance,126244,7884,215.0,20,0.5111237032497764,6.415,music
VID-00066,2025-06-04 11:00:00,IN,Comedy,Best comedy clips,282647,12360,944.0,3,0.4362345513564431,4.707,comedy
VID-00067,2025-02-02 18:00:00,AU,Sports,Top plays,44074,789,74.0,29,0.5369897355319961,1.958,sports
VID-00068,2025-06-30 13:00:00,GB,Gaming,Best gaming moments,86725,5602,155.0,25,-0.05253015776107073,6.638,gaming
VID-00069,2025-08-21 07:00:00,IN,Gaming,New game update,101581,5386,163.0,8,0.8514209754191051,5.463,gaming
VID-00070,2025-04-13 21:00:00,AU,Science & Technology,AI explained,314884,28394,653.0,26,-0.18362430683500153,9.225,science_technology
VID-00071,2025-03-23 20:00:00,US,Entertainment,Behind the scenes,97542,3104,175.0,7,0.6371323733382148,3.362,entertainment
VID-00072,2025-02-28 11:00:00,AU,Sports,Championship moments,1078545,50406,2453.0,25,-0.22651432960700482,4.901,sports
VID-00073,2025-07-08 16:00:00,IN,News & Politics,News analysis,59499,4598,196.0,25,0.23720254006152053,8.057,news_politics
VID-00074,2025-02-22 16:00:00,US,Entertainment,Celebrity interview,181016,8510,474.0,18,0.3171728252083404,4.963,entertainment
VID-00075,2025-03-11 12:00:00,GB,Gaming,Best gaming moments,975360,94389,1266.0,27,-0.0682070829115603,9.807,gaming
VID-00076,2025-05-25 01:00:00,IN,Entertainment,Behind the scenes,253051,19058,238.0,20,0.31362955778557294,7.625,entertainment
VID-00077,2025-10-17 18:00:00,IN,Music,New song release,103989,7361,266.0,12,0.38186546662335147,7.334,music
VID-00078,2025-01-20 08:00:00,CA,Sports,Top plays,70062,3964,51.0,7,-0.5763456472689588,5.731,sports
VID-00079,2025-07-01 03:00:00,CA,Entertainment,Celebrity interview,175550,6861,676.0,25,0.2556048705949158,4.293,entertainment
VID-00080,2025-05-27 03:00:00,US,Music,New song release,339622,18320,278.0,29,0.2504530087374467,5.476,music
VID-00081,2025-07-05 04:00:00,CA,Science & Technology,Tech review,425258,21473,1405.0,14,0.3141594073514363,5.38,science_technology
VID-00082,2025-03-19 21:00:00,AU,News & Politics,Important world update,412767,29463,1024.0,18,0.1382604902091228,7.386,news_politics
VID-00083,2025-02-07 22:00:00,IN,Comedy,Best comedy clips,56518,2362,18.0,2,-0.43638187682343793,4.211,comedy
VID-00084,2025-12-09 23:00:00,AU,Howto & Style,Beginner guide,142207,10333,336.0,12,0.34484705570785046,7.502,howto_style
VID-00085,2025-10-08 08:00:00,CA,Comedy,Try not to laugh,210760,16133,597.0,12,0.5988754216644695,7.938,comedy
VID-00086,2025-12-14 18:00:00,AU,Howto & Style,Easy tutorial,123949,3252,111.0,3,0.45445106717977124,2.713,howto_style
VID-00087,2025-07-22 22:00:00,GB,Comedy,Comedy sketch,385459,28076,1327.0,1,0.653235123314012,7.628,comedy
VID-00088,2025-02-03 18:00:00,US,Gaming,Gameplay walkthrough,186257,15451,523.0,29,-0.589255252261861,8.576,gaming
VID-00089,2025-10-05 22:00:00,IN,Entertainment,Behind the scenes,147127,3827,485.0,23,-0.6161462519289677,2.931,entertainment
VID-00090,2025-05-08 00:00:00,GB,Comedy,Try not to laugh,1469937,32594,1825.0,18,0.5556916021403994,2.342,comedy
VID-00091,2025-11-29 07:00:00,CA,Science & Technology,Tech review,664133,58643,872.0,18,0.1630597587345476,8.961,science_technology
VID-00092,2025-03-15 17:00:00,CA,Comedy,Comedy sketch,1166314,86734,1950.0,6,0.3806421951600659,7.604,comedy
VID-00093,2025-07-24 17:00:00,AU,Gaming,Gameplay walkthrough,107460,4157,213.0,7,-0.33284972147667496,4.067,gaming
VID-00094,2025-05-20 06:00:00,GB,Sports,Top plays,166800,5614,205.0,19,0.5337523472380332,3.489,sports
VID-00095,2025-10-18 11:00:00,US,Howto & Style,How to make,132941,12418,164.0,14,-0.0730399262520845,9.464,howto_style
VID-00096,2025-07-11 01:00:00,GB,News & Politics,Breaking news update,332299,18377,1082.0,12,-0.20371058341550796,5.856,news_politics
VID-00097,2025-06-13 20:00:00,GB,Science & Technology,Future technology,285850,16964,457.0,29,0.13644781781437906,6.094,science_technology
VID-00098,2025-05-20 06:00:00,US,Science & Technology,Future technology,117107,6267,454.0,9,0.4129002494603151,5.739,science_technology
VID-00099,2025-10-01 09:00:00,US,Sports,Match highlights,498391,31532,1905.0,1,-0.16152110224229502,6.709,sports
VID-00100,2025-10-13 07:00:00,CA,News & Politics,Important world update,261167,16999,848.0,19,-0.1276049682531462,6.834,news_politics
VID-00101,2025-06-17 13:00:00,US,Sports,Top plays,183853,12433,607.0,24,0.11099191230416974,7.093,sports
VID-00102,2025-11-04 17:00:00,GB,Science & Technology,AI explained,186015,8676,420.0,10,0.41496660436289484,4.89,science_technology
VID-00103,2025-02-23 02:00:00,GB,Entertainment,Entertainment highlights,472573,11157,542.0,25,0.0983687884459668,2.476,entertainment
VID-00104,2025-03-08 21:00:00,AU,News & Politics,Breaking news update,530969,16652,1053.0,22,0.0787560977759822,3.334,news_politics
VID-00105,2025-10-15 04:00:00,US,Comedy,Comedy sketch,190694,14944,355.0,5,0.538671135814266,8.023,comedy
VID-00106,2025-08-03 23:00:00,IN,Comedy,Best comedy clips,44247,3703,61.0,23,0.2743438748992504,8.507,comedy
VID-00107,2025-06-26 20:00:00,US,Gaming,Gameplay walkthrough,59257,4222,126.0,17,0.09022906628259789,7.338,gaming
VID-00108,2025-03-13 06:00:00,US,Sports,Match highlights,49873,1299,98.0,30,0.8431732720096116,2.801,sports
VID-00109,2025-09-25 06:00:00,GB,Sports,Match highlights,1135689,89935,1331.0,12,0.04807050385625734,8.036,sports
VID-00110,2025-11-12 09:00:00,CA,Sports,Championship moments,90708,3754,271.0,7,0.12564209021331862,4.437,sports
VID-00111,2025-12-21 10:00:00,US,Sports,Game analysis,88100,2414,256.0,10,0.24444317017523692,3.031,sports
VID-00112,2025-05-06 23:00:00,US,Science & Technology,Tech review,291485,26813,172.0,6,-0.5031511397467863,9.258,science_technology
VID-00113,2025-01-18 22:00:00,IN,Science & Technology,New technology explained,492020,32958,223.0,28,0.4426662531606679,6.744,science_technology
VID-00114,2025-11-02 13:00:00,GB,Comedy,Try not to laugh,106922,10667,85.0,13,-0.07421979807466622,10.056,comedy
VID-00115,2025-08-31 18:00:00,GB,Gaming,Live gaming session,1311785,49340,2520.0,22,-0.06463389982248735,3.953,gaming
VID-00116,2025-09-03 08:00:00,AU,Sports,Championship moments,140753,6594,432.0,13,-0.5420804858404527,4.992,sports
VID-00117,2025-03-19 09:00:00,GB,Sports,Top plays,298260,6021,914.0,4,0.582670869217374,2.325,sports
VID-00118,2025-05-17 19:00:00,CA,Sports,Match highlights,62527,2414,84.0,16,0.22264135240616945,3.995,sports
VID-00119,2025-07-02 07:00:00,IN,Howto & Style,Beginner guide,79912,1921,227.0,10,0.218613605475737,2.688,howto_style
VID-00120,2025-06-28 15:00:00,IN,Gaming,Gameplay walkthrough,465868,29874,541.0,20,0.5425937106767484,6.529,gaming
VID-00121,2025-10-02 14:00:00,CA,Science & Technology,New technology explained,115863,2526,,23,0.010475034042419729,2.569,science_technology
VID-00122,2025-10-11 04:00:00,IN,Howto & Style,Step by step tips,166771,11081,661.0,6,0.105438069272389,7.041,howto_style
VID-00123,2025-10-20 12:00:00,US,Science & Technology,Tech review,168756,7349,244.0,27,0.15243824846525794,4.499,science_technology
VID-00124,2025-09-20 13:00:00,US,Sports,Match highlights,83345,3611,38.0,5,0.2270630133705926,4.378,sports
VID-00125,2025-12-23 10:00:00,AU,Entertainment,Celebrity interview,147045,2323,166.0,28,0.618502021304866,1.693,entertainment
VID-00126,2025-03-11 15:00:00,AU,Howto & Style,How to make,900276,15641,929.0,28,0.1521253654057924,1.841,howto_style
VID-00127,2025-09-05 15:00:00,US,Music,Official music video,368312,33788,543.0,7,0.6037655209485917,9.321,music
VID-00128,2025-08-26 19:00:00,US,Entertainment,Amazing challenge,313009,21135,181.0,16,0.3111141747160825,6.81,entertainment
VID-00129,2025-09-25 22:00:00,GB,Entertainment,Entertainment highlights,364879,21564,93.0,23,0.30376796086913643,5.935,entertainment
VID-00130,2025-02-21 03:00:00,US,Gaming,Best gaming moments,102025,8351,195.0,12,-0.1744527873615106,8.376,gaming
VID-00131,2025-03-24 20:00:00,US,Howto & Style,Step by step tips,2710981,240237,4688.0,10,0.5090696950592193,9.035,howto_style
VID-00132,2025-05-12 00:00:00,GB,Gaming,New game update,71741,5420,151.0,22,0.6929892172114498,7.765,gaming
VID-00133,2025-12-29 07:00:00,AU,Comedy,Comedy sketch,560154,32399,317.0,24,0.267413688504306,5.841,comedy
VID-00134,2025-09-16 13:00:00,AU,Sports,Match highlights,311196,18002,577.0,22,-0.009987353916796171,5.97,sports
VID-00135,2025-03-30 02:00:00,AU,Gaming,Gameplay walkthrough,222225,19087,571.0,20,0.6171404974149031,8.846,gaming
VID-00136,2025-02-13 05:00:00,GB,Science & Technology,Future technology,243557,18113,228.0,13,0.5058683508104629,7.53,science_technology
VID-00137,2025-05-26 12:00:00,AU,Sports,Match highlights,548029,38977,227.0,8,0.1388427298355536,7.154,sports
VID-00138,2025-10-08 12:00:00,US,Howto & Style,Easy tutorial,276468,11099,745.0,22,0.6396680334191182,4.284,howto_style
VID-00139,2025-03-31 23:00:00,AU,News & Politics,Daily news briefing,483517,42582,629.0,30,0.23294335757880225,8.937,news_politics
VID-00140,2025-10-02 17:00:00,IN,News & Politics,Daily news briefing,38017,3562,15.0,20,0.22645352345956665,9.409,news_politics
VID-00141,2025-06-30 09:00:00,GB,Howto & Style,Easy tutorial,515566,19056,1323.0,29,-0.5408240371881661,3.953,howto_style
VID-00142,2025-01-23 23:00:00,CA,News & Politics,News analysis,213483,17839,187.0,14,-0.3689667242460183,8.444,news_politics
VID-00143,2025-08-19 20:00:00,IN,Sports,Championship moments,441010,14128,958.0,9,0.516749322956676,3.421,sports
VID-00144,2025-05-06 03:00:00,US,News & Politics,News analysis,773277,20923,193.0,4,-0.10629099164494374,2.731,news_politics
VID-00145,2025-12-20 04:00:00,US,Howto & Style,Beginner guide,179798,9256,176.0,26,0.37558138348311276,5.246,howto_style
VID-00146,2025-10-11 09:00:00,IN,Gaming,New game update,388885,13976,1139.0,29,-0.03179618246962326,3.887,gaming
VID-00147,2025-06-19 09:00:00,AU,News & Politics,Important world update,281943,20351,157.0,23,-0.12890142519724201,7.274,news_politics
VID-00148,2025-04-12 00:00:00,AU,Music,New song release,131213,2136,106.0,22,-0.2012021622075843,1.709,music
VID-00149,2025-07-17 11:00:00,US,Comedy,Try not to laugh,102043,2473,334.0,17,0.6779918112150642,2.751,comedy
VID-00150,2025-06-20 03:00:00,GB,Sports,Game analysis,252757,12992,880.0,6,0.21814722244164572,5.488,sports
VID-00151,2025-09-26 02:00:00,GB,Science & Technology,Tech review,209803,16187,246.0,22,0.7892994963334479,7.833,science_technology
VID-00152,2025-10-09 10:00:00,CA,News & Politics,Daily news briefing,188963,5656,497.0,25,-0.532975061662568,3.256,news_politics
VID-00153,2025-05-21 20:00:00,GB,Comedy,Comedy sketch,88520,3469,326.0,20,0.8015456447068778,4.287,comedy
VID-00154,2025-11-24 09:00:00,CA,Science & Technology,Future technology,637081,11182,2535.0,19,-0.3624106881419474,2.153,science_technology
VID-00155,2025-11-29 11:00:00,US,Sports,Match highlights,142909,4396,228.0,10,0.5605484974965024,3.236,sports
VID-00156,2025-03-06 19:00:00,CA,Comedy,Best comedy clips,127216,8068,28.0,20,-0.11049817233066356,6.364,comedy
VID-00157,2025-05-27 02:00:00,AU,Music,Best songs compilation,204932,8193,646.0,14,0.39500699903619285,4.313,music
VID-00158,2025-12-22 01:00:00,AU,Gaming,Gameplay walkthrough,268293,14267,203.0,8,0.2772659432811976,5.393,gaming
VID-00159,2025-09-05 13:00:00,IN,Music,Live performance,380429,7614,932.0,22,1.0,2.246,music
VID-00160,2025-01-15 18:00:00,GB,Music,Official music video,587656,53184,1875.0,24,0.11058199994314782,9.369,music
VID-00161,2025-02-04 17:00:00,US,Sports,Match highlights,180204,7677,440.0,27,0.13264354396689382,4.504,sports
VID-00162,2025-12-01 00:00:00,AU,Entertainment,Celebrity interview,386901,32704,885.0,15,0.37071150556702265,8.682,entertainment
VID-00163,2025-01-20 15:00:00,CA,Comedy,Comedy sketch,90740,4926,321.0,24,0.18795486329791922,5.782,comedy
VID-00164,2025-03-11 10:00:00,US,News & Politics,Daily news briefing,130895,8495,499.0,13,-0.8453826756449608,6.871,news_politics
VID-00165,2025-04-15 14:00:00,GB,Sports,Championship moments,773869,42582,2550.0,27,-0.11678934854879977,5.832,sports
VID-00166,2025-07-12 06:00:00,AU,Music,Official music video,161087,6487,550.0,2,0.7538006471529085,4.368,music
VID-00167,2025-11-01 02:00:00,GB,News & Politics,News analysis,145408,14110,513.0,9,-0.38152393031209214,10.057,news_politics
VID-00168,2025-04-12 21:00:00,US,Entertainment,Behind the scenes,114571,5690,301.0,21,0.5030586866813658,5.229,entertainment
VID-00169,2025-03-29 03:00:00,AU,News & Politics,Daily news briefing,52015,5155,27.0,20,-0.03402353536187899,9.963,news_politics
VID-00170,2025-03-03 09:00:00,AU,Gaming,New game update,444043,18741,1653.0,25,-0.43645215666907317,4.593,gaming
VID-00171,2025-09-26 02:00:00,IN,Music,Live performance,191414,17517,688.0,5,0.01714486682211086,9.511,music
VID-00172,2025-08-29 00:00:00,IN,Entertainment,Behind the scenes,41039,3279,17.0,8,0.15829244381526117,8.031,entertainment
VID-00173,2025-08-18 23:00:00,AU,Howto & Style,Beginner guide,163339,14136,255.0,14,0.6478232735911207,8.811,howto_style
VID-00174,2025-08-15 03:00:00,CA,Gaming,New game update,612344,38321,1336.0,21,0.014304352740530046,6.476,gaming
VID-00175,2025-05-18 23:00:00,IN,Science & Technology,Future technology,47027,2013,32.0,24,0.490958610932763,4.349,science_technology
VID-00176,2025-04-04 00:00:00,US,Gaming,Live gaming session,116928,8431,349.0,23,0.08507903884452422,7.509,gaming
VID-00177,2025-07-05 11:00:00,US,Comedy,Funny moments,259789,20156,700.0,12,-0.06035160446781601,8.028,comedy
VID-00178,2025-07-19 05:00:00,US,Howto & Style,Step by step tips,58678,3539,22.0,6,0.12404390489744832,6.069,howto_style
VID-00179,2025-07-12 09:00:00,US,Science & Technology,Tech review,508881,48182,1525.0,12,0.5948913468794426,9.768,science_technology
VID-00180,2025-04-19 16:00:00,US,Science & Technology,Future technology,235398,19031,,23,0.4989412992156894,8.171,science_technology
VID-00181,2025-08-12 14:00:00,GB,Sports,Championship moments,522303,25254,1523.0,13,0.521886983767385,5.127,sports
VID-00182,2025-10-04 08:00:00,GB,News & Politics,Daily news briefing,169977,6047,129.0,3,0.3672707464979696,3.633,news_politics
VID-00183,2025-10-06 20:00:00,IN,News & Politics,News analysis,170853,11554,619.0,14,0.09898890355633695,7.125,news_politics
VID-00184,2025-08-02 10:00:00,GB,Entertainment,Amazing challenge,106622,2855,412.0,22,0.1281519780818552,3.064,entertainment
VID-00185,2025-02-09 15:00:00,CA,Gaming,Live gaming session,132116,9933,159.0,12,0.15563329871469847,7.639,gaming
VID-00186,2025-07-11 04:00:00,CA,Gaming,Gameplay walkthrough,372745,31221,1017.0,22,0.3783786168091724,8.649,gaming
VID-00187,2025-08-04 02:00:00,CA,Music,Live performance,774651,52259,1470.0,9,-0.2199455280567399,6.936,music
VID-00188,2025-02-10 11:00:00,CA,Science & Technology,Tech review,114988,2582,260.0,4,0.7803441943936666,2.472,science_technology
VID-00189,2025-08-26 21:00:00,AU,Entertainment,Celebrity interview,292192,10874,832.0,1,0.3385800958439708,4.006,entertainment
VID-00190,2025-05-19 11:00:00,IN,Sports,Game analysis,108341,7499,300.0,10,0.1298364368398082,7.199,sports
VID-00191,2025-05-01 08:00:00,CA,Music,Live performance,146806,9224,39.0,19,-0.6049467626933249,6.31,music
VID-00192,2025-02-12 09:00:00,IN,Science & Technology,New technology explained,357635,32526,553.0,9,0.6809013437832216,9.249,science_technology
VID-00193,2025-08-29 03:00:00,CA,Gaming,Live gaming session,53154,2432,110.0,8,0.450989576175272,4.782,gaming
VID-00194,2025-12-19 06:00:00,IN,Entertainment,Amazing challenge,1021387,46821,3273.0,11,0.4475981107508839,4.905,entertainment
VID-00195,2025-05-15 10:00:00,GB,Gaming,New game update,125305,9829,88.0,9,-0.04856817203501437,7.914,gaming
VID-00196,2025-01-03 23:00:00,AU,Music,Live performance,42083,4151,126.0,7,0.3637908123235821,10.163,music
VID-00197,2025-08-28 08:00:00,IN,Entertainment,Amazing challenge,135999,5529,,23,0.23555072145227018,4.235,entertainment
VID-00198,2025-06-02 10:00:00,CA,Entertainment,Entertainment highlights,71902,5110,198.0,29,-0.13009582960016186,7.382,entertainment
VID-00199,2025-03-16 09:00:00,US,Gaming,Best gaming moments,141037,3194,276.0,21,-0.4240786120518402,2.46,gaming
VID-00200,2025-08-07 19:00:00,AU,Entertainment,Entertainment highlights,31604,2213,28.0,3,0.9031419550345964,7.091,entertainment
VID-00201,2025-03-06 17:00:00,CA,Science & Technology,Tech review,698695,28169,1925.0,14,0.23236646784613152,4.307,science_technology
VID-00202,2025-03-04 07:00:00,IN,Howto & Style,How to make,21532,997,38.0,26,0.8863269949702888,4.807,howto_style
VID-00203,2025-05-09 16:00:00,CA,Sports,Championship moments,1270028,73878,700.0,18,0.08794051759772745,5.872,sports
VID-00204,2025-10-16 02:00:00,AU,Music,Best songs compilation,99568,5800,321.0,24,0.9757544669814402,6.148,music
VID-00205,2025-05-28 12:00:00,IN,News & Politics,Breaking news update,123042,5039,486.0,23,-0.4845812021498481,4.49,news_politics
VID-00206,2025-11-30 22:00:00,IN,Sports,Match highlights,1373009,120181,3650.0,12,-0.16406266557277452,9.019,sports
VID-00207,2025-06-12 02:00:00,US,Science & Technology,New technology explained,2848877,141325,10569.0,24,0.4267120720201153,5.332,science_technology
VID-00208,2025-11-27 13:00:00,US,Sports,Match highlights,354940,33798,526.0,28,0.008471261910498601,9.67,sports
VID-00209,2025-09-26 15:00:00,US,Science & Technology,AI explained,232191,17597,272.0,9,0.3386337572455089,7.696,science_technology
VID-00210,2025-11-12 12:00:00,GB,Howto & Style,Easy tutorial,566081,56129,1829.0,1,0.1277033753053059,10.238,howto_style
VID-00211,2025-06-02 05:00:00,GB,Sports,Match highlights,139216,5024,535.0,7,0.7023080760132465,3.993,sports
VID-00212,2025-01-21 16:00:00,AU,Howto & Style,Easy tutorial,297217,15591,390.0,8,0.4137864489616666,5.377,howto_style
VID-00213,2025-07-15 01:00:00,CA,Music,New song release,2811480,203773,7463.0,30,-0.3707112635767134,7.513,music
VID-00214,2025-02-13 04:00:00,US,Science & Technology,AI explained,456194,36142,1813.0,10,0.05811275403449416,8.32,science_technology
VID-00215,2025-03-02 07:00:00,US,Science & Technology,Future technology,515217,33781,785.0,7,0.27881806708141016,6.709,science_technology
VID-00216,2025-05-12 20:00:00,CA,Comedy,Comedy sketch,623388,9498,450.0,9,0.15015705783754207,1.596,comedy
VID-00217,2025-08-22 23:00:00,CA,Science & Technology,New technology explained,98379,8129,266.0,29,0.4403057472966395,8.533,science_technology
VID-00218,2025-03-22 15:00:00,GB,Science & Technology,Tech review,1389668,43071,5378.0,10,0.4589100272126079,3.486,science_technology
VID-00219,2025-08-25 12:00:00,CA,Entertainment,Celebrity interview,4014833,81730,3713.0,9,0.9442804764441773,2.128,entertainment
VID-00220,2025-07-07 07:00:00,GB,Sports,Top plays,137269,2308,81.0,11,-0.09193646446249853,1.74,sports
VID-00221,2025-06-24 10:00:00,GB,Entertainment,Behind the scenes,426357,14424,1475.0,27,0.7642351348646916,3.729,entertainment
VID-00222,2025-11-08 00:00:00,IN,Howto & Style,Step by step tips,470318,33314,1627.0,5,0.515747742494522,7.429,howto_style
VID-00223,2025-10-22 11:00:00,AU,News & Politics,News analysis,391798,14662,794.0,23,-0.4747587095780742,3.945,news_politics
VID-00224,2025-09-27 19:00:00,CA,Howto & Style,How to make,174684,8316,342.0,8,0.8062090556027599,4.956,howto_style
VID-00225,2025-03-30 23:00:00,AU,Howto & Style,Beginner guide,533691,20271,862.0,7,0.24784989632619367,3.96,howto_style
VID-00226,2025-05-28 06:00:00,AU,Sports,Match highlights,85086,3613,251.0,7,0.1917189221638688,4.541,sports
VID-00227,2025-02-02 21:00:00,IN,Gaming,Live gaming session,250654,15668,262.0,3,0.20031903622653247,6.355,gaming
VID-00228,2025-08-14 12:00:00,CA,Howto & Style,How to make,1954958,92352,2850.0,26,-0.1570181915773292,4.87,howto_style
VID-00229,2025-12-24 10:00:00,GB,Science & Technology,AI explained,233048,10079,380.0,4,-0.42224064251855425,4.488,science_technology
VID-00230,2025-09-22 04:00:00,GB,Howto & Style,Step by step tips,394543,21289,1148.0,5,0.2574163786613398,5.687,howto_style
VID-00231,2025-11-06 19:00:00,AU,Sports,Game analysis,569604,16151,1627.0,9,0.17625532142711867,3.121,sports
VID-00232,2025-08-03 02:00:00,IN,News & Politics,Daily news briefing,200575,14209,610.0,12,-0.17762750638787572,7.388,news_politics
VID-00233,2025-02-01 15:00:00,US,Gaming,Live gaming session,514127,16162,625.0,4,0.6695805521598541,3.265,gaming
VID-00234,2025-01-23 12:00:00,US,Gaming,New game update,180825,10878,507.0,30,0.5774466872731336,6.296,gaming
VID-00235,2025-05-13 17:00:00,CA,News & Politics,Important world update,88043,8401,210.0,12,0.05822561792008196,9.78,news_politics
VID-00236,2025-08-29 12:00:00,GB,Gaming,Best gaming moments,127000,4765,200.0,9,0.3155188874742379,3.909,gaming
VID-00237,2025-07-29 00:00:00,GB,Howto & Style,Easy tutorial,105035,1686,410.0,13,-0.043280503163292905,1.996,howto_style
VID-00238,2025-09-02 08:00:00,GB,Gaming,Gameplay walkthrough,325169,30738,295.0,14,0.016787883652551044,9.544,gaming
VID-00239,2025-09-25 04:00:00,IN,Howto & Style,Beginner guide,152787,12157,422.0,28,0.31632165295123543,8.233,howto_style
VID-00240,2025-01-25 12:00:00,IN,Howto & Style,Beginner guide,353879,18822,1201.0,29,0.20552919315128748,5.658,howto_style
VID-00241,2025-10-28 06:00:00,IN,Comedy,Best comedy clips,647338,12302,1153.0,26,0.3606899886359447,2.079,comedy
VID-00242,2025-08-26 20:00:00,US,Entertainment,Celebrity interview,105763,3041,375.0,30,0.2181708168819436,3.23,entertainment
VID-00243,2025-01-25 20:00:00,CA,Music,New song release,873909,56648,1831.0,20,0.5953935128831498,6.692,music
VID-00244,2025-09-20 11:00:00,CA,Entertainment,Behind the scenes,47497,2547,82.0,6,0.23610651086761153,5.535,entertainment
VID-00245,2025-11-27 06:00:00,IN,Entertainment,Celebrity interview,440360,10873,431.0,29,0.20550233679745025,2.567,entertainment
VID-00246,2025-04-13 05:00:00,IN,Howto & Style,Easy tutorial,265156,19175,1032.0,23,-0.09807186339467194,7.621,howto_style
VID-00247,2025-09-12 10:00:00,GB,Science & Technology,AI explained,34981,3354,16.0,20,-0.09423370233013406,9.634,science_technology
VID-00248,2025-12-13 14:00:00,CA,Howto & Style,Easy tutorial,768921,38295,1895.0,4,0.6858060135165436,5.227,howto_style
VID-00249,2025-09-30 02:00:00,AU,Comedy,Comedy sketch,292696,27901,1063.0,17,0.7221539610452539,9.896,comedy
VID-00250,2025-03-12 00:00:00,IN,Comedy,Comedy sketch,354180,34229,81.0,23,0.676891002691835,9.687,comedy
VID-00251,2025-07-18 00:00:00,IN,Entertainment,Behind the scenes,525125,48046,1477.0,30,-0.2949751965762789,9.431,entertainment
VID-00252,2025-05-26 19:00:00,AU,Gaming,New game update,106328,9994,271.0,28,-0.09048325265303053,9.654,gaming
VID-00253,2025-09-25 22:00:00,AU,Sports,Top plays,882449,78329,2405.0,26,-0.4541112626546524,9.149,sports
VID-00254,2025-09-14 07:00:00,GB,Howto & Style,Step by step tips,852997,27024,310.0,4,-0.23443836151919195,3.204,howto_style
VID-00255,2025-03-10 05:00:00,AU,Gaming,New game update,2622324,40831,3464.0,23,0.47925982129722516,1.689,gaming
VID-00256,2025-11-22 22:00:00,US,News & Politics,News analysis,388870,25412,898.0,1,-0.3207746850939468,6.766,news_politics
VID-00257,2025-07-24 09:00:00,IN,Gaming,Gameplay walkthrough,183552,5494,667.0,2,0.23838957972273855,3.357,gaming
VID-00258,2025-06-25 16:00:00,IN,Science & Technology,AI explained,403120,18026,1559.0,24,0.5405208807478187,4.858,science_technology
VID-00259,2025-10-25 22:00:00,GB,Gaming,New game update,92460,2283,276.0,16,-0.05346472398404756,2.768,gaming
VID-00260,2025-01-02 23:00:00,AU,Gaming,Best gaming moments,84407,3263,184.0,18,-0.6042339255150926,4.084,gaming
VID-00261,2025-07-04 10:00:00,US,Gaming,Best gaming moments,528530,8691,1998.0,20,0.8456074405320304,2.022,gaming
VID-00262,2025-03-18 19:00:00,IN,News & Politics,News analysis,1100557,47642,2155.0,19,-0.30966133281134434,4.525,news_politics
VID-00263,2025-03-18 19:00:00,IN,Howto & Style,Step by step tips,1786853,162973,2968.0,14,1.0,9.287,howto_style
VID-00264,2025-01-08 14:00:00,GB,Music,Live performance,82315,8171,318.0,19,0.09946428751057038,10.313,music
VID-00265,2025-08-23 12:00:00,AU,Entertainment,Celebrity interview,100943,5229,293.0,4,0.19849918961002447,5.47,entertainment
VID-00266,2025-05-12 01:00:00,GB,News & Politics,News analysis,78588,7258,96.0,28,-0.277575639134769,9.358,news_politics
VID-00267,2025-04-26 08:00:00,AU,Gaming,New game update,102349,1585,110.0,10,0.5614249153711857,1.656,gaming
VID-00268,2025-06-17 18:00:00,US,Sports,Top plays,744542,29179,1168.0,19,0.15386962486890518,4.076,sports
VID-00269,2025-09-18 14:00:00,GB,News & Politics,Daily news briefing,443974,40523,539.0,23,0.029067183835167695,9.249,news_politics
VID-00270,2025-09-05 02:00:00,CA,Music,Best songs compilation,241290,20346,626.0,9,0.21366690159939827,8.692,music
VID-00271,2025-11-02 12:00:00,US,Sports,Game analysis,131389,9134,326.0,2,0.22236457627221007,7.2,sports
VID-00272,2025-03-18 13:00:00,GB,Sports,Championship moments,525170,40785,1948.0,10,0.36122131194284535,8.137,sports
VID-00273,2025-04-22 11:00:00,CA,Entertainment,Entertainment highlights,206184,11283,687.0,15,0.5390851969102354,5.805,entertainment
VID-00274,2025-04-05 11:00:00,IN,Howto & Style,Step by step tips,350108,29745,395.0,27,0.06768262548694245,8.609,howto_style
VID-00275,2025-02-23 15:00:00,GB,Howto & Style,Step by step tips,246319,8932,747.0,18,0.29333963586001394,3.929,howto_style
VID-00276,2025-07-24 18:00:00,IN,Sports,Championship moments,109659,10183,75.0,8,-0.04804690927292854,9.354,sports
VID-00277,2025-11-18 07:00:00,CA,Comedy,Try not to laugh,1013642,27765,3107.0,23,1.0,3.046,comedy
VID-00278,2025-04-29 06:00:00,US,Howto & Style,Step by step tips,364376,32414,767.0,4,0.984763688420038,9.106,howto_style
VID-00279,2025-11-10 04:00:00,GB,Howto & Style,Easy tutorial,1651345,47502,2718.0,11,0.5734829172058824,3.041,howto_style
VID-00280,2025-11-07 16:00:00,GB,Science & Technology,Tech review,66507,6005,173.0,25,0.05787309203415229,9.289,science_technology
VID-00281,2025-06-02 19:00:00,GB,Science & Technology,AI explained,455413,44761,1127.0,5,0.1394113693749961,10.076,science_technology
VID-00282,2025-05-12 07:00:00,CA,Sports,Championship moments,231784,8170,202.0,5,0.1847461204854023,3.612,sports
VID-00283,2025-08-30 00:00:00,AU,Comedy,Comedy sketch,56736,4241,178.0,19,0.39607213945929387,7.789,comedy
VID-00284,2025-05-27 20:00:00,IN,Entertainment,Celebrity interview,122875,4261,254.0,14,0.09156240499486584,3.674,entertainment
VID-00285,2025-06-09 13:00:00,CA,Sports,Game analysis,55046,3756,81.0,15,-0.2736363775145332,6.971,sports
VID-00286,2025-05-11 18:00:00,IN,News & Politics,Important world update,503377,9454,1823.0,14,-0.03455888247088962,2.24,news_politics
VID-00287,2025-03-24 14:00:00,AU,Music,Live performance,89032,6068,246.0,13,0.46779383829905785,7.092,music
VID-00288,2025-10-24 08:00:00,CA,Comedy,Funny moments,245442,13691,293.0,23,0.5028573708412177,5.697,comedy
VID-00289,2025-06-02 00:00:00,US,Sports,Championship moments,137024,7992,136.0,27,-0.15352268941804872,5.932,sports
VID-00290,2025-08-23 18:00:00,GB,Comedy,Funny moments,110278,10936,256.0,19,0.2752419048058804,10.149,comedy
VID-00291,2025-02-14 04:00:00,IN,Gaming,New game update,53228,813,169.0,30,0.06801198750511103,1.845,gaming
VID-00292,2025-02-16 01:00:00,US,News & Politics,Important world update,806976,33608,2802.0,25,-0.4160868181939725,4.512,news_politics
VID-00293,2025-07-27 02:00:00,GB,Music,Live performance,934081,28261,2906.0,20,0.30040176624715803,3.337,music
VID-00294,2025-06-03 17:00:00,CA,Science & Technology,Tech review,1007060,74897,645.0,1,0.30269604011616674,7.501,science_technology
VID-00295,2025-09-04 02:00:00,GB,Sports,Match highlights,313512,24474,504.0,16,0.1986164880878808,7.967,sports
VID-00296,2025-07-07 12:00:00,IN,Entertainment,Amazing challenge,125278,2311,457.0,8,0.19215907411041835,2.209,entertainment
VID-00297,2025-02-08 17:00:00,IN,Gaming,Live gaming session,455347,18012,1168.0,27,0.19315890490869364,4.212,gaming
VID-00298,2025-08-15 11:00:00,US,Science & Technology,New technology explained,67602,5487,25.0,6,0.6879364112288142,8.154,science_technology
VID-00299,2025-02-21 03:00:00,CA,Howto & Style,Beginner guide,128206,5579,271.0,13,-0.356222750152306,4.563,howto_style
VID-00300,2025-01-19 12:00:00,CA,Entertainment,Celebrity interview,97645,8525,295.0,27,-0.11969022246608968,9.033,entertainment
VID-00301,2025-05-11 13:00:00,GB,Entertainment,Amazing challenge,84366,3633,176.0,9,0.02309145691656428,4.515,entertainment
VID-00302,2025-07-11 05:00:00,CA,Science & Technology,New technology explained,1982681,59947,6855.0,27,-0.2578247894795833,3.369,science_technology
VID-00303,2025-10-04 10:00:00,CA,News & Politics,Breaking news update,129270,11421,275.0,26,-0.0988007173896622,9.048,news_politics
VID-00304,2025-02-25 03:00:00,IN,Science & Technology,Tech review,485744,21556,574.0,24,0.5438172627557594,4.556,science_technology
VID-00305,2025-04-24 13:00:00,IN,Music,New song release,276142,12942,557.0,30,-0.020608622501136264,4.888,music
VID-00306,2025-07-03 17:00:00,CA,Gaming,New game update,696915,33305,2756.0,12,0.120751220018334,5.174,gaming
VID-00307,2025-07-10 19:00:00,CA,Sports,Game analysis,723702,18530,2863.0,22,-0.04510210020961425,2.956,sports
VID-00308,2025-01-11 05:00:00,US,Music,Live performance,312755,8648,1204.0,30,0.5420341520787775,3.15,music
VID-00309,2025-12-05 18:00:00,AU,News & Politics,Daily news briefing,779696,18090,416.0,9,-0.023897296624324715,2.373,news_politics
VID-00310,2025-08-07 21:00:00,CA,Gaming,New game update,972080,39111,3666.0,10,-0.12602984961526376,4.401,gaming
VID-00311,2025-08-03 20:00:00,US,Gaming,Best gaming moments,104969,9073,235.0,4,0.18209075160593266,8.867,gaming
VID-00312,2025-04-12 20:00:00,IN,Comedy,Best comedy clips,493842,39820,615.0,17,0.9814113424619706,8.188,comedy
VID-00313,2025-11-26 13:00:00,US,Howto & Style,Easy tutorial,1612204,37680,2311.0,21,0.15863922901129623,2.481,howto_style
VID-00314,2025-11-23 11:00:00,US,Gaming,Best gaming moments,183158,7324,667.0,20,-0.31529186552809724,4.363,gaming
VID-00315,2025-12-14 04:00:00,AU,Sports,Championship moments,132002,3894,267.0,7,-0.04052625371750823,3.152,sports
VID-00316,2025-09-16 09:00:00,AU,Music,Official music video,205699,20330,440.0,12,0.9526281563214405,10.097,music
VID-00317,2025-06-13 16:00:00,GB,Comedy,Comedy sketch,65203,2351,86.0,18,0.18222572748459842,3.738,comedy
VID-00318,2025-12-30 22:00:00,IN,News & Politics,Breaking news update,1089987,89441,1894.0,10,-0.33222036896558854,8.379,news_politics
VID-00319,2025-02-28 16:00:00,IN,Music,Live performance,66992,3804,260.0,13,1.0,6.066,music
VID-00320,2025-09-12 16:00:00,GB,Gaming,New game update,89141,6225,320.0,14,-0.041745662068279316,7.342,gaming
VID-00321,2025-06-09 02:00:00,AU,Music,Live performance,373818,11637,1160.0,2,0.607161739043566,3.423,music
VID-00322,2025-09-25 04:00:00,IN,Howto & Style,Step by step tips,35169,1533,121.0,19,0.5932782688007086,4.703,howto_style
VID-00323,2025-12-08 23:00:00,CA,Comedy,Funny moments,119128,9330,362.0,6,0.24448200888096894,8.136,comedy
VID-00324,2025-01-17 02:00:00,US,Howto & Style,Step by step tips,39791,1485,9.0,17,0.0033234271514444857,3.755,howto_style
VID-00325,2025-10-31 17:00:00,US,Science & Technology,AI explained,93843,2169,,4,0.9155398553376064,2.518,science_technology
VID-00326,2025-07-15 13:00:00,CA,Sports,Match highlights,778257,56789,1150.0,19,0.6458023644756196,7.445,sports
VID-00327,2025-12-21 22:00:00,IN,Sports,Top plays,1269597,25786,3797.0,3,0.01867019942647108,2.33,sports
VID-00328,2025-07-21 15:00:00,GB,Music,Official music video,99958,2383,300.0,11,0.8083250289819646,2.684,music
VID-00329,2025-10-13 07:00:00,GB,Music,Official music video,160038,9304,427.0,24,-0.07845135471704728,6.08,music
VID-00330,2025-01-04 06:00:00,AU,Entertainment,Celebrity interview,92636,2728,25.0,10,0.7074738828008433,2.972,entertainment
VID-00331,2025-12-24 09:00:00,CA,Science & Technology,New technology explained,225938,13625,194.0,11,0.442296664695613,6.116,science_technology
VID-00332,2025-07-12 22:00:00,AU,Science & Technology,Future technology,181118,7342,484.0,29,0.02174495973504495,4.321,science_technology
VID-00333,2025-08-12 01:00:00,CA,News & Politics,Breaking news update,83586,3688,238.0,23,-0.25088587639238563,4.697,news_politics
VID-00334,2025-12-18 14:00:00,AU,Gaming,Live gaming session,215813,20247,778.0,1,-0.06804062966927882,9.742,gaming
VID-00335,2025-09-26 09:00:00,IN,News & Politics,Daily news briefing,153796,13725,45.0,23,0.031103473731891082,8.953,news_politics
VID-00336,2025-10-08 05:00:00,CA,Comedy,Comedy sketch,831339,66361,1583.0,22,0.3870428386500202,8.173,comedy
VID-00337,2025-12-29 23:00:00,IN,Howto & Style,Step by step tips,106521,7997,173.0,16,0.5846949884928152,7.67,howto_style
VID-00338,2025-06-02 03:00:00,IN,Sports,Match highlights,426273,37567,1528.0,26,-0.0858356578557164,9.171,sports
VID-00339,2025-06-06 04:00:00,CA,Entertainment,Behind the scenes,200565,19822,377.0,26,0.5368432782755174,10.071,entertainment
VID-00340,2025-02-27 23:00:00,AU,Sports,Top plays,463696,22326,912.0,6,-0.3171667227583157,5.011,sports
VID-00341,2025-05-11 00:00:00,IN,News & Politics,News analysis,83142,7187,65.0,27,-0.5596447761938835,8.722,news_politics
VID-00342,2025-12-25 22:00:00,GB,Howto & Style,Easy tutorial,645846,42334,2479.0,25,-0.9581048311241942,6.939,howto_style
VID-00343,2025-08-08 06:00:00,GB,Entertainment,Entertainment highlights,494647,43215,834.0,12,0.5813185106513796,8.905,entertainment
VID-00344,2025-06-28 20:00:00,IN,Science & Technology,Future technology,66934,5979,110.0,9,0.633904193129815,9.097,science_technology
VID-00345,2025-08-16 05:00:00,GB,Gaming,New game update,212216,7874,458.0,11,0.381983488671584,3.926,gaming
VID-00346,2025-04-18 04:00:00,CA,Music,New song release,200170,5350,351.0,6,0.584859416542338,2.848,music
VID-00347,2025-04-27 21:00:00,GB,Science & Technology,Future technology,60772,5215,139.0,27,0.41770633894467507,8.81,science_technology
VID-00348,2025-04-12 11:00:00,US,Music,Live performance,160475,13398,164.0,12,0.5590334879645545,8.451,music
VID-00349,2025-12-14 16:00:00,GB,Music,Best songs compilation,364152,33927,1292.0,17,0.5036460278004153,9.672,music
VID-00350,2025-07-31 12:00:00,IN,Gaming,Gameplay walkthrough,317309,28789,257.0,27,-0.0692621158224182,9.154,gaming
VID-00351,2025-10-29 11:00:00,AU,Howto & Style,Easy tutorial,375772,30609,557.0,15,0.29335182088354017,8.294,howto_style
VID-00352,2025-05-05 14:00:00,US,Sports,Top plays,123310,8833,362.0,19,0.15434441192430934,7.457,sports
VID-00353,2025-04-22 21:00:00,US,Sports,Championship moments,214217,19997,617.0,26,0.3972802036984279,9.623,sports
VID-00354,2025-10-17 08:00:00,GB,Science & Technology,AI explained,1416702,72751,3016.0,7,0.27045666442198457,5.348,science_technology
VID-00355,2025-01-26 06:00:00,IN,News & Politics,Important world update,122709,8249,334.0,11,-0.7591120709286767,6.995,news_politics
VID-00356,2025-10-16 09:00:00,IN,Entertainment,Entertainment highlights,534009,16235,128.0,24,0.9336832056462862,3.064,entertainment
VID-00357,2025-08-29 14:00:00,AU,Entertainment,Entertainment highlights,417002,38326,469.0,27,0.09829127141455524,9.303,entertainment
VID-00358,2025-12-30 05:00:00,CA,News & Politics,Important world update,243163,18322,791.0,15,0.1521349011713043,7.86,news_politics
VID-00359,2025-04-06 15:00:00,AU,Gaming,Live gaming session,393546,9676,1142.0,11,0.005602071541094544,2.749,gaming
VID-00360,2025-06-26 21:00:00,CA,Gaming,Gameplay walkthrough,253146,22674,655.0,15,0.4477949073019408,9.216,gaming
VID-00361,2025-09-23 05:00:00,CA,News & Politics,Important world update,824385,50198,979.0,21,-0.035392229358244154,6.208,news_politics
VID-00362,2025-03-28 20:00:00,US,Entertainment,Celebrity interview,390764,14053,849.0,4,0.7883715697596454,3.814,entertainment
VID-00363,2025-12-05 20:00:00,AU,Comedy,Best comedy clips,298896,15922,220.0,26,0.14065824822140016,5.401,comedy
VID-00364,2025-05-03 14:00:00,IN,Howto & Style,Easy tutorial,55898,1792,100.0,5,0.9208741675650535,3.385,howto_style
VID-00365,2025-01-01 14:00:00,AU,Entertainment,Amazing challenge,189467,5684,655.0,1,0.499383272919106,3.346,entertainment
VID-00366,2025-10-06 23:00:00,CA,Science & Technology,Tech review,151946,10151,196.0,7,0.11425447002895119,6.81,science_technology
VID-00367,2025-10-25 13:00:00,GB,News & Politics,News analysis,545914,27452,1804.0,23,0.6610572676365923,5.359,news_politics
VID-00368,2025-12-24 13:00:00,CA,Entertainment,Entertainment highlights,56408,1354,69.0,23,0.1680973677064966,2.523,entertainment
VID-00369,2025-01-05 10:00:00,IN,Entertainment,Behind the scenes,439238,10080,169.0,19,0.4299595030194804,2.333,entertainment
VID-00370,2025-06-29 10:00:00,IN,Science & Technology,Future technology,272802,22889,844.0,23,-0.08845962975184013,8.7,science_technology
VID-00371,2025-07-01 09:00:00,US,Gaming,Live gaming session,677061,64701,611.0,2,0.606709741437467,9.646,gaming
VID-00372,2025-09-14 09:00:00,AU,Music,Live performance,126420,4254,490.0,29,0.20939554429511043,3.753,music
VID-00373,2025-12-09 05:00:00,IN,News & Politics,Important world update,1343028,121300,527.0,25,0.2592522418208755,9.071,news_politics
VID-00374,2025-10-28 14:00:00,US,News & Politics,News analysis,81016,5441,214.0,20,-0.1565009159718571,6.98,news_politics
VID-00375,2025-05-20 23:00:00,IN,Entertainment,Behind the scenes,596610,33913,623.0,15,0.3338993528345331,5.789,entertainment
VID-00376,2025-07-06 07:00:00,IN,Howto & Style,Easy tutorial,772015,47563,1545.0,8,0.376465282841696,6.361,howto_style
VID-00377,2025-07-30 23:00:00,IN,Entertainment,Celebrity interview,179063,9936,516.0,4,0.9692095267902899,5.837,entertainment
VID-00378,2025-08-03 12:00:00,IN,Howto & Style,Step by step tips,508484,11338,175.0,20,0.29929635379501185,2.264,howto_style
VID-00379,2025-12-16 02:00:00,IN,Comedy,Try not to laugh,731296,48237,567.0,22,0.2369244951558266,6.674,comedy
VID-00380,2025-06-20 00:00:00,IN,Gaming,Live gaming session,76948,2035,274.0,19,-0.188389300126596,3.001,gaming
VID-00381,2025-07-03 06:00:00,AU,Entertainment,Celebrity interview,398725,25756,1410.0,23,0.5009949580226473,6.813,entertainment
VID-00382,2025-04-19 08:00:00,AU,Comedy,Try not to laugh,59404,3511,27.0,24,1.0,5.956,comedy
VID-00383,2025-12-22 07:00:00,US,Science & Technology,AI explained,115193,2472,71.0,14,0.29403888278909746,2.208,science_technology
VID-00384,2025-09-10 17:00:00,CA,Comedy,Try not to laugh,356506,22092,1075.0,27,-0.03725634669183592,6.498,comedy
VID-00385,2025-10-05 17:00:00,IN,Entertainment,Celebrity interview,336403,12489,618.0,7,0.8885232649952404,3.896,entertainment
VID-00386,2025-04-14 10:00:00,CA,Gaming,New game update,765215,54213,1432.0,20,-0.209125806206099,7.272,gaming
VID-00387,2025-11-04 23:00:00,CA,Sports,Game analysis,235901,14575,683.0,24,0.3685494821973564,6.468,sports
VID-00388,2025-10-02 11:00:00,US,Comedy,Try not to laugh,117629,9655,343.0,30,0.733368019566719,8.5,comedy
VID-00389,2025-11-05 11:00:00,IN,News & Politics,News analysis,552855,47501,995.0,10,-0.42228166029288505,8.772,news_politics
VID-00390,2025-01-26 05:00:00,IN,Comedy,Comedy sketch,217788,18594,849.0,6,-0.02651223360216093,8.927,comedy
VID-00391,2025-03-08 00:00:00,US,Sports,Championship moments,762562,55526,1032.0,11,-0.35418219129549544,7.417,sports
VID-00392,2025-03-05 16:00:00,IN,News & Politics,Breaking news update,83851,5304,91.0,5,-0.3227558526372245,6.434,news_politics
VID-00393,2025-04-28 15:00:00,CA,News & Politics,Daily news briefing,694355,37767,2541.0,12,-0.22425992546758977,5.805,news_politics
VID-00394,2025-05-03 15:00:00,AU,Music,Live performance,1797678,130967,3717.0,28,-0.08288977626311284,7.492,music
VID-00395,2025-11-01 07:00:00,US,News & Politics,News analysis,314803,27281,1184.0,3,0.36445147352246793,9.042,news_politics
VID-00396,2025-04-14 18:00:00,US,Howto & Style,Beginner guide,486348,42970,989.0,19,0.4466275855813575,9.039,howto_style
VID-00397,2025-02-12 05:00:00,US,Howto & Style,Beginner guide,68773,1610,19.0,11,-0.14603058241895817,2.369,howto_style
VID-00398,2025-04-26 10:00:00,GB,Howto & Style,Step by step tips,149574,14540,472.0,17,0.265498290180093,10.037,howto_style
VID-00399,2025-08-06 14:00:00,US,Music,Best songs compilation,165966,9753,283.0,5,0.49311765457068657,6.047,music
VID-00400,2025-05-25 06:00:00,IN,Gaming,Gameplay walkthrough,31108,1931,58.0,6,-0.028419433389470117,6.394,gaming
VID-00401,2025-07-24 22:00:00,CA,Sports,Top plays,242724,11579,657.0,26,0.32439977406768067,5.041,sports
VID-00402,2025-01-01 10:00:00,IN,News & Politics,Important world update,1762799,106119,988.0,17,0.4322215624011157,6.076,news_politics
VID-00403,2025-03-02 23:00:00,CA,Sports,Championship moments,301446,8270,654.0,4,0.3605507389172584,2.96,sports
VID-00404,2025-02-12 18:00:00,IN,Entertainment,Amazing challenge,130253,8834,314.0,5,0.5962590832780441,7.023,entertainment
VID-00405,2025-02-05 22:00:00,AU,Sports,Championship moments,434530,10386,832.0,8,0.22638412198198032,2.582,sports
VID-00406,2025-04-11 14:00:00,IN,Comedy,Funny moments,828244,40599,386.0,27,0.7538911371605732,4.948,comedy
VID-00407,2025-11-05 20:00:00,IN,Comedy,Comedy sketch,253214,21060,589.0,24,0.18773409015368342,8.55,comedy
VID-00408,2025-01-09 14:00:00,IN,Entertainment,Celebrity interview,19978,1357,41.0,21,0.30181315553404797,6.998,entertainment
VID-00409,2025-06-23 15:00:00,GB,Gaming,Gameplay walkthrough,312815,12874,1107.0,24,-0.024548961676573167,4.469,gaming
VID-00410,2025-01-04 04:00:00,IN,Music,Live performance,99018,1968,344.0,8,0.04432693851758318,2.335,music
VID-00411,2025-09-27 21:00:00,IN,Comedy,Comedy sketch,121717,2601,235.0,28,0.4267753825011802,2.33,comedy
VID-00412,2025-06-10 20:00:00,AU,Entertainment,Amazing challenge,773889,39892,1258.0,20,-0.35290649159161036,5.317,entertainment
VID-00413,2025-09-25 09:00:00,CA,Music,New song release,329868,7633,1090.0,12,0.1700271753956383,2.644,music
VID-00414,2025-01-14 17:00:00,GB,Music,New song release,212315,10709,83.0,17,0.413090440554868,5.083,music
VID-00415,2025-09-21 19:00:00,GB,Gaming,Gameplay walkthrough,271164,26631,906.0,3,0.16921159949712838,10.155,gaming
VID-00416,2025-04-24 14:00:00,CA,Comedy,Try not to laugh,27991,1526,43.0,6,0.6884463318813777,5.605,comedy
VID-00417,2025-12-08 08:00:00,US,Gaming,Live gaming session,350253,10135,1153.0,21,0.3255149202200751,3.223,gaming
VID-00418,2025-06-13 15:00:00,AU,News & Politics,Important world update,312784,26626,70.0,12,-0.07171928581334325,8.535,news_politics
VID-00419,2025-08-19 07:00:00,GB,News & Politics,Daily news briefing,127928,2394,503.0,4,-0.26637232778952447,2.265,news_politics
VID-00420,2025-05-13 17:00:00,US,Science & Technology,Tech review,533769,41476,2117.0,27,-0.725941253023155,8.167,science_technology
VID-00421,2025-12-08 11:00:00,AU,Music,Official music video,215004,12806,97.0,23,0.5832636307013992,6.001,music
VID-00422,2025-03-06 19:00:00,GB,Gaming,Gameplay walkthrough,88053,8003,20.0,8,-0.26962591895402843,9.112,gaming
VID-00423,2025-01-28 12:00:00,US,Music,Official music video,256025,7836,701.0,21,0.3268606788809933,3.334,music
VID-00424,2025-12-05 05:00:00,IN,News & Politics,News analysis,716196,26212,1032.0,20,-0.23946713029414468,3.804,news_politics
VID-00425,2025-02-19 02:00:00,IN,Sports,Game analysis,685425,51342,1412.0,9,0.23742323777917995,7.697,sports
VID-00426,2025-07-21 12:00:00,US,Entertainment,Amazing challenge,1159473,111927,1122.0,4,0.1093293130359731,9.75,entertainment
VID-00427,2025-05-29 21:00:00,CA,Entertainment,Entertainment highlights,878820,82041,1522.0,13,0.18858996056865324,9.509,entertainment
VID-00428,2025-10-27 14:00:00,AU,Comedy,Try not to laugh,151950,9985,169.0,12,0.4259960259836273,6.682,comedy
VID-00429,2025-02-04 23:00:00,IN,Science & Technology,Tech review,61308,1819,83.0,12,0.17391088104268126,3.102,science_technology
VID-00430,2025-04-17 22:00:00,US,Comedy,Comedy sketch,309375,18174,582.0,18,0.8355073395861643,6.063,comedy
VID-00431,2025-11-11 16:00:00,GB,News & Politics,Daily news briefing,701306,36422,375.0,27,-0.460520757791398,5.247,news_politics
VID-00432,2025-02-17 18:00:00,GB,Comedy,Funny moments,380078,30918,564.0,22,-0.35156586009867735,8.283,comedy
VID-00433,2025-11-01 01:00:00,CA,Music,New song release,209157,12498,576.0,12,-0.43587760383724844,6.251,music
VID-00434,2025-07-08 13:00:00,CA,Music,Best songs compilation,155251,2466,191.0,30,-0.20913355970250375,1.711,music
VID-00435,2025-09-15 14:00:00,AU,Comedy,Comedy sketch,49657,2433,52.0,9,0.6124154357333178,5.004,comedy
VID-00436,2025-11-04 02:00:00,IN,Gaming,Best gaming moments,86260,8422,62.0,19,0.4499319998225594,9.835,gaming
VID-00437,2025-06-17 06:00:00,CA,Music,New song release,291119,12160,177.0,30,-0.25096089745099354,4.238,music
VID-00438,2025-10-18 11:00:00,US,Science & Technology,AI explained,243262,15206,440.0,3,0.6674192908123501,6.432,science_technology
VID-00439,2025-05-07 17:00:00,IN,Gaming,Gameplay walkthrough,274741,21665,919.0,3,0.8400990891988067,8.22,gaming
VID-00440,2025-04-10 15:00:00,IN,Howto & Style,Step by step tips,469480,7846,423.0,2,0.10242856132746,1.761,howto_style
VID-00441,2025-03-24 01:00:00,US,Entertainment,Celebrity interview,232922,11082,658.0,22,0.8995204327580716,5.04,entertainment
VID-00442,2025-02-20 17:00:00,GB,Science & Technology,AI explained,126971,5215,26.0,26,0.26771567946713504,4.128,science_technology
VID-00443,2025-04-09 06:00:00,IN,Comedy,Best comedy clips,2049470,48572,5319.0,10,0.602243515414372,2.63,comedy
VID-00444,2025-06-25 08:00:00,US,News & Politics,Important world update,185071,18289,598.0,4,-0.023350628873260545,10.205,news_politics
VID-00445,2025-01-07 00:00:00,AU,Music,Official music video,414909,24164,351.0,2,0.7731696627276425,5.909,music
VID-00446,2025-04-08 14:00:00,CA,Sports,Match highlights,373528,18527,97.0,25,-0.1845718536016512,4.986,sports
VID-00447,2025-04-29 10:00:00,CA,Comedy,Funny moments,270825,12544,963.0,14,1.0,4.987,comedy
VID-00448,2025-07-08 10:00:00,CA,Howto & Style,Beginner guide,15922,587,56.0,11,0.41765733509227554,4.038,howto_style
VID-00449,2025-06-24 17:00:00,IN,Comedy,Comedy sketch,1804666,166534,1776.0,30,-0.4389462454353143,9.326,comedy
VID-00450,2025-12-03 06:00:00,AU,Entertainment,Behind the scenes,293967,12433,1172.0,19,0.5931200587555558,4.628,entertainment
VID-00451,2025-07-29 05:00:00,AU,Sports,Match highlights,262547,22387,276.0,1,0.6224129318949229,8.632,sports
VID-00452,2025-10-20 03:00:00,IN,Comedy,Comedy sketch,276940,18941,113.0,12,0.20534127560100937,6.88,comedy
VID-00453,2025-12-21 06:00:00,US,Entertainment,Celebrity interview,72979,3410,53.0,21,0.09600721560735181,4.745,entertainment
VID-00454,2025-04-16 19:00:00,AU,Music,Live performance,282578,13925,380.0,10,0.7555901838203695,5.062,music
VID-00455,2025-08-21 11:00:00,AU,Gaming,Live gaming session,233857,17135,285.0,22,-0.28569325976364546,7.449,gaming
VID-00456,2025-11-16 21:00:00,IN,Howto & Style,Step by step tips,244114,20733,795.0,7,0.36297270035790313,8.819,howto_style
VID-00457,2025-01-28 03:00:00,CA,Gaming,Best gaming moments,465573,45202,1649.0,5,0.3574993816981882,10.063,gaming
VID-00458,2025-06-25 19:00:00,CA,Music,Official music video,577097,29263,1472.0,21,0.31963445014091696,5.326,music
VID-00459,2025-03-26 05:00:00,CA,Music,Live performance,146013,2331,102.0,11,-0.04505404160393478,1.666,music
VID-00460,2025-07-24 05:00:00,US,Gaming,Best gaming moments,1929080,104045,5121.0,6,0.11660240418063161,5.659,gaming
VID-00461,2025-12-05 15:00:00,CA,Comedy,Funny moments,1413206,40569,1251.0,17,0.37246175387568986,2.959,comedy
VID-00462,2025-09-25 18:00:00,GB,Gaming,New game update,695122,47546,2368.0,24,0.45735860880035095,7.181,gaming
VID-00463,2025-05-09 00:00:00,US,Gaming,Best gaming moments,515696,27043,741.0,29,0.37229823705802617,5.388,gaming
VID-00464,2025-04-13 06:00:00,GB,Howto & Style,Step by step tips,134259,13057,465.0,26,0.27133789640591605,10.072,howto_style
VID-00465,2025-07-28 13:00:00,CA,Gaming,New game update,110354,9448,106.0,2,0.33985732786024125,8.658,gaming
VID-00466,2025-12-24 00:00:00,US,Sports,Top plays,497150,25318,1004.0,3,0.4646776609532868,5.295,sports
VID-00467,2025-09-17 22:00:00,AU,Science & Technology,AI explained,447889,31616,427.0,7,0.06057859874561032,7.154,science_technology
VID-00468,2025-09-23 00:00:00,CA,Sports,Championship moments,34616,1658,39.0,15,0.3781683205131059,4.902,sports
VID-00469,2025-05-15 19:00:00,IN,Gaming,Best gaming moments,134089,11216,336.0,22,0.19580398589167267,8.615,gaming
VID-00470,2025-04-09 22:00:00,GB,Gaming,New game update,81519,7991,148.0,30,0.1382140894799256,9.984,gaming
VID-00471,2025-05-19 09:00:00,US,Gaming,Gameplay walkthrough,231499,14346,238.0,3,-0.30878079369790784,6.3,gaming
VID-00472,2025-07-27 02:00:00,GB,Music,New song release,170082,7038,142.0,28,0.829434810394214,4.221,music
VID-00473,2025-09-06 20:00:00,US,Sports,Match highlights,123737,5367,367.0,17,0.2405046481995244,4.634,sports
VID-00474,2025-06-20 18:00:00,US,Gaming,Live gaming session,1130176,78908,1611.0,9,0.6361393094574171,7.124,gaming
VID-00475,2025-09-22 19:00:00,CA,Music,Official music video,147309,6620,379.0,10,0.8439264523427774,4.751,music
VID-00476,2025-03-22 18:00:00,AU,Music,Best songs compilation,1007559,79838,3842.0,28,0.07336481987072449,8.305,music
VID-00477,2025-11-07 04:00:00,GB,News & Politics,News analysis,96296,7514,140.0,3,0.04556626773963256,7.948,news_politics
VID-00478,2025-08-16 21:00:00,CA,Music,Best songs compilation,1148623,84500,1025.0,6,0.16011090844689777,7.446,music
VID-00479,2025-03-21 21:00:00,CA,Entertainment,Amazing challenge,388580,26623,1155.0,27,0.21398688587139023,7.149,entertainment
VID-00480,2025-11-16 20:00:00,IN,Science & Technology,AI explained,213556,17714,686.0,3,0.3660070463874524,8.616,science_technology
VID-00481,2025-11-03 23:00:00,AU,Howto & Style,Beginner guide,279690,21625,1084.0,20,0.22062376234962405,8.119,howto_style
VID-00482,2025-06-12 00:00:00,US,Comedy,Comedy sketch,168528,15241,273.0,5,0.4876234532526563,9.206,comedy
VID-00483,2025-12-22 02:00:00,GB,Comedy,Funny moments,319355,18479,1111.0,15,0.1595114673740407,6.134,comedy
VID-00484,2025-07-26 06:00:00,AU,Music,Live performance,92838,2538,352.0,20,-0.31628321358357786,3.113,music
VID-00485,2025-07-15 00:00:00,AU,Howto & Style,Beginner guide,779786,70018,752.0,6,1.0,9.076,howto_style
VID-00486,2025-04-03 06:00:00,AU,Gaming,Gameplay walkthrough,92074,6430,205.0,27,1.0,7.206,gaming
VID-00487,2025-07-26 00:00:00,AU,Entertainment,Entertainment highlights,290990,27443,908.0,15,0.3876424809080999,9.743,entertainment
VID-00488,2025-12-15 21:00:00,IN,Howto & Style,Easy tutorial,831898,61866,2342.0,11,0.35870516355099524,7.718,howto_style
VID-00489,2025-08-12 12:00:00,CA,Sports,Championship moments,179689,6702,656.0,16,0.6870142399258821,4.095,sports
VID-00490,2025-06-13 04:00:00,CA,Music,Official music video,212318,20201,262.0,26,0.327066727767308,9.638,music
VID-00491,2025-05-23 09:00:00,US,Howto & Style,Beginner guide,527303,44085,1934.0,10,0.29537229841141727,8.727,howto_style
VID-00492,2025-01-07 09:00:00,CA,Gaming,Gameplay walkthrough,106686,5969,384.0,5,0.26797626595029256,5.955,gaming
VID-00493,2025-11-16 01:00:00,US,Entertainment,Entertainment highlights,370675,24785,571.0,2,-0.3404601180963184,6.84,entertainment
VID-00494,2025-03-16 14:00:00,GB,Comedy,Funny moments,327775,10883,236.0,6,0.26247257108750605,3.392,comedy
VID-00495,2025-09-19 07:00:00,AU,Music,New song release,223179,14790,698.0,30,0.30240046126164516,6.94,music
VID-00496,2025-12-09 12:00:00,GB,Sports,Match highlights,385478,14690,368.0,28,-0.1144181331976303,3.906,sports
VID-00497,2025-09-12 08:00:00,US,Science & Technology,Tech review,243421,4021,849.0,17,-0.6481811743587382,2.001,science_technology
VID-00498,2025-04-26 21:00:00,GB,Music,Best songs compilation,140846,7033,426.0,22,-0.022179680474575025,5.296,music
VID-00499,2025-08-19 23:00:00,US,Gaming,Gameplay walkthrough,191945,6779,195.0,22,0.1305143638426672,3.633,gaming
VID-00500,2025-10-05 03:00:00,AU,Gaming,Live gaming session,170772,7340,171.0,10,-0.5482473665726215,4.398,gaming
VID-00501,2025-05-15 20:00:00,US,Comedy,Comedy sketch,68839,5423,82.0,29,0.415929237647215,7.997,comedy
VID-00502,2025-04-04 09:00:00,US,News & Politics,Breaking news update,374709,24518,461.0,16,-0.1004258634459732,6.666,news_politics
VID-00503,2025-07-13 02:00:00,AU,Comedy,Comedy sketch,389808,18545,672.0,3,0.592141400406619,4.93,comedy
VID-00504,2025-12-22 05:00:00,IN,Science & Technology,Future technology,445304,19248,920.0,4,0.16564950679527263,4.529,science_technology
VID-00505,2025-02-19 07:00:00,US,News & Politics,Daily news briefing,244123,21089,377.0,22,0.07189049274329919,8.793,news_politics
VID-00506,2025-02-26 19:00:00,GB,Sports,Match highlights,757170,72394,916.0,17,0.295841981133916,9.682,sports
VID-00507,2025-09-03 07:00:00,CA,News & Politics,Breaking news update,107286,7206,403.0,9,-0.02850407937842743,7.092,news_politics
VID-00508,2025-04-12 10:00:00,GB,Science & Technology,Future technology,379344,36521,1067.0,19,0.29038053802629304,9.909,science_technology
VID-00509,2025-11-20 03:00:00,CA,Gaming,New game update,197262,18594,784.0,27,0.0712932004326107,9.823,gaming
VID-00510,2025-11-11 02:00:00,US,News & Politics,Daily news briefing,235880,7461,127.0,5,0.05097278422391327,3.217,news_politics
VID-00511,2025-08-19 01:00:00,CA,Sports,Top plays,102080,6235,254.0,12,0.040358548346625944,6.357,sports
VID-00512,2025-11-18 09:00:00,AU,Music,New song release,231734,20059,818.0,10,0.4422657866734449,9.009,music
VID-00513,2025-09-21 11:00:00,US,Gaming,Live gaming session,782062,53168,1127.0,7,-0.36478776277565367,6.943,gaming
VID-00514,2025-01-21 13:00:00,US,News & Politics,Important world update,111485,9380,186.0,5,-0.01465572078533841,8.581,news_politics
VID-00515,2025-01-16 13:00:00,AU,News & Politics,Daily news briefing,337059,28067,1154.0,19,-0.14060798146978654,8.669,news_politics
VID-00516,2025-07-04 15:00:00,IN,Comedy,Best comedy clips,134397,11007,477.0,20,0.49312720138160054,8.545,comedy
VID-00517,2025-01-20 04:00:00,GB,Entertainment,Amazing challenge,98182,9508,76.0,6,0.7703397703865706,9.761,entertainment
VID-00518,2025-06-05 19:00:00,CA,Gaming,Gameplay walkthrough,719457,27081,2875.0,4,-0.0016785912267710534,4.164,gaming
VID-00519,2025-11-07 18:00:00,US,Comedy,Comedy sketch,543126,14173,791.0,4,0.3783179047027515,2.755,comedy
VID-00520,2025-08-06 13:00:00,IN,Science & Technology,AI explained,438876,40199,1049.0,12,0.08844160272408173,9.399,science_technology
VID-00521,2025-09-01 04:00:00,AU,Sports,Top plays,215806,14588,323.0,27,-0.24717461763213192,6.909,sports
VID-00522,2025-05-25 10:00:00,CA,Comedy,Comedy sketch,495512,23638,648.0,6,1.0,4.901,comedy
VID-00523,2025-04-28 09:00:00,GB,Gaming,Best gaming moments,392610,27542,587.0,16,0.24940041155625536,7.165,gaming
VID-00524,2025-09-07 19:00:00,US,Comedy,Comedy sketch,201571,17470,542.0,23,0.1956066249965271,8.936,comedy
VID-00525,2025-04-19 02:00:00,AU,Gaming,Best gaming moments,303864,6690,687.0,12,-0.10014374723943714,2.428,gaming
VID-00526,2025-04-16 02:00:00,IN,Gaming,New game update,50994,2003,93.0,4,-0.02071394778955926,4.11,gaming
VID-00527,2025-01-02 14:00:00,GB,Entertainment,Celebrity interview,668770,64091,1015.0,22,-0.03537760476559676,9.735,entertainment
VID-00528,2025-02-26 15:00:00,IN,News & Politics,Important world update,374663,7879,703.0,29,-0.04358661306115881,2.291,news_politics
VID-00529,2025-10-24 04:00:00,IN,Music,New song release,132603,5498,195.0,25,0.6191599663926819,4.293,music
VID-00530,2025-05-21 01:00:00,CA,Howto & Style,Step by step tips,618395,57793,140.0,17,0.15070285018826093,9.368,howto_style
VID-00531,2025-03-03 21:00:00,US,Science & Technology,AI explained,1107227,81982,590.0,18,0.6881168002778353,7.458,science_technology
VID-00532,2025-04-11 10:00:00,IN,Science & Technology,Future technology,110922,10397,223.0,4,-0.3221616583808476,9.574,science_technology
VID-00533,2025-11-12 06:00:00,CA,News & Politics,Important world update,183420,10206,168.0,24,0.27430233443234014,5.656,news_politics
VID-00534,2025-09-30 13:00:00,AU,Gaming,New game update,211566,19575,170.0,29,-0.09082627938092075,9.333,gaming
VID-00535,2025-11-11 14:00:00,US,Howto & Style,Easy tutorial,260684,14870,650.0,12,0.08192291755206235,5.954,howto_style
VID-00536,2025-09-19 22:00:00,CA,Sports,Match highlights,41456,2769,72.0,16,-0.2614544969969441,6.853,sports
VID-00537,2025-07-13 16:00:00,GB,Comedy,Best comedy clips,393279,33295,596.0,27,0.4833033220975196,8.618,comedy
VID-00538,2025-05-24 04:00:00,CA,Gaming,Live gaming session,842416,61481,2391.0,23,0.285069201689297,7.582,gaming
VID-00539,2025-02-27 23:00:00,CA,Gaming,Gameplay walkthrough,583052,18440,1391.0,10,0.42538128315781787,3.401,gaming
VID-00540,2025-03-06 04:00:00,US,Comedy,Try not to laugh,366183,29255,723.0,5,0.4566197971948092,8.187,comedy
VID-00541,2025-09-05 11:00:00,CA,Sports,Top plays,91858,3658,142.0,15,0.5337178145736132,4.137,sports
VID-00542,2025-06-15 11:00:00,US,Entertainment,Celebrity interview,172850,3989,249.0,12,0.37351685382038735,2.452,entertainment
VID-00543,2025-08-16 11:00:00,US,Music,Official music video,413436,30881,757.0,3,0.021506713591128435,7.652,music
VID-00544,2025-09-13 12:00:00,GB,Sports,Top plays,135752,7585,203.0,2,0.40845400428085976,5.737,sports
VID-00545,2025-10-02 05:00:00,IN,News & Politics,Daily news briefing,470895,40988,1105.0,8,0.3488064741538166,8.939,news_politics
VID-00546,2025-12-20 19:00:00,CA,Sports,Match highlights,329258,24806,554.0,29,0.23106783089265712,7.702,sports
VID-00547,2025-03-30 05:00:00,CA,Gaming,New game update,626730,60685,474.0,4,0.008574666883056026,9.758,gaming
VID-00548,2025-11-08 22:00:00,GB,News & Politics,Breaking news update,337470,5844,774.0,29,0.4018563910748195,1.961,news_politics
VID-00549,2025-09-15 08:00:00,CA,Sports,Game analysis,253469,5416,225.0,21,0.06247005063735514,2.226,sports
VID-00550,2025-04-21 04:00:00,US,News & Politics,Important world update,146759,12496,306.0,27,-0.34652930304960544,8.723,news_politics
VID-00551,2025-03-21 20:00:00,CA,News & Politics,Important world update,133074,7190,,2,0.37126244138471587,5.435,news_politics
VID-00552,2025-05-25 12:00:00,US,Howto & Style,How to make,73835,1699,199.0,7,0.7380465527920944,2.571,howto_style
VID-00553,2025-09-01 14:00:00,IN,Comedy,Comedy sketch,294524,10918,76.0,26,0.6756359432175281,3.733,comedy
VID-00554,2025-07-11 04:00:00,US,Entertainment,Celebrity interview,158109,9487,312.0,21,0.6721955127582524,6.198,entertainment
VID-00555,2025-08-30 14:00:00,AU,Music,Live performance,459850,27095,1817.0,30,0.023259212126637396,6.287,music
VID-00556,2025-11-06 21:00:00,GB,Comedy,Funny moments,748180,61423,2828.0,25,0.6439244278291613,8.588,comedy
VID-00557,2025-10-21 00:00:00,US,News & Politics,Important world update,329431,20659,896.0,16,-0.035384895507804166,6.543,news_politics
VID-00558,2025-03-20 06:00:00,AU,Sports,Game analysis,2188875,96699,3792.0,27,0.16853751709331105,4.591,sports
VID-00559,2025-10-02 06:00:00,GB,Science & Technology,AI explained,122376,5318,349.0,20,-0.4427353674896925,4.631,science_technology
VID-00560,2025-01-19 20:00:00,US,Comedy,Try not to laugh,832454,13526,2962.0,30,0.8553397461480591,1.981,comedy
VID-00561,2025-10-17 15:00:00,US,Comedy,Try not to laugh,394193,22676,546.0,20,-0.04896931674306565,5.891,comedy
VID-00562,2025-10-10 15:00:00,IN,Howto & Style,Step by step tips,184973,8853,284.0,21,0.7440955682539558,4.94,howto_style
VID-00563,2025-12-08 23:00:00,GB,Comedy,Comedy sketch,197514,18082,242.0,18,0.27250463205391906,9.277,comedy
VID-00564,2025-09-24 15:00:00,CA,Music,Official music video,436872,10324,1574.0,15,0.7309805335371634,2.723,music
VID-00565,2025-07-01 12:00:00,US,Entertainment,Celebrity interview,232486,14813,881.0,25,0.9927214514057421,6.751,entertainment
VID-00566,2025-05-07 08:00:00,US,News & Politics,Important world update,212391,9882,194.0,24,0.04871055612660033,4.744,news_politics
VID-00567,2025-04-26 03:00:00,IN,Entertainment,Behind the scenes,3502225,204493,12601.0,15,-0.051345486673395224,6.199,entertainment
VID-00568,2025-10-26 13:00:00,US,Music,Live performance,206494,12431,198.0,30,0.12460013512220336,6.116,music
VID-00569,2025-07-04 19:00:00,IN,Sports,Match highlights,402818,26092,585.0,14,0.4690541836776486,6.623,sports
VID-00570,2025-08-02 07:00:00,IN,Howto & Style,Beginner guide,1191446,91274,930.0,29,0.17537014454272437,7.739,howto_style
VID-00571,2025-06-21 09:00:00,CA,Comedy,Best comedy clips,63148,2236,219.0,18,0.14909778780822192,3.888,comedy
VID-00572,2025-07-21 05:00:00,US,Music,Best songs compilation,342748,21333,1155.0,23,-0.4361118629093674,6.561,music
VID-00573,2025-05-28 23:00:00,CA,Entertainment,Behind the scenes,272978,16881,263.0,26,0.3579958069465663,6.28,entertainment
VID-00574,2025-12-14 03:00:00,IN,Howto & Style,Step by step tips,189201,3549,669.0,11,0.7592727130259035,2.229,howto_style
VID-00575,2025-07-13 03:00:00,GB,Howto & Style,Easy tutorial,548927,35502,1067.0,3,-0.4494289476570298,6.662,howto_style
VID-00576,2025-01-13 14:00:00,GB,News & Politics,Breaking news update,169477,2722,569.0,12,-0.05635501577279563,1.942,news_politics
VID-00577,2025-03-26 14:00:00,IN,Sports,Top plays,386035,12786,244.0,22,0.11670680836743522,3.375,sports
VID-00578,2025-12-18 06:00:00,GB,News & Politics,Daily news briefing,130420,5519,355.0,4,0.05242798725153808,4.504,news_politics
VID-00579,2025-03-11 21:00:00,GB,News & Politics,News analysis,193720,19093,212.0,1,-0.21609073584842037,9.965,news_politics
VID-00580,2025-06-06 12:00:00,GB,Gaming,Live gaming session,71455,1363,204.0,4,0.6899627476685446,2.193,gaming
VID-00581,2025-07-07 05:00:00,AU,Entertainment,Behind the scenes,317432,12925,788.0,26,0.30461099155651045,4.32,entertainment
VID-00582,2025-05-06 14:00:00,US,Sports,Game analysis,953111,48666,437.0,30,0.09028852205521776,5.152,sports
VID-00583,2025-06-29 06:00:00,IN,Sports,Championship moments,358507,25076,1071.0,15,0.03986163062840997,7.293,sports
VID-00584,2025-10-15 05:00:00,GB,Science & Technology,AI explained,114572,10539,35.0,3,0.24684217139333783,9.229,science_technology
VID-00585,2025-11-13 10:00:00,CA,Comedy,Try not to laugh,431225,12375,1395.0,3,0.9053767626861646,3.193,comedy
VID-00586,2025-04-22 18:00:00,IN,Science & Technology,AI explained,104185,3114,229.0,5,0.2572574366166631,3.209,science_technology
VID-00587,2025-02-05 18:00:00,GB,Comedy,Funny moments,330490,27142,129.0,15,0.25879746530586245,8.252,comedy
VID-00588,2025-05-20 09:00:00,GB,News & Politics,Important world update,215340,15248,860.0,13,-0.3157231653472285,7.48,news_politics
VID-00589,2025-07-19 03:00:00,IN,Howto & Style,How to make,301714,7580,843.0,18,0.47127011746697917,2.792,howto_style
VID-00590,2025-02-04 09:00:00,CA,News & Politics,Daily news briefing,229610,21373,59.0,10,0.2669938114243545,9.334,news_politics
VID-00591,2025-06-17 04:00:00,GB,Howto & Style,Step by step tips,884747,41139,388.0,27,0.13883302258019714,4.694,howto_style
VID-00592,2025-03-27 06:00:00,GB,Sports,Match highlights,554416,22638,1894.0,15,0.6267476402175531,4.425,sports
VID-00593,2025-03-22 21:00:00,CA,News & Politics,News analysis,65527,4152,77.0,16,0.31179053442243176,6.454,news_politics
VID-00594,2025-10-02 02:00:00,IN,Science & Technology,New technology explained,487692,35196,563.0,28,-0.23126408254585717,7.332,science_technology
VID-00595,2025-08-09 04:00:00,GB,Gaming,Best gaming moments,3501984,218322,3042.0,17,0.7466759624794184,6.321,gaming
VID-00596,2025-08-30 07:00:00,AU,Science & Technology,Tech review,139395,2920,38.0,2,0.7889768443477525,2.122,science_technology
VID-00597,2025-08-09 16:00:00,IN,Entertainment,Behind the scenes,497300,15703,1013.0,12,0.4720729061814221,3.361,entertainment
VID-00598,2025-05-07 00:00:00,CA,Music,New song release,903618,58780,666.0,28,0.007565897009378375,6.579,music
VID-00599,2025-07-30 17:00:00,CA,Gaming,Gameplay walkthrough,395594,15953,661.0,20,-0.30970261866035637,4.2,gaming
VID-00600,2025-09-05 00:00:00,AU,Entertainment,Entertainment highlights,412578,8921,405.0,24,0.4690823556388192,2.26,entertainment
VID-00601,2025-12-14 20:00:00,AU,News & Politics,News analysis,210683,3443,543.0,2,0.07128449086018784,1.892,news_politics
VID-00602,2025-06-05 19:00:00,US,Music,Official music video,131073,7461,478.0,13,0.45986951702967194,6.057,music
VID-00603,2025-09-17 01:00:00,GB,Gaming,New game update,180340,2764,361.0,8,0.30688992543660554,1.733,gaming
VID-00604,2025-01-12 22:00:00,US,Music,New song release,33748,3286,67.0,12,0.13032182629636982,9.935,music
VID-00605,2025-10-02 21:00:00,IN,Music,Official music video,553255,21617,241.0,25,-0.13532548115311777,3.951,music
VID-00606,2025-04-08 14:00:00,GB,Science & Technology,Future technology,1153033,44374,2558.0,8,0.18076509228526874,4.07,science_technology
VID-00607,2025-02-20 05:00:00,IN,Sports,Top plays,574042,16677,2287.0,18,0.6366453873855138,3.304,sports
VID-00608,2025-02-10 02:00:00,IN,Science & Technology,AI explained,1585834,115693,5716.0,24,1.0,7.656,science_technology
VID-00609,2025-05-19 07:00:00,AU,Entertainment,Behind the scenes,281992,25627,456.0,5,0.022395168100174,9.25,entertainment
VID-00610,2025-08-08 16:00:00,US,Sports,Match highlights,169696,12264,144.0,17,0.024215732950378183,7.312,sports
VID-00611,2025-10-23 03:00:00,AU,Sports,Top plays,455124,12370,938.0,20,0.49489001530694954,2.924,sports
VID-00612,2025-05-12 20:00:00,CA,News & Politics,Important world update,51297,2888,141.0,20,0.3146824657012663,5.905,news_politics
VID-00613,2025-05-21 12:00:00,CA,Comedy,Funny moments,574231,22346,998.0,9,0.49898410042140506,4.065,comedy
VID-00614,2025-09-23 21:00:00,IN,Music,Official music video,180617,10594,581.0,26,0.13037874558367774,6.187,music
VID-00615,2025-01-07 09:00:00,AU,Music,Best songs compilation,11951,467,7.0,20,-0.3383123227369909,3.966,music
VID-00616,2025-10-12 15:00:00,GB,Sports,Match highlights,628744,62489,314.0,5,0.4070333211582977,9.989,sports
VID-00617,2025-11-05 20:00:00,AU,Entertainment,Entertainment highlights,88300,5551,46.0,2,-0.052954347440902105,6.339,entertainment
VID-00618,2025-08-05 06:00:00,GB,Gaming,New game update,635609,14106,292.0,13,0.023549887781211754,2.265,gaming
VID-00619,2025-11-17 23:00:00,US,Music,Best songs compilation,1641874,134269,343.0,6,0.7701563094105885,8.199,music
VID-00620,2025-05-10 04:00:00,IN,Comedy,Funny moments,394464,36436,1228.0,16,0.45930456117997925,9.548,comedy
VID-00621,2025-10-30 19:00:00,AU,Gaming,New game update,260537,6910,456.0,11,0.11373916638448585,2.827,gaming
VID-00622,2025-02-03 10:00:00,US,Entertainment,Behind the scenes,254701,7131,685.0,24,-0.0193379952494811,3.069,entertainment
VID-00623,2025-06-29 19:00:00,CA,Sports,Championship moments,522987,20852,652.0,6,-0.2539083544445412,4.112,sports
VID-00624,2025-12-07 02:00:00,IN,Comedy,Best comedy clips,156295,4891,500.0,26,0.3747424325794108,3.449,comedy
VID-00625,2025-11-23 09:00:00,AU,Music,Official music video,553508,21771,1736.0,24,0.3992576387079325,4.247,music
VID-00626,2025-06-04 14:00:00,US,Sports,Game analysis,602665,36302,1488.0,8,0.11466888431761005,6.27,sports
VID-00627,2025-03-10 08:00:00,US,Howto & Style,Beginner guide,773571,38542,944.0,6,0.4907993799923549,5.104,howto_style
VID-00628,2025-04-08 01:00:00,AU,Howto & Style,Easy tutorial,1133098,49367,349.0,14,-0.1049785050658063,4.388,howto_style
VID-00629,2025-04-19 03:00:00,US,News & Politics,Important world update,152564,13777,495.0,3,0.043683291098670626,9.355,news_politics
VID-00630,2025-05-24 22:00:00,CA,Music,Official music video,97173,5302,134.0,7,0.47861252928421355,5.594,music
VID-00631,2025-05-24 15:00:00,US,Sports,Match highlights,120187,11284,183.0,3,-0.16683579478264185,9.541,sports
VID-00632,2025-12-27 14:00:00,AU,Entertainment,Amazing challenge,961784,66847,1578.0,7,0.11864322475002445,7.114,entertainment
VID-00633,2025-07-16 01:00:00,IN,Music,Best songs compilation,690287,66578,941.0,21,0.3964978005841614,9.781,music
VID-00634,2025-02-22 07:00:00,US,Science & Technology,AI explained,382052,14323,503.0,24,0.9135931368982768,3.881,science_technology
VID-00635,2025-09-16 19:00:00,GB,News & Politics,Breaking news update,36847,3536,14.0,5,-0.40596741283532706,9.634,news_politics
VID-00636,2025-08-29 06:00:00,GB,Howto & Style,How to make,568884,37986,520.0,30,0.06766117917248243,6.769,howto_style
VID-00637,2025-05-21 20:00:00,GB,Gaming,Gameplay walkthrough,1170144,73753,382.0,29,0.44382634717704805,6.336,gaming
VID-00638,2025-08-22 07:00:00,AU,Science & Technology,Future technology,78252,1213,35.0,21,0.6356598391383281,1.595,science_technology
VID-00639,2025-01-19 23:00:00,US,Entertainment,Amazing challenge,75707,5165,135.0,1,0.42259230553683774,7.001,entertainment
VID-00640,2025-05-05 10:00:00,CA,Howto & Style,Easy tutorial,344433,14393,531.0,22,0.41341243958440677,4.333,howto_style
VID-00641,2025-06-28 06:00:00,AU,Music,Live performance,503656,31187,1337.0,6,-0.12861366607513952,6.458,music
VID-00642,2025-02-03 03:00:00,AU,Music,New song release,50241,2191,177.0,1,0.8238857910095894,4.713,music
VID-00643,2025-10-12 16:00:00,IN,Sports,Championship moments,229762,9072,509.0,27,0.27518633631551603,4.17,sports
VID-00644,2025-09-27 05:00:00,CA,Science & Technology,Future technology,230491,9609,340.0,1,-0.03376987644711757,4.316,science_technology
VID-00645,2025-12-03 14:00:00,GB,Comedy,Best comedy clips,338408,32291,443.0,23,0.5416413398180735,9.673,comedy
VID-00646,2025-10-14 16:00:00,US,Howto & Style,Easy tutorial,780039,47038,2188.0,14,1.0,6.311,howto_style
VID-00647,2025-02-11 16:00:00,GB,News & Politics,Daily news briefing,87963,7627,328.0,2,-0.34514421614484275,9.044,news_politics
VID-00648,2025-11-30 20:00:00,US,Howto & Style,Easy tutorial,86448,6901,138.0,4,0.4871513482582399,8.142,howto_style
VID-00649,2025-11-04 17:00:00,GB,Entertainment,Entertainment highlights,77488,7402,132.0,12,0.34275747123177047,9.723,entertainment
VID-00650,2025-09-19 09:00:00,CA,Gaming,Best gaming moments,451662,35276,1507.0,3,0.07519626506833806,8.144,gaming
VID-00651,2025-05-03 18:00:00,AU,Gaming,Live gaming session,324448,5292,847.0,25,0.47966481093254604,1.892,gaming
VID-00652,2025-01-18 09:00:00,AU,Entertainment,Amazing challenge,73724,5050,267.0,24,0.5334946097233232,7.212,entertainment
VID-00653,2025-04-10 11:00:00,IN,News & Politics,Important world update,1792905,100645,6930.0,14,-0.035021811350278854,6.0,news_politics
VID-00654,2025-11-08 16:00:00,IN,News & Politics,News analysis,659937,57494,2131.0,4,0.0209068989591622,9.035,news_politics
VID-00655,2025-02-06 22:00:00,US,Science & Technology,Future technology,2250578,154863,1220.0,14,-0.024361366000993895,6.935,science_technology
VID-00656,2025-02-21 17:00:00,CA,Sports,Championship moments,174059,4326,575.0,2,0.19549476069240557,2.816,sports
VID-00657,2025-10-13 05:00:00,IN,Sports,Championship moments,215519,18580,590.0,30,0.47582501062232063,8.895,sports
VID-00658,2025-04-18 21:00:00,CA,Music,New song release,663794,45414,1603.0,11,0.1952564692581215,7.083,music
VID-00659,2025-05-02 07:00:00,AU,Howto & Style,How to make,113180,8308,141.0,29,-0.05609082606122401,7.465,howto_style
VID-00660,2025-05-21 05:00:00,US,Sports,Top plays,429306,8284,363.0,30,0.45037634004551674,2.014,sports
VID-00661,2025-07-31 04:00:00,US,Music,New song release,53545,4769,93.0,3,0.2963134236836186,9.08,music
VID-00662,2025-09-24 16:00:00,IN,Sports,Top plays,572694,44458,1548.0,23,-0.4461309818945942,8.033,sports
VID-00663,2025-06-29 07:00:00,US,Music,Official music video,305721,20559,356.0,29,0.4620349429238201,6.841,music
VID-00664,2025-09-05 04:00:00,GB,Comedy,Funny moments,247418,23586,387.0,28,1.0,9.689,comedy
VID-00665,2025-03-25 09:00:00,IN,Comedy,Funny moments,72926,5870,133.0,16,0.3296607099233496,8.232,comedy
VID-00666,2025-04-10 21:00:00,AU,Entertainment,Behind the scenes,97539,6163,81.0,12,0.2194750878378628,6.402,entertainment
VID-00667,2025-07-10 19:00:00,IN,Comedy,Funny moments,81973,2870,,5,0.23420731193077313,3.646,comedy
VID-00668,2025-01-27 19:00:00,AU,Music,Official music video,168888,8140,422.0,25,0.692471849891303,5.07,music
VID-00669,2025-03-19 05:00:00,AU,Gaming,Live gaming session,210322,14765,383.0,2,0.3320362087201545,7.202,gaming
VID-00670,2025-09-18 15:00:00,GB,News & Politics,Breaking news update,522465,50953,606.0,24,0.5913153269804684,9.868,news_politics
VID-00671,2025-05-08 15:00:00,IN,Gaming,Live gaming session,167556,7089,256.0,13,0.3743728899217701,4.384,gaming
VID-00672,2025-04-20 01:00:00,US,Sports,Top plays,66755,1802,152.0,18,-0.2518271314558528,2.927,sports
VID-00673,2025-10-06 20:00:00,US,Howto & Style,How to make,249999,21115,281.0,13,-0.23385014926420133,8.558,howto_style
VID-00674,2025-01-04 04:00:00,AU,Comedy,Best comedy clips,599161,37795,827.0,18,0.026483414334697197,6.446,comedy
VID-00675,2025-06-05 21:00:00,AU,Sports,Match highlights,477849,12836,639.0,14,-0.24091148478363075,2.82,sports
VID-00676,2025-01-29 17:00:00,CA,Sports,Game analysis,213934,10387,186.0,27,0.16451993150032415,4.942,sports
VID-00677,2025-01-04 22:00:00,GB,Howto & Style,Easy tutorial,114524,10641,398.0,28,0.7744099633444599,9.639,howto_style
VID-00678,2025-12-06 05:00:00,GB,Entertainment,Amazing challenge,144898,10872,151.0,30,-0.15785558500792884,7.607,entertainment
VID-00679,2025-12-27 18:00:00,US,Music,Best songs compilation,334511,29613,885.0,15,-0.23297449417383737,9.117,music
VID-00680,2025-07-02 07:00:00,IN,Howto & Style,How to make,160979,11279,477.0,18,0.8616908792067965,7.303,howto_style
VID-00681,2025-01-07 08:00:00,IN,Gaming,Live gaming session,870633,29460,1539.0,14,0.07846829581392373,3.561,gaming
VID-00682,2025-12-06 00:00:00,AU,News & Politics,News analysis,183168,7914,510.0,16,-0.4463515975023854,4.599,news_politics
VID-00683,2025-04-14 10:00:00,CA,Entertainment,Entertainment highlights,69914,5876,167.0,13,-0.010192221507407784,8.643,entertainment
VID-00684,2025-09-04 04:00:00,AU,Howto & Style,Step by step tips,83390,7269,210.0,28,-0.44446587278690475,8.969,howto_style
VID-00685,2025-01-18 10:00:00,AU,Science & Technology,Future technology,206593,18177,387.0,27,0.3635788650643575,8.986,science_technology
VID-00686,2025-03-11 01:00:00,US,Gaming,Gameplay walkthrough,79740,3603,291.0,23,-0.22391810649648936,4.883,gaming
VID-00687,2025-12-05 20:00:00,US,Science & Technology,AI explained,79364,6458,86.0,17,-0.2775436884917668,8.246,science_technology
VID-00688,2025-10-29 20:00:00,IN,Science & Technology,AI explained,118009,4741,438.0,22,-0.02588973703566494,4.389,science_technology
VID-00689,2025-01-13 15:00:00,GB,Comedy,Try not to laugh,569902,42263,693.0,1,0.4135239544223201,7.537,comedy
VID-00690,2025-06-27 14:00:00,CA,Comedy,Try not to laugh,52194,4901,69.0,12,0.3860602876192502,9.522,comedy
VID-00691,2025-12-22 16:00:00,US,Gaming,Live gaming session,172010,13840,212.0,9,0.8464107371556129,8.169,gaming
VID-00692,2025-02-15 16:00:00,GB,Sports,Top plays,126743,1925,154.0,17,0.9409394219561439,1.64,sports
VID-00693,2025-08-30 07:00:00,IN,Sports,Match highlights,127394,4744,351.0,6,0.1536744216490076,3.999,sports
VID-00694,2025-12-12 10:00:00,CA,Science & Technology,AI explained,177434,6105,643.0,7,0.5996712192076848,3.803,science_technology
VID-00695,2025-08-23 05:00:00,IN,Howto & Style,Step by step tips,112340,8316,365.0,12,0.9740739237912353,7.727,howto_style
VID-00696,2025-06-17 01:00:00,CA,Howto & Style,Beginner guide,73754,5255,78.0,26,0.7351257141131442,7.231,howto_style
VID-00697,2025-03-28 22:00:00,CA,Science & Technology,AI explained,565948,14483,1557.0,4,0.3022908405029958,2.834,science_technology
VID-00698,2025-07-31 08:00:00,US,Comedy,Funny moments,541980,14224,249.0,14,0.32227634714703546,2.67,comedy
VID-00699,2025-07-09 18:00:00,AU,Music,Official music video,186297,11029,673.0,18,0.3134693324241781,6.281,music
VID-00700,2025-08-28 10:00:00,US,Entertainment,Entertainment highlights,531637,38105,2060.0,17,0.8357913998990574,7.555,entertainment
VID-00701,2025-12-12 13:00:00,AU,Entertainment,Behind the scenes,182909,5347,481.0,6,0.1825070478078328,3.186,entertainment
VID-00702,2025-07-28 21:00:00,AU,Entertainment,Behind the scenes,88667,2808,200.0,5,0.5395571255066876,3.392,entertainment
VID-00703,2025-05-27 10:00:00,CA,Gaming,Gameplay walkthrough,47786,4357,149.0,3,-0.10315108494226005,9.43,gaming
VID-00704,2025-12-02 14:00:00,IN,Entertainment,Entertainment highlights,1599890,81075,685.0,21,0.362548872230465,5.11,entertainment
VID-00705,2025-09-27 19:00:00,IN,Comedy,Try not to laugh,2830317,140993,3415.0,8,0.42806373603637937,5.102,comedy
VID-00706,2025-05-04 01:00:00,GB,Howto & Style,Beginner guide,501120,10618,1998.0,9,0.6968225185417938,2.518,howto_style
VID-00707,2025-12-21 23:00:00,IN,Comedy,Best comedy clips,424638,32368,1073.0,15,0.39131246414210713,7.875,comedy
VID-00708,2025-12-05 15:00:00,CA,Music,Official music video,782641,58939,2004.0,11,0.5031255210626399,7.787,music
VID-00709,2025-08-04 03:00:00,CA,Entertainment,Celebrity interview,178627,12101,330.0,13,0.14476372407985594,6.959,entertainment
VID-00710,2025-11-01 02:00:00,AU,Howto & Style,Easy tutorial,213150,13097,779.0,27,0.5169498949939442,6.51,howto_style
VID-00711,2025-08-21 15:00:00,IN,Gaming,New game update,576638,13484,1351.0,15,-0.0715529104385263,2.573,gaming
VID-00712,2025-12-01 13:00:00,CA,News & Politics,Important world update,497666,13110,1520.0,8,0.565691982671268,2.94,news_politics
VID-00713,2025-08-18 09:00:00,CA,Entertainment,Celebrity interview,379239,32345,1482.0,22,0.21442566805248145,8.92,entertainment
VID-00714,2025-11-26 20:00:00,AU,Comedy,Try not to laugh,206067,17360,121.0,11,0.4867993462469331,8.483,comedy
VID-00715,2025-02-27 12:00:00,GB,Comedy,Try not to laugh,169549,15168,549.0,3,0.009390732731641815,9.27,comedy
VID-00716,2025-12-17 21:00:00,IN,Comedy,Best comedy clips,234440,16006,159.0,5,0.47279371968278994,6.895,comedy
VID-00717,2025-11-06 01:00:00,AU,Comedy,Best comedy clips,755326,74170,2618.0,18,0.7972433289487542,10.166,comedy
VID-00718,2025-04-02 20:00:00,CA,Entertainment,Behind the scenes,94322,3453,92.0,12,0.19167366498899993,3.758,entertainment
VID-00719,2025-02-13 23:00:00,IN,Gaming,Gameplay walkthrough,114170,6427,322.0,30,-0.5195733101316096,5.911,gaming
VID-00720,2025-08-14 20:00:00,CA,Comedy,Funny moments,140459,4165,493.0,27,0.9232818199815831,3.316,comedy
VID-00721,2025-04-04 20:00:00,US,Howto & Style,Beginner guide,25583,560,93.0,18,0.16702281215047873,2.552,howto_style
VID-00722,2025-05-15 01:00:00,AU,Comedy,Try not to laugh,267001,16182,686.0,29,0.04446418107762434,6.318,comedy
VID-00723,2025-08-16 04:00:00,AU,Entertainment,Entertainment highlights,700736,11154,942.0,2,0.5476107762678564,1.726,entertainment
VID-00724,2025-05-04 13:00:00,CA,Science & Technology,AI explained,496930,46981,1310.0,3,0.3256323470467244,9.718,science_technology
VID-00725,2025-10-24 07:00:00,AU,Sports,Championship moments,104688,1973,348.0,29,0.3046069985863859,2.217,sports
VID-00726,2025-05-17 12:00:00,IN,Science & Technology,New technology explained,305899,13789,160.0,19,0.5705062033023469,4.56,science_technology
VID-00727,2025-03-17 03:00:00,GB,Science & Technology,Future technology,162006,2784,573.0,14,0.36616834042051877,2.072,science_technology
VID-00728,2025-10-21 06:00:00,US,Entertainment,Behind the scenes,399560,17231,336.0,27,0.07439872444449841,4.397,entertainment
VID-00729,2025-02-06 03:00:00,CA,Howto & Style,How to make,113571,4555,93.0,19,-0.3200980796257079,4.093,howto_style
VID-00730,2025-03-03 19:00:00,AU,Howto & Style,Easy tutorial,172704,14194,451.0,21,0.18546780248340244,8.48,howto_style
VID-00731,2025-03-25 17:00:00,IN,Music,Live performance,628705,48930,283.0,19,0.8971535973857618,7.828,music
VID-00732,2025-02-28 10:00:00,US,Sports,Game analysis,618405,12301,1701.0,14,0.9552836655305639,2.264,sports
VID-00733,2025-10-29 07:00:00,US,Howto & Style,Beginner guide,679232,59163,246.0,5,0.6826431750072404,8.746,howto_style
VID-00734,2025-04-22 01:00:00,IN,Howto & Style,Step by step tips,106920,9828,102.0,5,0.4854974013155886,9.287,howto_style
VID-00735,2025-12-16 06:00:00,IN,Sports,Game analysis,160894,2487,601.0,25,-0.48052491626067717,1.919,sports
VID-00736,2025-01-22 10:00:00,CA,Howto & Style,How to make,102882,3038,52.0,24,0.3446977326885518,3.003,howto_style
VID-00737,2025-11-03 06:00:00,GB,Sports,Top plays,1010021,86336,2911.0,1,0.7575045950531295,8.836,sports
VID-00738,2025-09-26 16:00:00,CA,Music,Live performance,1086898,35504,1949.0,4,0.21267970921885374,3.446,music
VID-00739,2025-01-08 11:00:00,AU,News & Politics,Important world update,183286,12425,148.0,11,-0.11521284620022192,6.86,news_politics
VID-00740,2025-07-30 01:00:00,AU,Howto & Style,How to make,26311,2305,87.0,9,-0.23154496316310674,9.091,howto_style
VID-00741,2025-04-29 08:00:00,CA,Science & Technology,New technology explained,337226,7139,1090.0,23,0.21780290826478188,2.44,science_technology
VID-00742,2025-06-21 23:00:00,US,News & Politics,Breaking news update,1051174,21266,4127.0,14,0.048282506460465044,2.416,news_politics
VID-00743,2025-12-02 20:00:00,CA,Music,New song release,292843,5314,126.0,3,0.33216947197397645,1.858,music
VID-00744,2025-08-07 21:00:00,GB,Entertainment,Amazing challenge,32849,1056,34.0,5,-0.40709930740406497,3.318,entertainment
VID-00745,2025-05-01 10:00:00,AU,Howto & Style,Step by step tips,109646,4232,105.0,21,1.0,3.955,howto_style
VID-00746,2025-11-12 23:00:00,AU,Entertainment,Behind the scenes,530642,22355,247.0,17,0.5934927907412535,4.259,entertainment
VID-00747,2025-06-02 20:00:00,IN,Gaming,Gameplay walkthrough,60661,3431,204.0,2,-0.30026545851202496,5.992,gaming
VID-00748,2025-08-03 01:00:00,CA,Gaming,Gameplay walkthrough,156000,13976,570.0,27,-0.04043887320467546,9.324,gaming
VID-00749,2025-04-15 01:00:00,GB,Science & Technology,Future technology,220637,14860,750.0,15,0.04350958724530796,7.075,science_technology
VID-00750,2025-02-05 16:00:00,CA,Comedy,Best comedy clips,890853,68511,3234.0,9,0.4699993606681817,8.054,comedy
VID-00751,2025-05-20 22:00:00,US,Science & Technology,New technology explained,157499,13807,383.0,18,0.7103732494254016,9.01,science_technology
VID-00752,2025-05-20 15:00:00,AU,Gaming,Gameplay walkthrough,965844,81032,3170.0,21,-0.11659203881887498,8.718,gaming
VID-00753,2025-11-17 17:00:00,GB,Entertainment,Behind the scenes,86245,4351,323.0,6,-0.12682327064405408,5.419,entertainment
VID-00754,2025-09-15 20:00:00,IN,Entertainment,Amazing challenge,169608,6416,148.0,24,0.21714939881841683,3.87,entertainment
VID-00755,2025-01-23 06:00:00,IN,Entertainment,Entertainment highlights,309557,17609,1194.0,10,0.6235307681309878,6.074,entertainment
VID-00756,2025-05-17 19:00:00,AU,Comedy,Try not to laugh,117110,9470,360.0,19,0.8906014635349708,8.394,comedy
VID-00757,2025-06-07 08:00:00,IN,Comedy,Funny moments,129355,11877,243.0,23,0.5671008059329117,9.37,comedy
VID-00758,2025-03-15 23:00:00,US,News & Politics,Important world update,358388,24634,771.0,27,0.5402805965040762,7.089,news_politics
VID-00759,2025-02-02 20:00:00,AU,Science & Technology,AI explained,282756,26948,600.0,9,-0.10993175927969379,9.743,science_technology
VID-00760,2025-05-28 19:00:00,GB,Science & Technology,New technology explained,272318,6184,505.0,7,-0.9120856813935261,2.456,science_technology
VID-00761,2025-09-03 23:00:00,AU,Science & Technology,New technology explained,111592,6503,379.0,10,-0.4177295426668938,6.167,science_technology
VID-00762,2025-12-21 00:00:00,CA,Entertainment,Behind the scenes,512974,18682,688.0,8,0.0973768537414732,3.776,entertainment
VID-00763,2025-11-15 12:00:00,GB,Comedy,Try not to laugh,105778,10231,290.0,12,0.4224014222148912,9.946,comedy
VID-00764,2025-09-06 10:00:00,GB,Howto & Style,How to make,68821,2372,154.0,7,0.5470183398456846,3.67,howto_style
VID-00765,2025-03-26 09:00:00,GB,News & Politics,Breaking news update,332750,32453,799.0,26,0.11347414264649609,9.993,news_politics
VID-00766,2025-01-26 16:00:00,GB,Music,Official music video,315979,10483,714.0,12,0.6599723966845742,3.544,music
VID-00767,2025-04-28 03:00:00,IN,Comedy,Funny moments,2815528,58830,6195.0,29,0.7614908890519203,2.31,comedy
VID-00768,2025-07-12 16:00:00,CA,Entertainment,Celebrity interview,570150,20347,1230.0,22,0.4191273351916713,3.784,entertainment
VID-00769,2025-02-18 22:00:00,US,Science & Technology,Future technology,86539,7386,39.0,26,0.7765789875435405,8.58,science_technology
VID-00770,2025-12-08 22:00:00,AU,Music,New song release,131214,6236,449.0,24,-0.0751682721031382,5.095,music
VID-00771,2025-08-31 03:00:00,IN,Music,Live performance,111743,10250,84.0,19,0.6658395661590346,9.248,music
VID-00772,2025-10-22 17:00:00,AU,News & Politics,Breaking news update,195032,4382,286.0,26,-0.01896577540265038,2.393,news_politics
VID-00773,2025-01-07 10:00:00,US,Science & Technology,New technology explained,450856,10543,1448.0,3,0.7356859910638565,2.66,science_technology
VID-00774,2025-03-12 16:00:00,US,Gaming,New game update,391308,24381,482.0,29,0.0420507477237565,6.354,gaming
VID-00775,2025-09-10 20:00:00,CA,Howto & Style,Step by step tips,78732,7019,57.0,14,-0.3478770686809831,8.987,howto_style
VID-00776,2025-05-22 21:00:00,US,Howto & Style,Step by step tips,192807,15845,740.0,1,0.30335254498228126,8.602,howto_style
VID-00777,2025-07-01 00:00:00,CA,Sports,Game analysis,107373,7705,32.0,14,0.06472756974547841,7.206,sports
VID-00778,2025-09-11 07:00:00,AU,Science & Technology,Future technology,55511,1691,208.0,4,-0.10288539717883516,3.421,science_technology
VID-00779,2025-03-31 22:00:00,GB,Gaming,Live gaming session,131019,4327,275.0,7,0.039149846096078134,3.512,gaming
VID-00780,2025-11-23 07:00:00,IN,Music,Official music video,207781,16375,51.0,26,0.5636979729636831,7.905,music
VID-00781,2025-03-11 15:00:00,IN,Science & Technology,Tech review,46201,3745,109.0,30,0.08884688216697262,8.342,science_technology
VID-00782,2025-09-09 21:00:00,GB,Sports,Championship moments,374420,16095,767.0,29,-0.38681116161172413,4.503,sports
VID-00783,2025-09-23 15:00:00,CA,Gaming,Live gaming session,1894114,49102,5029.0,9,-0.18816293421088381,2.858,gaming
VID-00784,2025-05-12 00:00:00,US,News & Politics,Daily news briefing,534202,10377,,3,0.20994286076210722,1.999,news_politics
VID-00785,2025-09-05 03:00:00,US,News & Politics,Breaking news update,1541709,121232,4183.0,28,0.48758695117889633,8.135,news_politics
VID-00786,2025-08-22 04:00:00,GB,Comedy,Funny moments,663633,63382,2185.0,19,-0.18149000393263165,9.88,comedy
VID-00787,2025-12-12 17:00:00,CA,Comedy,Best comedy clips,776603,64609,2068.0,1,0.3040040247790894,8.586,comedy
VID-00788,2025-08-26 04:00:00,IN,News & Politics,Important world update,915655,75201,762.0,24,0.4043042161695452,8.296,news_politics
VID-00789,2025-11-09 03:00:00,IN,News & Politics,Breaking news update,28279,1180,66.0,16,0.3287804592133064,4.406,news_politics
VID-00790,2025-09-13 14:00:00,AU,Music,Official music video,410557,16268,792.0,21,0.6109861997052521,4.155,music
VID-00791,2025-10-18 07:00:00,GB,Science & Technology,AI explained,183932,17769,181.0,12,0.3775366880710559,9.759,science_technology
VID-00792,2025-11-07 02:00:00,GB,Science & Technology,New technology explained,182891,11819,409.0,21,-0.4960813357577168,6.686,science_technology
VID-00793,2025-10-23 17:00:00,CA,Howto & Style,Easy tutorial,67301,4587,118.0,14,0.4483238676031417,6.991,howto_style
VID-00794,2025-12-04 12:00:00,US,Music,New song release,1135535,100807,1163.0,14,0.4717843455363169,8.98,music
VID-00795,2025-07-02 23:00:00,AU,Science & Technology,New technology explained,294548,6521,417.0,18,0.24111833490682333,2.355,science_technology
VID-00796,2025-10-18 03:00:00,CA,News & Politics,Breaking news update,270617,17570,249.0,30,0.23723158619040385,6.585,news_politics
VID-00797,2025-07-23 23:00:00,US,News & Politics,Daily news briefing,774150,25047,1258.0,5,0.035807263244529985,3.398,news_politics
VID-00798,2025-12-29 21:00:00,CA,Gaming,Gameplay walkthrough,44943,2214,61.0,15,0.40144718030235227,5.062,gaming
VID-00799,2025-10-04 08:00:00,IN,Entertainment,Amazing challenge,633916,28544,147.0,25,1.0,4.526,entertainment
VID-00800,2025-02-24 20:00:00,US,Entertainment,Celebrity interview,235546,14251,859.0,30,0.32709629988646943,6.415,entertainment
VID-00801,2025-03-29 09:00:00,GB,Science & Technology,New technology explained,342103,31789,1289.0,11,0.14951553105695686,9.669,science_technology
VID-00802,2025-04-11 00:00:00,AU,Science & Technology,Tech review,234989,12034,415.0,30,0.5821303297493443,5.298,science_technology
VID-00803,2025-02-04 08:00:00,AU,Comedy,Funny moments,1950848,153507,1342.0,29,0.7641641065653658,7.938,comedy
VID-00804,2025-02-11 23:00:00,US,Science & Technology,AI explained,343360,24368,561.0,12,0.29409017749439065,7.26,science_technology
VID-00805,2025-04-27 16:00:00,AU,Sports,Game analysis,617281,35789,1185.0,11,-0.4698298811680539,5.99,sports
VID-00806,2025-02-17 17:00:00,AU,News & Politics,Daily news briefing,344757,5431,383.0,12,0.07725158942688841,1.686,news_politics
VID-00807,2025-08-30 20:00:00,GB,Sports,Game analysis,438303,36596,916.0,24,0.33964520199469217,8.558,sports
VID-00808,2025-03-24 08:00:00,GB,News & Politics,News analysis,83813,8218,322.0,25,-0.27765100710734597,10.189,news_politics
VID-00809,2025-04-20 10:00:00,GB,Sports,Top plays,875401,29629,2833.0,27,0.12734864799954082,3.708,sports
VID-00810,2025-03-28 20:00:00,GB,Howto & Style,Easy tutorial,88452,8644,243.0,20,-0.1795659712823504,10.047,howto_style
VID-00811,2025-06-20 16:00:00,CA,Entertainment,Behind the scenes,195562,5015,654.0,2,0.6364060691257387,2.899,entertainment
VID-00812,2025-06-14 03:00:00,CA,Comedy,Best comedy clips,610499,41239,212.0,17,-0.27072082334176867,6.79,comedy
VID-00813,2025-03-10 20:00:00,GB,Music,Official music video,377166,35126,1275.0,26,0.18363190006165458,9.651,music
VID-00814,2025-02-12 16:00:00,GB,Music,Best songs compilation,196305,4403,154.0,19,0.30769037720439146,2.321,music
VID-00815,2025-04-02 00:00:00,US,Science & Technology,AI explained,78740,6944,138.0,26,-0.10337831290784366,8.994,science_technology
VID-00816,2025-04-22 22:00:00,AU,Music,Best songs compilation,191224,12471,496.0,19,0.18510750263404713,6.781,music
VID-00817,2025-08-07 22:00:00,US,Science & Technology,Tech review,634047,28170,1879.0,24,0.5432265256851694,4.739,science_technology
VID-00818,2025-10-11 05:00:00,CA,Gaming,New game update,401820,10388,1429.0,7,1.0,2.941,gaming
VID-00819,2025-06-14 21:00:00,CA,Sports,Top plays,259537,15479,284.0,25,-0.5431988746920743,6.074,sports
VID-00820,2025-08-03 17:00:00,US,Sports,Match highlights,308852,9799,1061.0,14,0.2786852214220328,3.516,sports
VID-00821,2025-07-11 01:00:00,CA,Howto & Style,Easy tutorial,279282,18746,859.0,11,0.24578012901517848,7.02,howto_style
VID-00822,2025-01-13 21:00:00,IN,News & Politics,Daily news briefing,128523,9016,67.0,25,-0.006726058603306433,7.067,news_politics
VID-00823,2025-09-19 09:00:00,CA,Entertainment,Amazing challenge,100545,2146,50.0,22,0.6306208943877438,2.184,entertainment
VID-00824,2025-06-11 04:00:00,US,Science & Technology,AI explained,272496,16030,234.0,26,0.17247260911830736,5.969,science_technology
VID-00825,2025-11-10 15:00:00,CA,Sports,Game analysis,286459,24708,694.0,28,-0.0856107483312531,8.868,sports
VID-00826,2025-03-09 15:00:00,CA,Sports,Game analysis,49539,3972,147.0,8,-0.21605218119612266,8.315,sports
VID-00827,2025-07-21 05:00:00,US,Music,Best songs compilation,313026,21536,219.0,29,0.01869651189465843,6.95,music
VID-00828,2025-04-14 18:00:00,CA,Music,Best songs compilation,1437474,59767,1160.0,17,0.7174390768130547,4.238,music
VID-00829,2025-07-18 23:00:00,GB,Howto & Style,Beginner guide,95949,7421,24.0,28,-0.10328750638079243,7.759,howto_style
VID-00830,2025-11-05 01:00:00,GB,Entertainment,Celebrity interview,281089,20321,204.0,18,-0.18431222415596527,7.302,entertainment
VID-00831,2025-06-10 11:00:00,AU,Science & Technology,AI explained,1351616,97133,5377.0,2,0.7362545217875605,7.584,science_technology
VID-00832,2025-10-20 11:00:00,CA,Howto & Style,How to make,587181,15024,360.0,19,0.5481787340511715,2.62,howto_style
VID-00833,2025-01-09 05:00:00,CA,Science & Technology,AI explained,405744,19455,618.0,23,0.373327674599781,4.947,science_technology
VID-00834,2025-02-22 12:00:00,GB,Music,Live performance,129886,6353,415.0,21,0.0874330531029856,5.211,music
VID-00835,2025-10-09 07:00:00,AU,Comedy,Comedy sketch,886190,27261,483.0,16,0.9173497011075908,3.131,comedy
VID-00836,2025-04-19 10:00:00,US,Howto & Style,Easy tutorial,235779,19132,531.0,20,0.15620341409626295,8.34,howto_style
VID-00837,2025-11-05 07:00:00,GB,Comedy,Try not to laugh,298350,28691,985.0,27,0.24288555146549717,9.947,comedy
VID-00838,2025-08-18 02:00:00,CA,News & Politics,Important world update,38542,2868,25.0,1,0.11526859928830234,7.506,news_politics
VID-00839,2025-03-07 15:00:00,US,Sports,Game analysis,1701934,77082,4207.0,12,0.3679564660667637,4.776,sports
VID-00840,2025-05-16 22:00:00,AU,Music,Official music video,73137,5560,78.0,13,0.1123479630321054,7.709,music
VID-00841,2025-07-31 16:00:00,US,Gaming,Gameplay walkthrough,213135,17662,85.0,7,-0.29090549673308835,8.327,gaming
VID-00842,2025-06-17 09:00:00,GB,Comedy,Comedy sketch,779302,68773,2139.0,28,0.42467794362542066,9.099,comedy
VID-00843,2025-02-21 12:00:00,US,Gaming,Live gaming session,202097,4198,313.0,19,0.6013688351872941,2.232,gaming
VID-00844,2025-09-30 02:00:00,GB,Comedy,Funny moments,184194,14051,538.0,6,0.19844017500061395,7.92,comedy
VID-00845,2025-08-16 00:00:00,CA,Science & Technology,New technology explained,79177,2912,132.0,11,0.32361510594215404,3.845,science_technology
VID-00846,2025-03-27 00:00:00,IN,Comedy,Best comedy clips,686420,46219,848.0,30,0.3022210964608062,6.857,comedy
VID-00847,2025-02-09 14:00:00,AU,Music,Live performance,1561507,153607,4199.0,17,1.0,10.106,music
VID-00848,2025-10-04 22:00:00,GB,Science & Technology,New technology explained,906638,17482,422.0,25,0.10147520938367556,1.975,science_technology
VID-00849,2025-06-13 14:00:00,CA,Music,Live performance,243439,19926,205.0,28,-0.3803429874540886,8.269,music
VID-00850,2025-02-12 16:00:00,GB,Howto & Style,Step by step tips,167486,11168,212.0,25,-0.38322033747233,6.795,howto_style
VID-00851,2025-02-11 10:00:00,AU,Science & Technology,Future technology,293074,17171,735.0,30,0.34394175839833163,6.11,science_technology
VID-00852,2025-01-02 04:00:00,IN,Comedy,Try not to laugh,232286,17453,230.0,15,1.0,7.613,comedy
VID-00853,2025-01-03 15:00:00,US,Science & Technology,AI explained,223357,7620,850.0,1,0.5848896784219466,3.792,science_technology
VID-00854,2025-03-07 07:00:00,AU,Entertainment,Celebrity interview,1998231,184898,1643.0,13,-0.23877332643521998,9.335,entertainment
VID-00855,2025-02-02 21:00:00,GB,Sports,Championship moments,149689,14219,132.0,26,0.4149711228271822,9.587,sports
VID-00856,2025-01-11 05:00:00,GB,Music,New song release,257455,6233,522.0,27,0.4690562865021879,2.624,music
VID-00857,2025-08-22 15:00:00,US,Howto & Style,Easy tutorial,331919,21108,1010.0,10,0.5833555261980088,6.664,howto_style
VID-00858,2025-02-26 12:00:00,AU,Howto & Style,Easy tutorial,1342998,109929,4148.0,16,0.08627233973059001,8.494,howto_style
VID-00859,2025-09-07 13:00:00,AU,News & Politics,News analysis,217617,14943,735.0,20,0.11771033266595914,7.204,news_politics
VID-00860,2025-02-22 22:00:00,CA,Entertainment,Behind the scenes,272167,10988,557.0,9,0.8045299372496935,4.242,entertainment
VID-00861,2025-10-08 22:00:00,AU,News & Politics,News analysis,851957,76832,2144.0,20,0.3425998497109327,9.27,news_politics
VID-00862,2025-11-03 18:00:00,US,Gaming,Live gaming session,767509,49356,2072.0,16,-0.3250902524353148,6.701,gaming
VID-00863,2025-04-11 15:00:00,GB,Howto & Style,How to make,415163,28411,980.0,8,0.2295101947672678,7.079,howto_style
VID-00864,2025-10-30 15:00:00,US,Music,Official music video,737648,22480,2311.0,24,-0.08076843500999908,3.361,music
VID-00865,2025-07-24 05:00:00,AU,Gaming,Gameplay walkthrough,98061,7919,149.0,3,-0.5579773347711781,8.228,gaming
VID-00866,2025-06-19 07:00:00,CA,Howto & Style,Easy tutorial,163560,6664,123.0,25,0.060269249677715825,4.15,howto_style
VID-00867,2025-04-25 23:00:00,US,Entertainment,Entertainment highlights,534294,47102,237.0,25,0.6142181110037876,8.86,entertainment
VID-00868,2025-08-09 07:00:00,IN,Music,Best songs compilation,349491,30850,174.0,6,0.42683007748445956,8.877,music
VID-00869,2025-05-02 12:00:00,IN,Gaming,Live gaming session,133233,3121,181.0,11,-0.273069751141511,2.478,gaming
VID-00870,2025-02-28 00:00:00,CA,Howto & Style,Step by step tips,1006456,96898,975.0,22,0.5845620763419128,9.725,howto_style
VID-00871,2025-11-07 12:00:00,AU,News & Politics,Breaking news update,235995,7884,652.0,15,0.6687708159595732,3.617,news_politics
VID-00872,2025-08-06 22:00:00,IN,Comedy,Try not to laugh,254559,12357,441.0,4,0.8364421946634719,5.028,comedy
VID-00873,2025-03-02 10:00:00,AU,Entertainment,Celebrity interview,78480,7351,206.0,8,0.7935625048600883,9.629,entertainment
VID-00874,2025-07-13 11:00:00,GB,News & Politics,Breaking news update,761403,70715,446.0,26,-0.2686834246304181,9.346,news_politics
VID-00875,2025-02-22 05:00:00,IN,Music,New song release,163645,12027,260.0,16,-0.15361848158690194,7.508,music
VID-00876,2025-12-13 13:00:00,AU,Gaming,New game update,219477,15445,606.0,15,0.3730698243154989,7.313,gaming
VID-00877,2025-06-28 01:00:00,US,Entertainment,Entertainment highlights,825889,19000,2390.0,19,0.5042452083196903,2.59,entertainment
VID-00878,2025-09-03 13:00:00,CA,Music,Live performance,670906,61877,2531.0,3,0.7777536887982277,9.6,music
VID-00879,2025-08-25 07:00:00,CA,News & Politics,News analysis,51097,3886,138.0,11,0.1620874919077353,7.875,news_politics
VID-00880,2025-03-14 15:00:00,AU,Comedy,Funny moments,278754,7582,514.0,13,0.755845460133119,2.904,comedy
VID-00881,2025-10-18 09:00:00,IN,News & Politics,News analysis,324338,8165,984.0,13,-0.08452105887534375,2.821,news_politics
VID-00882,2025-03-05 19:00:00,CA,Music,Live performance,409999,13344,923.0,20,-0.34110312943039617,3.48,music
VID-00883,2025-08-19 16:00:00,CA,Entertainment,Amazing challenge,123778,8250,29.0,30,0.09510615126565886,6.689,entertainment
VID-00884,2025-08-10 04:00:00,AU,Science & Technology,Tech review,1287634,36442,4454.0,16,-0.12283030049252747,3.176,science_technology
VID-00885,2025-05-22 08:00:00,AU,Science & Technology,Tech review,993932,84181,2033.0,9,-0.2950547966219659,8.674,science_technology
VID-00886,2025-09-02 14:00:00,CA,News & Politics,Breaking news update,245122,22860,538.0,19,0.05585685954377058,9.545,news_politics
VID-00887,2025-10-20 10:00:00,CA,Science & Technology,Future technology,1546281,26628,1257.0,21,0.4328749193310556,1.803,science_technology
VID-00888,2025-03-26 08:00:00,AU,Music,New song release,74996,2439,192.0,17,0.02422674493346416,3.508,music
VID-00889,2025-01-29 03:00:00,AU,Entertainment,Behind the scenes,262262,19537,297.0,13,0.05812877931422111,7.563,entertainment
VID-00890,2025-07-09 03:00:00,IN,Sports,Game analysis,340038,16663,423.0,2,0.12851951819207325,5.025,sports
VID-00891,2025-08-07 08:00:00,IN,Howto & Style,Beginner guide,166268,12198,252.0,16,0.3714725724749707,7.488,howto_style
VID-00892,2025-06-08 21:00:00,US,Sports,Match highlights,162688,14381,81.0,28,0.6564408682066553,8.889,sports
VID-00893,2025-03-19 20:00:00,IN,Gaming,Gameplay walkthrough,92096,2319,216.0,25,0.12861338015383303,2.753,gaming
VID-00894,2025-11-09 12:00:00,GB,Comedy,Comedy sketch,282102,28031,489.0,27,0.3769758158633516,10.11,comedy
VID-00895,2025-01-30 23:00:00,GB,Howto & Style,How to make,209347,19139,446.0,26,0.313149701732637,9.355,howto_style
VID-00896,2025-12-18 18:00:00,CA,News & Politics,News analysis,438708,6765,1483.0,22,-0.279997963733387,1.88,news_politics
VID-00897,2025-12-02 00:00:00,AU,News & Politics,News analysis,307442,5290,942.0,9,-0.5140004366925388,2.027,news_politics
VID-00898,2025-03-28 21:00:00,US,Science & Technology,Tech review,108331,10329,105.0,2,-0.2306021901265327,9.632,science_technology
VID-00899,2025-08-13 03:00:00,AU,Entertainment,Entertainment highlights,57362,4828,100.0,8,0.6307135036745961,8.591,entertainment
VID-00900,2025-07-30 09:00:00,CA,Comedy,Try not to laugh,242926,6460,894.0,28,0.14437956028675664,3.027,comedy
VID-00901,2025-07-16 05:00:00,IN,Science & Technology,AI explained,425020,25045,593.0,19,0.11799213718308757,6.032,science_technology
VID-00902,2025-04-23 17:00:00,US,Gaming,Live gaming session,180290,11439,442.0,14,-0.168436324866175,6.59,gaming
VID-00903,2025-04-03 11:00:00,IN,Gaming,Live gaming session,288317,26308,458.0,15,-0.07110549338910982,9.284,gaming
VID-00904,2025-02-16 09:00:00,AU,Entertainment,Celebrity interview,786145,58274,2056.0,19,-0.2170887176177284,7.674,entertainment
VID-00905,2025-12-05 06:00:00,GB,News & Politics,News analysis,56497,3803,207.0,9,-0.33413284928892034,7.098,news_politics
VID-00906,2025-10-07 11:00:00,AU,Music,Live performance,192745,14268,568.0,25,0.8485245253810472,7.697,music
VID-00907,2025-08-29 11:00:00,AU,Music,Official music video,122599,7757,311.0,16,0.03681041239991306,6.581,music
VID-00908,2025-02-11 06:00:00,US,Gaming,Gameplay walkthrough,367883,32245,997.0,22,0.2509502983989148,9.036,gaming
VID-00909,2025-03-07 00:00:00,IN,Howto & Style,Easy tutorial,163504,6694,181.0,29,0.04419141405571206,4.205,howto_style
VID-00910,2025-11-09 14:00:00,CA,Entertainment,Entertainment highlights,2021250,71129,7609.0,17,0.26210457957252475,3.896,entertainment
VID-00911,2025-12-19 23:00:00,GB,Science & Technology,Tech review,448842,11497,623.0,22,-0.0863368427086792,2.7,science_technology
VID-00912,2025-10-14 16:00:00,GB,Entertainment,Celebrity interview,45717,2841,122.0,2,0.17642608138974375,6.481,entertainment
VID-00913,2025-02-15 07:00:00,IN,Sports,Championship moments,880438,31711,3356.0,8,0.3092582355580185,3.983,sports
VID-00914,2025-02-08 10:00:00,IN,News & Politics,News analysis,88081,6378,336.0,28,-0.1838396327176467,7.623,news_politics
VID-00915,2025-02-02 13:00:00,GB,Music,Official music video,748273,57400,2961.0,23,0.5085569757230233,8.067,music
VID-00916,2025-08-18 10:00:00,IN,Science & Technology,Future technology,44826,2029,171.0,1,0.7099169106058489,4.908,science_technology
VID-00917,2025-03-21 10:00:00,US,Entertainment,Celebrity interview,353860,21040,1143.0,16,0.01844814754975166,6.269,entertainment
VID-00918,2025-04-02 15:00:00,CA,Howto & Style,Beginner guide,100049,5411,252.0,12,0.5094310530933253,5.66,howto_style
VID-00919,2025-04-19 02:00:00,AU,Gaming,Live gaming session,54096,863,158.0,28,-0.4309616774734852,1.887,gaming
VID-00920,2025-04-07 12:00:00,GB,Comedy,Try not to laugh,2436428,168208,2517.0,27,0.7945835124147259,7.007,comedy
VID-00921,2025-03-02 23:00:00,CA,Howto & Style,How to make,176421,8410,473.0,22,0.18402094082785145,5.035,howto_style
VID-00922,2025-03-18 10:00:00,CA,Comedy,Best comedy clips,175008,7577,450.0,1,-0.08772969404123193,4.587,comedy
VID-00923,2025-02-19 14:00:00,AU,Music,Best songs compilation,368862,27764,356.0,27,-0.5020806984635835,7.623,music
VID-00924,2025-07-18 11:00:00,GB,Sports,Game analysis,64231,2031,179.0,14,0.1138009502295203,3.441,sports
VID-00925,2025-10-20 18:00:00,IN,Comedy,Try not to laugh,37483,3499,128.0,30,0.08101346554657535,9.676,comedy
VID-00926,2025-06-28 12:00:00,AU,Sports,Game analysis,472171,22634,1094.0,8,-0.004163015866838704,5.025,sports
VID-00927,2025-05-27 08:00:00,CA,Music,Live performance,519561,35108,251.0,28,-0.08087715084575192,6.806,music
VID-00928,2025-02-21 17:00:00,IN,Howto & Style,Beginner guide,274516,21183,204.0,25,0.5442864842453772,7.791,howto_style
VID-00929,2025-07-24 21:00:00,AU,Gaming,Live gaming session,398348,37551,930.0,7,-0.08065770737800737,9.66,gaming
VID-00930,2025-02-08 20:00:00,GB,Sports,Game analysis,67253,1209,261.0,16,0.46759140307953717,2.186,sports
VID-00931,2025-05-31 22:00:00,GB,Sports,Match highlights,91403,2684,250.0,29,-0.036806729622759826,3.21,sports
VID-00932,2025-02-09 01:00:00,AU,Science & Technology,Future technology,141808,4789,510.0,13,0.032233374161873996,3.737,science_technology
VID-00933,2025-07-01 09:00:00,US,Music,Live performance,1175446,37514,2879.0,2,0.6856690566647404,3.436,music
VID-00934,2025-07-08 00:00:00,AU,News & Politics,News analysis,518180,40893,1421.0,5,-0.06902062219978986,8.166,news_politics
VID-00935,2025-01-27 04:00:00,GB,Gaming,New game update,926781,35029,2489.0,1,0.6659007399119723,4.048,gaming
VID-00936,2025-08-31 12:00:00,GB,News & Politics,News analysis,829445,31053,1920.0,27,-0.6407367655723377,3.975,news_politics
VID-00937,2025-03-18 16:00:00,IN,Sports,Game analysis,168896,10520,509.0,3,0.15393173875363933,6.53,sports
VID-00938,2025-07-14 13:00:00,AU,News & Politics,Daily news briefing,329866,24165,1218.0,10,0.00833831172929559,7.695,news_politics
VID-00939,2025-11-02 08:00:00,GB,Science & Technology,AI explained,403282,27309,1400.0,29,-0.12734714204191322,7.119,science_technology
VID-00940,2025-09-17 00:00:00,IN,Howto & Style,Step by step tips,420106,30898,1593.0,7,-0.12875275572084854,7.734,howto_style
VID-00941,2025-06-21 21:00:00,GB,News & Politics,Daily news briefing,808989,58811,408.0,29,-0.15999703886744637,7.32,news_politics
VID-00942,2025-08-10 23:00:00,US,Gaming,Gameplay walkthrough,241151,6743,543.0,9,0.8154441503814125,3.021,gaming
VID-00943,2025-11-01 06:00:00,AU,Entertainment,Amazing challenge,158234,3236,461.0,7,0.7137972877305827,2.336,entertainment
VID-00944,2025-12-21 20:00:00,CA,Gaming,Gameplay walkthrough,227722,11897,312.0,7,0.33921016337641985,5.361,gaming
VID-00945,2025-04-14 05:00:00,IN,Howto & Style,Easy tutorial,160960,15878,310.0,23,-0.18693040123201093,10.057,howto_style
VID-00946,2025-08-05 20:00:00,GB,News & Politics,Breaking news update,534461,52198,930.0,20,-0.6337651847952427,9.94,news_politics
VID-00947,2025-05-27 09:00:00,AU,Entertainment,Behind the scenes,122059,6740,324.0,23,0.1595070319392647,5.787,entertainment
VID-00948,2025-01-21 08:00:00,CA,Music,Best songs compilation,2124128,197852,4843.0,16,0.10110008780420662,9.543,music
VID-00949,2025-09-17 16:00:00,GB,Science & Technology,AI explained,44879,3202,41.0,5,0.08673307665912856,7.226,science_technology
VID-00950,2025-04-20 04:00:00,AU,Gaming,New game update,398873,20428,125.0,3,0.06312517292506109,5.153,gaming
VID-00951,2025-01-17 22:00:00,GB,Entertainment,Amazing challenge,214145,9911,772.0,24,0.13505273848241062,4.989,entertainment
VID-00952,2025-04-24 15:00:00,US,Comedy,Best comedy clips,446814,43586,532.0,12,-0.09364055749943839,9.874,comedy
VID-00953,2025-04-14 07:00:00,GB,Sports,Championship moments,118175,8297,374.0,7,0.23193554807154718,7.337,sports
VID-00954,2025-02-13 19:00:00,US,Sports,Game analysis,204760,5334,428.0,5,0.06091356479933398,2.814,sports
VID-00955,2025-11-10 05:00:00,AU,Science & Technology,Future technology,1384995,86212,3809.0,15,0.5050529727666144,6.5,science_technology
VID-00956,2025-07-31 11:00:00,IN,Music,Official music video,147339,14026,505.0,17,0.2849311163296094,9.862,music
VID-00957,2025-08-11 14:00:00,US,Music,Live performance,74220,3497,219.0,2,0.2457949358761977,5.007,music
VID-00958,2025-09-14 06:00:00,GB,Howto & Style,Easy tutorial,667699,33879,2358.0,5,0.2853352263845209,5.427,howto_style
VID-00959,2025-02-02 19:00:00,CA,Gaming,Best gaming moments,434286,36624,279.0,30,0.7993079542616286,8.497,gaming
VID-00960,2025-12-07 02:00:00,CA,Science & Technology,New technology explained,190938,16783,321.0,1,0.38462191294573367,8.958,science_technology
VID-00961,2025-06-22 13:00:00,CA,Science & Technology,AI explained,299397,22559,971.0,7,0.23741284927337158,7.859,science_technology
VID-00962,2025-06-08 04:00:00,CA,Howto & Style,How to make,421602,14337,784.0,6,0.1658190581664381,3.587,howto_style
VID-00963,2025-02-19 16:00:00,US,Gaming,Gameplay walkthrough,271079,22880,899.0,19,0.16061495312364577,8.772,gaming
VID-00964,2025-02-12 13:00:00,GB,Comedy,Funny moments,600945,47217,239.0,27,0.9063377699054738,7.897,comedy
VID-00965,2025-11-20 17:00:00,US,Gaming,New game update,99841,7918,132.0,12,0.004489750957307248,8.063,gaming
VID-00966,2025-03-17 13:00:00,CA,Howto & Style,Beginner guide,300100,29222,501.0,3,0.6457489501006174,9.904,howto_style
VID-00967,2025-06-04 22:00:00,GB,News & Politics,News analysis,101062,4884,307.0,27,-0.48158136002205965,5.136,news_politics
VID-00968,2025-07-07 19:00:00,AU,Music,Live performance,64455,4520,251.0,10,0.3565204231155828,7.402,music
VID-00969,2025-11-26 15:00:00,IN,Sports,Championship moments,169650,4964,260.0,11,-0.05894243809227159,3.079,sports
VID-00970,2025-09-08 00:00:00,IN,Sports,Championship moments,2327813,206842,7552.0,19,-0.48166634425130217,9.21,sports
VID-00971,2025-01-14 15:00:00,GB,Sports,Game analysis,92403,2998,262.0,28,0.7683938801575739,3.528,sports
VID-00972,2025-05-22 09:00:00,AU,Comedy,Comedy sketch,1385793,22544,1010.0,8,0.6202568714153742,1.7,comedy
VID-00973,2025-04-12 02:00:00,AU,Comedy,Funny moments,455303,18521,170.0,28,0.40317106243236667,4.105,comedy
VID-00974,2025-12-06 10:00:00,US,Science & Technology,Future technology,312311,30057,765.0,10,0.28696370791446507,9.869,science_technology
VID-00975,2025-07-09 15:00:00,US,Music,Live performance,118278,5295,153.0,12,-0.003043031458506762,4.606,music
VID-00976,2025-03-23 18:00:00,IN,Sports,Top plays,32261,1860,42.0,13,0.47445435105106304,5.896,sports
VID-00977,2025-10-29 20:00:00,CA,Music,Official music video,89187,6152,144.0,11,0.29107207248726014,7.059,music
VID-00978,2025-06-10 00:00:00,US,Comedy,Funny moments,606364,36445,1038.0,12,0.31252236199672545,6.182,comedy
VID-00979,2025-01-20 00:00:00,US,Gaming,Gameplay walkthrough,142128,9845,111.0,18,0.22249861576770827,7.005,gaming
VID-00980,2025-04-10 14:00:00,AU,Sports,Match highlights,554528,32403,2080.0,30,-0.6190016911235898,6.218,sports
VID-00981,2025-01-12 21:00:00,CA,Comedy,Funny moments,296599,16506,303.0,8,0.011730953947112543,5.667,comedy
VID-00982,2025-08-16 23:00:00,GB,Science & Technology,New technology explained,217847,6435,228.0,12,0.06810584328195615,3.059,science_technology
VID-00983,2025-05-12 22:00:00,IN,Science & Technology,AI explained,706226,20551,733.0,3,0.39184857242019044,3.014,science_technology
VID-00984,2025-07-01 07:00:00,GB,Gaming,New game update,339963,5574,1183.0,9,-0.04424881136062034,1.988,gaming
VID-00985,2025-11-11 23:00:00,GB,News & Politics,Breaking news update,142280,8010,369.0,5,-0.09069961535823348,5.889,news_politics
VID-00986,2025-02-03 16:00:00,IN,Entertainment,Amazing challenge,968133,65185,3284.0,16,0.4144216822570209,7.072,entertainment
VID-00987,2025-09-17 14:00:00,IN,Entertainment,Amazing challenge,1030125,94535,692.0,27,0.009195828680575058,9.244,entertainment
VID-00988,2025-09-10 18:00:00,GB,Comedy,Try not to laugh,464343,25511,528.0,28,0.2776288334961242,5.608,comedy
VID-00989,2025-04-15 12:00:00,AU,Science & Technology,Future technology,122856,11582,115.0,12,-0.3241244787533097,9.521,science_technology
VID-00990,2025-04-01 13:00:00,IN,Sports,Championship moments,435042,17212,564.0,22,0.29721400493145667,4.086,sports
VID-00991,2025-10-05 01:00:00,CA,News & Politics,Daily news briefing,635983,19786,1253.0,29,0.1814281769715354,3.308,news_politics
VID-00992,2025-12-30 06:00:00,US,Sports,Championship moments,485814,11892,1610.0,21,0.36910242862095743,2.779,sports
VID-00993,2025-08-02 20:00:00,GB,Comedy,Funny moments,290077,24379,760.0,12,0.9689193316506906,8.666,comedy
VID-00994,2025-04-23 01:00:00,GB,Science & Technology,AI explained,533020,46258,747.0,10,0.3076589250666522,8.819,science_technology
VID-00995,2025-04-14 07:00:00,US,Gaming,Best gaming moments,91610,6784,322.0,8,-0.07421714273872493,7.757,gaming
VID-00996,2025-05-20 14:00:00,CA,Comedy,Try not to laugh,61479,6022,54.0,23,0.56253889719098,9.883,comedy
VID-00997,2025-10-05 04:00:00,US,Music,Best songs compilation,329623,20834,331.0,6,0.3353646133717716,6.421,music
VID-00998,2025-07-28 13:00:00,US,Sports,Championship moments,119054,8520,274.0,19,0.038256780071082075,7.387,sports
VID-00999,2025-12-11 09:00:00,CA,Howto & Style,Easy tutorial,213582,20901,638.0,12,0.5541511748857033,10.085,howto_style
VID-01000,2025-11-02 19:00:00,US,Entertainment,Behind the scenes,272154,17056,866.0,9,0.42672096692058586,6.585,entertainment
VID-01001,2025-02-20 06:00:00,US,Comedy,Funny moments,762640,19008,420.0,15,0.3235843785525302,2.547,comedy
VID-01002,2025-02-13 19:00:00,US,Science & Technology,AI explained,245194,24022,312.0,14,-0.07462592561766107,9.924,science_technology
VID-01003,2025-05-02 18:00:00,IN,Entertainment,Entertainment highlights,180928,3173,246.0,9,0.8276999189651935,1.89,entertainment
VID-01004,2025-09-23 16:00:00,CA,Howto & Style,Beginner guide,299909,15423,1133.0,24,0.07579462786480581,5.52,howto_style
VID-01005,2025-06-04 00:00:00,US,Gaming,Live gaming session,299011,22146,802.0,25,0.1407997072186687,7.675,gaming
VID-01006,2025-11-17 07:00:00,GB,Sports,Match highlights,449038,14182,1670.0,26,0.08628479505969411,3.53,sports
VID-01007,2025-11-20 12:00:00,IN,Comedy,Comedy sketch,120924,11546,150.0,1,-0.2849394571950921,9.672,comedy
VID-01008,2025-02-09 22:00:00,GB,Music,Official music video,329207,7479,746.0,1,-0.09363276729436065,2.498,music
VID-01009,2025-02-23 00:00:00,CA,Comedy,Best comedy clips,142907,9185,541.0,1,0.517911176438059,6.806,comedy
VID-01010,2025-05-26 10:00:00,IN,News & Politics,Important world update,191031,5601,320.0,29,0.31164745043547964,3.099,news_politics
VID-01011,2025-09-20 02:00:00,US,Entertainment,Amazing challenge,592989,17958,1783.0,28,-0.010937678149788022,3.329,entertainment
VID-01012,2025-04-01 03:00:00,AU,News & Politics,Important world update,218743,12488,414.0,13,-0.24697881214603368,5.898,news_politics
VID-01013,2025-10-02 22:00:00,GB,Entertainment,Amazing challenge,780564,64415,634.0,2,0.18521611341777058,8.334,entertainment
VID-01014,2025-10-26 06:00:00,GB,Howto & Style,Step by step tips,1104024,19905,1360.0,26,0.23307391015786114,1.926,howto_style
VID-01015,2025-07-05 07:00:00,CA,Science & Technology,Tech review,800031,79901,2351.0,21,0.0011038212487344268,10.281,science_technology
VID-01016,2025-06-04 19:00:00,GB,Sports,Championship moments,586517,28124,870.0,15,0.6612628081927852,4.943,sports
VID-01017,2025-05-05 22:00:00,CA,Science & Technology,Tech review,70827,5073,127.0,20,-0.1554129528204225,7.342,science_technology
VID-01018,2025-09-03 02:00:00,US,Comedy,Comedy sketch,178154,4974,688.0,14,0.32988259738265446,3.178,comedy
VID-01019,2025-02-18 23:00:00,IN,Sports,Match highlights,401200,36162,1556.0,11,0.10504540255932457,9.401,sports
VID-01020,2025-01-16 13:00:00,US,Gaming,Gameplay walkthrough,476907,42144,99.0,9,0.6929226198501177,8.858,gaming
VID-01021,2025-02-26 17:00:00,US,Entertainment,Amazing challenge,41444,2066,158.0,25,0.7542995018391632,5.366,entertainment
VID-01022,2025-08-17 15:00:00,US,Entertainment,Celebrity interview,165869,6082,53.0,26,0.17467629633507395,3.699,entertainment
VID-01023,2025-12-12 07:00:00,CA,Science & Technology,New technology explained,2470775,88462,2806.0,10,-0.02506343757042115,3.694,science_technology
VID-01024,2025-07-20 05:00:00,IN,Science & Technology,Future technology,98444,8459,219.0,29,0.444767043168883,8.815,science_technology
VID-01025,2025-09-21 15:00:00,US,Gaming,Best gaming moments,414154,16467,1542.0,19,-0.15805164052166992,4.348,gaming
VID-01026,2025-05-24 22:00:00,CA,Sports,Match highlights,580724,50086,1087.0,4,-0.2619859938431919,8.812,sports
VID-01027,2025-12-22 23:00:00,AU,Entertainment,Entertainment highlights,318778,16879,919.0,9,0.23502483876950192,5.583,entertainment
VID-01028,2025-02-19 04:00:00,IN,Sports,Game analysis,65746,5208,79.0,28,0.2874532316454934,8.042,sports
VID-01029,2025-05-28 19:00:00,IN,Science & Technology,AI explained,22323,496,35.0,2,-0.3539066111007518,2.379,science_technology
VID-01030,2025-09-02 15:00:00,GB,Science & Technology,Future technology,1073330,68431,1688.0,17,0.2902885988920234,6.533,science_technology
VID-01031,2025-01-30 01:00:00,GB,Entertainment,Celebrity interview,329485,9543,1128.0,4,0.5726114824504958,3.239,entertainment
VID-01032,2025-09-11 22:00:00,GB,Sports,Match highlights,530732,30868,2053.0,12,0.3997696682357348,6.203,sports
VID-01033,2025-10-03 22:00:00,CA,Gaming,Gameplay walkthrough,642886,47385,1008.0,21,0.1665345754229461,7.527,gaming
VID-01034,2025-09-25 11:00:00,AU,Entertainment,Behind the scenes,103497,1833,339.0,13,0.6219997914106197,2.099,entertainment
VID-01035,2025-05-12 23:00:00,AU,Howto & Style,Step by step tips,421174,28354,573.0,30,0.4982291213688895,6.868,howto_style
VID-01036,2025-03-29 03:00:00,CA,Howto & Style,Step by step tips,626809,36710,760.0,2,0.08706935699130205,5.978,howto_style
VID-01037,2025-09-09 18:00:00,AU,Comedy,Funny moments,217938,20404,626.0,3,0.8541957208699128,9.65,comedy
VID-01038,2025-02-23 16:00:00,IN,Gaming,New game update,605048,45306,862.0,21,0.2166360161459563,7.63,gaming
VID-01039,2025-10-18 04:00:00,CA,Gaming,Gameplay walkthrough,219488,17657,115.0,18,0.12151416674980989,8.097,gaming
VID-01040,2025-01-23 07:00:00,CA,Entertainment,Behind the scenes,1671423,32226,3966.0,26,0.4361772631176356,2.165,entertainment
VID-01041,2025-09-27 00:00:00,AU,Entertainment,Behind the scenes,186545,17055,569.0,30,0.9820650599224768,9.448,entertainment
VID-01042,2025-08-16 01:00:00,US,Entertainment,Amazing challenge,69046,4749,142.0,7,0.05151541628352169,7.084,entertainment
VID-01043,2025-03-15 02:00:00,GB,Music,Best songs compilation,148608,10828,162.0,12,-0.12042332702664504,7.395,music
VID-01044,2025-11-16 22:00:00,AU,Comedy,Try not to laugh,180067,9712,636.0,21,0.27057586376048004,5.747,comedy
VID-01045,2025-05-24 16:00:00,GB,Entertainment,Celebrity interview,294824,25567,596.0,7,0.13976556230339185,8.874,entertainment
VID-01046,2025-02-14 22:00:00,GB,Entertainment,Celebrity interview,166381,8847,182.0,29,-0.010310508515777972,5.427,entertainment
VID-01047,2025-01-21 04:00:00,CA,Comedy,Try not to laugh,103558,5123,370.0,30,-0.04212554757288023,5.304,comedy
VID-01048,2025-09-15 09:00:00,GB,Science & Technology,New technology explained,177516,15741,169.0,23,0.5563629210797584,8.963,science_technology
VID-01049,2025-08-03 12:00:00,IN,Comedy,Try not to laugh,125086,10467,204.0,21,0.12060748484164774,8.531,comedy
VID-01050,2025-06-14 23:00:00,IN,Music,Best songs compilation,104960,3989,303.0,7,0.47189787985234544,4.089,music
VID-01051,2025-02-19 00:00:00,AU,Music,Official music video,78631,4228,17.0,24,0.4592689626173381,5.399,music
VID-01052,2025-05-11 18:00:00,AU,Science & Technology,New technology explained,276547,15096,1094.0,7,-0.26698735118173655,5.854,science_technology
VID-01053,2025-04-13 16:00:00,IN,Music,New song release,318026,18951,833.0,27,0.005943099639575733,6.221,music
VID-01054,2025-12-23 17:00:00,AU,Howto & Style,Step by step tips,416769,14404,1201.0,1,0.056068755051571384,3.744,howto_style
VID-01055,2025-08-18 12:00:00,US,Gaming,Gameplay walkthrough,261949,17114,1023.0,12,0.3795636129650697,6.924,gaming
VID-01056,2025-02-19 02:00:00,GB,Music,Live performance,327899,18590,114.0,24,0.7056738581607279,5.704,music
VID-01057,2025-01-07 13:00:00,GB,Howto & Style,Beginner guide,159586,8288,585.0,5,0.5520297720123583,5.56,howto_style
VID-01058,2025-09-23 04:00:00,GB,Entertainment,Behind the scenes,358066,35049,714.0,30,0.5683397845431549,9.988,entertainment
VID-01059,2025-12-10 21:00:00,IN,Science & Technology,AI explained,1107003,95173,2366.0,16,0.2877793482632042,8.811,science_technology
VID-01060,2025-02-07 17:00:00,AU,News & Politics,Breaking news update,57519,3085,50.0,16,0.11016638900049548,5.45,news_politics
VID-01061,2025-10-03 16:00:00,GB,Entertainment,Entertainment highlights,440945,43476,1031.0,17,0.5432351496970411,10.094,entertainment
VID-01062,2025-08-08 00:00:00,GB,Howto & Style,Step by step tips,179057,8459,579.0,20,0.0012168495919146205,5.048,howto_style
VID-01063,2025-05-15 05:00:00,CA,Gaming,Gameplay walkthrough,922734,83518,1396.0,12,0.20695078479454457,9.202,gaming
VID-01064,2025-07-28 22:00:00,IN,Comedy,Try not to laugh,490095,32564,264.0,11,0.0831839271314061,6.698,comedy
VID-01065,2025-08-03 11:00:00,US,News & Politics,Important world update,1238893,113431,3726.0,30,-0.06712793547521481,9.457,news_politics
VID-01066,2025-04-03 16:00:00,IN,Music,New song release,337397,25954,221.0,13,0.4848786891401373,7.758,music
VID-01067,2025-03-12 07:00:00,US,Howto & Style,Step by step tips,280748,26327,338.0,18,0.15129087292481802,9.498,howto_style
VID-01068,2025-10-03 01:00:00,IN,Sports,Match highlights,272483,18711,718.0,2,-0.43268961552011054,7.13,sports
VID-01069,2025-03-14 18:00:00,IN,Howto & Style,Easy tutorial,51953,3675,87.0,13,0.6767627580211676,7.241,howto_style
VID-01070,2025-02-28 05:00:00,IN,Howto & Style,Step by step tips,99904,2882,148.0,14,0.17172938437064678,3.033,howto_style
VID-01071,2025-09-01 08:00:00,US,Music,Best songs compilation,235344,6506,318.0,29,0.2454808277008556,2.9,music
VID-01072,2025-06-02 03:00:00,CA,Entertainment,Entertainment highlights,27383,1641,78.0,14,0.418867392992036,6.278,entertainment
VID-01073,2025-07-11 20:00:00,CA,Gaming,Best gaming moments,66667,3385,167.0,11,0.3580762600549269,5.328,gaming
VID-01074,2025-08-27 12:00:00,CA,Comedy,Comedy sketch,317361,18776,75.0,28,0.09566737271431919,5.94,comedy
VID-01075,2025-12-02 17:00:00,GB,Howto & Style,Easy tutorial,23494,1357,37.0,12,0.8621374717998675,5.933,howto_style
VID-01076,2025-10-17 22:00:00,CA,Sports,Game analysis,82174,6163,174.0,21,-0.14307787200836755,7.712,sports
VID-01077,2025-03-10 18:00:00,US,Howto & Style,Easy tutorial,89882,5976,20.0,21,-0.004307959947085327,6.671,howto_style
VID-01078,2025-09-07 05:00:00,GB,Comedy,Funny moments,322472,20211,650.0,14,0.4339802139581702,6.469,comedy
VID-01079,2025-02-10 16:00:00,US,Sports,Game analysis,152267,7649,179.0,15,-0.08854526056511286,5.141,sports
VID-01080,2025-08-20 01:00:00,IN,Howto & Style,Easy tutorial,786093,25764,3011.0,6,0.08633626507182748,3.661,howto_style
VID-01081,2025-01-26 15:00:00,US,Howto & Style,How to make,471083,23634,584.0,1,0.3515075909406376,5.141,howto_style
VID-01082,2025-06-29 15:00:00,US,Music,Official music video,423785,41613,1352.0,16,0.43198628850654763,10.138,music
VID-01083,2025-07-28 03:00:00,GB,Comedy,Comedy sketch,201714,5288,549.0,10,0.9034942461380631,2.894,comedy
VID-01084,2025-09-23 08:00:00,AU,Comedy,Comedy sketch,338545,20613,1293.0,8,0.3320786826713501,6.471,comedy
VID-01085,2025-02-28 12:00:00,CA,News & Politics,Breaking news update,102081,6688,251.0,4,0.18317861148681674,6.798,news_politics
VID-01086,2025-11-28 07:00:00,IN,Entertainment,Celebrity interview,464069,18281,996.0,29,0.5983574544150123,4.154,entertainment
VID-01087,2025-09-05 12:00:00,CA,News & Politics,Important world update,104611,1989,293.0,28,0.12609152101974908,2.181,news_politics
VID-01088,2025-12-26 20:00:00,CA,Gaming,Live gaming session,180003,3403,719.0,10,-0.21034819364005353,2.29,gaming
VID-01089,2025-04-22 14:00:00,GB,Gaming,New game update,394620,35332,979.0,13,0.5755328138522973,9.202,gaming
VID-01090,2025-04-03 14:00:00,IN,Gaming,Best gaming moments,183324,12505,304.0,4,0.031260150641790385,6.987,gaming
VID-01091,2025-12-27 14:00:00,US,News & Politics,Important world update,321182,27799,1260.0,6,0.29777111385253463,9.048,news_politics
VID-01092,2025-11-14 06:00:00,CA,Gaming,Best gaming moments,122903,7758,167.0,20,-0.1091451068946076,6.448,gaming
VID-01093,2025-11-02 01:00:00,CA,Science & Technology,Future technology,436381,24717,449.0,22,-0.009234631474954597,5.767,science_technology
VID-01094,2025-05-26 06:00:00,GB,Sports,Match highlights,162301,5821,611.0,21,-0.10692029641500064,3.963,sports
VID-01095,2025-07-10 01:00:00,IN,Music,Best songs compilation,564360,45703,1246.0,13,0.4490935559228547,8.319,music
VID-01096,2025-11-25 10:00:00,US,Gaming,Gameplay walkthrough,311419,23390,223.0,12,0.17143390925427698,7.582,gaming
VID-01097,2025-10-22 17:00:00,US,Science & Technology,New technology explained,606716,23765,2361.0,20,0.42407723948319376,4.306,science_technology
VID-01098,2025-04-28 19:00:00,GB,News & Politics,Daily news briefing,114792,10474,38.0,18,-0.3375540512243575,9.157,news_politics
VID-01099,2025-11-27 02:00:00,AU,Sports,Championship moments,398781,7417,752.0,16,0.17657044592624363,2.048,sports
VID-01100,2025-11-10 09:00:00,IN,Howto & Style,Easy tutorial,275465,10483,358.0,2,0.41670340988633653,3.936,howto_style
VID-01101,2025-01-01 18:00:00,CA,Entertainment,Amazing challenge,170148,10596,236.0,14,0.23007875210902923,6.366,entertainment
VID-01102,2025-05-25 13:00:00,CA,Music,Official music video,280592,26731,701.0,21,0.4475435901979073,9.776,music
VID-01103,2025-09-25 09:00:00,AU,Sports,Match highlights,570738,55207,317.0,26,0.2076644970819832,9.728,sports
VID-01104,2025-05-28 10:00:00,US,Sports,Top plays,1198494,27236,2070.0,4,0.23964430283921445,2.445,sports
VID-01105,2025-10-20 03:00:00,GB,Howto & Style,Step by step tips,25068,1348,39.0,22,0.319447654391831,5.533,howto_style
VID-01106,2025-02-04 09:00:00,US,Music,Official music video,1720520,120009,2389.0,10,0.5607862624142044,7.114,music
VID-01107,2025-10-23 22:00:00,US,Gaming,Best gaming moments,89154,2716,178.0,25,0.6381361338826623,3.246,gaming
VID-01108,2025-07-09 01:00:00,IN,News & Politics,Daily news briefing,1213795,65882,4761.0,16,0.4881276116999738,5.82,news_politics
VID-01109,2025-05-12 00:00:00,AU,Howto & Style,Beginner guide,208821,9484,757.0,21,-0.3522232317856252,4.904,howto_style
VID-01110,2025-11-07 07:00:00,GB,Music,Best songs compilation,192368,6167,131.0,7,0.42886372539881645,3.274,music
VID-01111,2025-10-10 22:00:00,US,News & Politics,News analysis,591837,29015,1201.0,24,-0.3138272638626108,5.105,news_politics
VID-01112,2025-02-02 00:00:00,AU,Music,Official music video,957672,25870,3605.0,27,0.19572271042780287,3.078,music
VID-01113,2025-02-23 05:00:00,AU,Gaming,Gameplay walkthrough,508850,35221,1995.0,25,0.771910190269969,7.314,gaming
VID-01114,2025-07-20 21:00:00,AU,Comedy,Best comedy clips,1085750,60080,306.0,14,0.379530916930656,5.562,comedy
VID-01115,2025-07-27 02:00:00,IN,Comedy,Best comedy clips,290216,7578,185.0,4,0.2647263039764073,2.675,comedy
VID-01116,2025-04-04 12:00:00,CA,News & Politics,Important world update,241814,23437,395.0,23,0.38693583472948206,9.856,news_politics
VID-01117,2025-03-24 22:00:00,CA,Gaming,Live gaming session,240157,7343,910.0,4,0.44465725347720475,3.437,gaming
VID-01118,2025-01-09 19:00:00,IN,Music,Best songs compilation,527079,41000,1784.0,7,0.2902144605253984,8.117,music
VID-01119,2025-11-12 01:00:00,CA,News & Politics,Breaking news update,56578,3089,25.0,16,-0.27143248240468104,5.504,news_politics
VID-01120,2025-06-02 23:00:00,AU,Howto & Style,How to make,649446,17636,2257.0,29,0.09364606827963845,3.063,howto_style
VID-01121,2025-08-21 07:00:00,US,Howto & Style,How to make,133945,4350,393.0,30,0.7467323923768459,3.541,howto_style
VID-01122,2025-02-13 11:00:00,GB,Science & Technology,Future technology,508152,45885,1478.0,8,0.13948178097816138,9.321,science_technology
VID-01123,2025-03-30 17:00:00,IN,Gaming,Gameplay walkthrough,57497,5320,177.0,23,0.03257984078101667,9.56,gaming
VID-01124,2025-04-14 19:00:00,GB,Howto & Style,Easy tutorial,175925,13150,346.0,12,0.04438121760202371,7.671,howto_style
VID-01125,2025-09-05 10:00:00,IN,Sports,Top plays,248377,20279,803.0,19,-0.3756713927105042,8.488,sports
VID-01126,2025-01-01 08:00:00,IN,Comedy,Best comedy clips,165489,12356,363.0,23,0.6370701210645333,7.686,comedy
VID-01127,2025-01-02 16:00:00,CA,News & Politics,Breaking news update,379632,36433,1370.0,29,-0.059787629676936786,9.958,news_politics
VID-01128,2025-05-28 02:00:00,CA,Music,New song release,404883,30158,418.0,13,0.6030925484940421,7.552,music
VID-01129,2025-01-17 20:00:00,AU,Music,Official music video,111733,9390,99.0,9,0.4946287150180058,8.493,music
VID-01130,2025-08-23 08:00:00,IN,Gaming,Gameplay walkthrough,1017758,68298,2181.0,4,-0.6620864278083445,6.925,gaming
VID-01131,2025-05-31 07:00:00,CA,Entertainment,Behind the scenes,294659,9047,1078.0,15,0.2613823500014416,3.436,entertainment
VID-01132,2025-12-25 08:00:00,CA,Science & Technology,AI explained,276450,10046,491.0,12,-0.16505019850587516,3.812,science_technology
VID-01133,2025-02-17 19:00:00,GB,Howto & Style,How to make,418998,7590,1537.0,22,0.6964500310224404,2.178,howto_style
VID-01134,2025-01-16 16:00:00,GB,Entertainment,Celebrity interview,115520,11362,127.0,26,0.4139524962025909,9.945,entertainment
VID-01135,2025-02-13 12:00:00,CA,Gaming,Best gaming moments,876043,84337,2733.0,5,-0.21994598506978197,9.939,gaming
VID-01136,2025-05-03 10:00:00,CA,Sports,Championship moments,1233355,19647,4544.0,3,0.2189703002828836,1.961,sports
VID-01137,2025-05-24 14:00:00,AU,Entertainment,Amazing challenge,1696607,156034,5711.0,5,0.4316524189779549,9.533,entertainment
VID-01138,2025-12-30 11:00:00,IN,Music,New song release,1234875,66865,2232.0,7,0.608421282834123,5.595,music
VID-01139,2025-04-24 07:00:00,IN,Entertainment,Celebrity interview,1067552,24409,1220.0,4,0.6505169302207843,2.401,entertainment
VID-01140,2025-08-25 06:00:00,CA,Howto & Style,How to make,732689,38254,2385.0,11,-0.3500192112681443,5.547,howto_style
VID-01141,2025-07-28 13:00:00,IN,Howto & Style,How to make,438043,11536,1607.0,21,0.06183108851622596,3.0,howto_style
VID-01142,2025-10-04 05:00:00,CA,Howto & Style,Step by step tips,177114,8879,165.0,26,-0.03261223054917911,5.106,howto_style
VID-01143,2025-09-20 23:00:00,AU,Sports,Top plays,788526,58649,1637.0,2,0.49888043007200145,7.645,sports
VID-01144,2025-01-23 08:00:00,GB,Howto & Style,Beginner guide,136705,7913,121.0,1,0.7180311433182922,5.877,howto_style
VID-01145,2025-10-12 17:00:00,US,Science & Technology,Tech review,62857,6160,,14,0.21381299816426405,9.833,science_technology
VID-01146,2025-09-18 15:00:00,IN,Science & Technology,Tech review,55655,4905,15.0,22,0.34044006137913196,8.84,science_technology
VID-01147,2025-10-17 16:00:00,GB,Entertainment,Amazing challenge,1854166,28897,2560.0,11,0.05409648072769807,1.697,entertainment
VID-01148,2025-07-21 09:00:00,IN,Music,Live performance,908914,79374,1429.0,2,0.6346106210718452,8.89,music
VID-01149,2025-06-04 21:00:00,GB,Entertainment,Amazing challenge,153081,2354,586.0,18,0.6154089964123138,1.921,entertainment
VID-01150,2025-02-25 01:00:00,AU,News & Politics,News analysis,237518,17399,400.0,1,-0.003483872461955917,7.494,news_politics
VID-01151,2025-04-29 03:00:00,US,Howto & Style,Beginner guide,810399,14139,684.0,6,-0.039567994470030066,1.829,howto_style
VID-01152,2025-08-25 10:00:00,US,Music,Best songs compilation,871792,67934,523.0,17,0.5168473292028076,7.852,music
VID-01153,2025-06-19 23:00:00,AU,Music,Live performance,621011,60099,428.0,6,0.12106131626684052,9.747,music
VID-01154,2025-01-22 17:00:00,CA,News & Politics,Daily news briefing,672097,18163,1863.0,19,0.04858194961806106,2.98,news_politics
VID-01155,2025-08-11 02:00:00,AU,Sports,Championship moments,68607,2744,80.0,11,-0.2382937218337474,4.116,sports
VID-01156,2025-01-14 05:00:00,IN,News & Politics,Breaking news update,1470481,74722,3775.0,24,-0.47092076553828294,5.338,news_politics
VID-01157,2025-03-20 22:00:00,IN,Howto & Style,Easy tutorial,71256,1338,85.0,7,0.5141227837254677,1.997,howto_style
VID-01158,2025-07-01 13:00:00,CA,Gaming,Gameplay walkthrough,538700,41443,1234.0,12,0.5535984321362196,7.922,gaming
VID-01159,2025-03-29 04:00:00,GB,Entertainment,Entertainment highlights,594058,11937,1256.0,7,0.6348607994425047,2.221,entertainment
VID-01160,2025-05-12 02:00:00,AU,Howto & Style,Step by step tips,1018158,70770,2880.0,5,0.33162448718722165,7.234,howto_style
VID-01161,2025-07-13 11:00:00,US,Science & Technology,New technology explained,275933,7935,210.0,30,-0.002783027554157824,2.952,science_technology
VID-01162,2025-11-29 06:00:00,GB,News & Politics,Daily news briefing,1016143,33900,2624.0,9,-0.27482803506041104,3.594,news_politics
VID-01163,2025-02-27 23:00:00,CA,Gaming,Live gaming session,1159292,63282,3567.0,7,0.989931842108186,5.766,gaming
VID-01164,2025-01-22 05:00:00,AU,Sports,Championship moments,329410,27235,692.0,20,-0.1688434402151525,8.478,sports
VID-01165,2025-02-01 20:00:00,GB,News & Politics,Important world update,318622,30544,206.0,23,-0.23938421521955683,9.651,news_politics
VID-01166,2025-07-06 16:00:00,GB,Howto & Style,Beginner guide,187802,11225,731.0,29,-0.42026286514231637,6.366,howto_style
VID-01167,2025-12-11 00:00:00,AU,Science & Technology,Tech review,165333,8034,84.0,14,0.4462157233451799,4.91,science_technology
VID-01168,2025-10-29 09:00:00,CA,Music,Official music video,200326,16218,675.0,3,0.4608533442386519,8.433,music
VID-01169,2025-07-17 14:00:00,IN,Entertainment,Behind the scenes,200265,9989,552.0,14,0.927072408228705,5.264,entertainment
VID-01170,2025-07-03 08:00:00,GB,News & Politics,Important world update,250987,12451,666.0,30,-0.1555285765029275,5.226,news_politics
VID-01171,2025-01-02 04:00:00,CA,Comedy,Try not to laugh,109637,9839,279.0,2,0.5924780187024348,9.229,comedy
VID-01172,2025-09-10 05:00:00,AU,Comedy,Funny moments,239101,4713,909.0,27,0.7123005059309244,2.351,comedy
VID-01173,2025-01-14 16:00:00,GB,Comedy,Funny moments,301785,28129,60.0,24,0.2154406258328668,9.341,comedy
VID-01174,2025-11-16 09:00:00,IN,News & Politics,News analysis,417014,19898,1635.0,4,-0.24774184045072672,5.164,news_politics
VID-01175,2025-07-20 12:00:00,CA,Entertainment,Entertainment highlights,226015,9568,456.0,4,0.6692352181482426,4.435,entertainment
VID-01176,2025-09-19 20:00:00,CA,Science & Technology,Future technology,215185,12490,848.0,20,0.5283856718339512,6.198,science_technology
VID-01177,2025-08-19 06:00:00,CA,Science & Technology,Future technology,2480581,226189,971.0,10,0.6178950940467092,9.158,science_technology
VID-01178,2025-06-19 02:00:00,GB,Howto & Style,Easy tutorial,447758,28870,1100.0,22,0.3635746545598807,6.693,howto_style
VID-01179,2025-12-17 10:00:00,GB,Music,Best songs compilation,274795,14338,580.0,23,0.17824719544315631,5.429,music
VID-01180,2025-02-25 03:00:00,GB,Sports,Championship moments,207536,3273,275.0,25,0.4774696490304198,1.71,sports
VID-01181,2025-08-20 09:00:00,IN,News & Politics,News analysis,455004,20768,376.0,26,-0.024311314736605423,4.647,news_politics
VID-01182,2025-10-21 21:00:00,IN,News & Politics,Important world update,123599,12214,433.0,7,-0.1303738881150045,10.232,news_politics
VID-01183,2025-06-22 13:00:00,IN,Science & Technology,Tech review,765978,64715,1064.0,28,1.0,8.588,science_technology
VID-01184,2025-01-23 18:00:00,IN,Gaming,Gameplay walkthrough,717775,53354,543.0,6,0.19973215472157455,7.509,gaming
VID-01185,2025-08-27 12:00:00,IN,Howto & Style,Step by step tips,119471,7914,73.0,30,-0.2364917615472545,6.685,howto_style
VID-01186,2025-06-16 02:00:00,AU,Music,Live performance,496736,35353,1468.0,16,0.3190929871575724,7.413,music
VID-01187,2025-04-26 08:00:00,IN,Science & Technology,Tech review,75921,2922,65.0,30,-0.18591876393117585,3.934,science_technology
VID-01188,2025-10-18 04:00:00,GB,Sports,Top plays,148596,12232,92.0,16,0.018204800556176542,8.294,sports
VID-01189,2025-11-22 03:00:00,CA,Howto & Style,Easy tutorial,252320,13538,697.0,26,0.36181065480701813,5.642,howto_style
VID-01190,2025-01-05 16:00:00,US,Science & Technology,New technology explained,862065,40077,291.0,25,0.13466971312500936,4.683,science_technology
VID-01191,2025-12-10 23:00:00,IN,Gaming,Live gaming session,248348,22382,119.0,22,0.0922738871906439,9.06,gaming
VID-01192,2025-04-23 10:00:00,GB,Howto & Style,Easy tutorial,1074411,87708,3433.0,27,0.07607551196950565,8.483,howto_style
VID-01193,2025-04-07 21:00:00,CA,Howto & Style,How to make,407213,21736,1447.0,18,0.18505207993348377,5.693,howto_style
VID-01194,2025-01-23 03:00:00,US,News & Politics,Breaking news update,2250396,98065,7797.0,3,0.12464364256812045,4.704,news_politics
VID-01195,2025-10-30 22:00:00,CA,Howto & Style,Easy tutorial,777489,27641,208.0,24,0.47934366162905595,3.582,howto_style
VID-01196,2025-11-18 15:00:00,IN,Science & Technology,AI explained,419960,21855,1234.0,15,0.35740687263241233,5.498,science_technology
VID-01197,2025-10-26 03:00:00,IN,News & Politics,Daily news briefing,1061938,102904,273.0,25,-0.6521569379135884,9.716,news_politics
VID-01198,2025-07-02 01:00:00,CA,Music,Official music video,642101,20229,2344.0,18,0.42678462808511364,3.515,music
VID-01199,2025-09-10 12:00:00,AU,Sports,Match highlights,86509,4572,40.0,28,-0.08900604676736759,5.331,sports
VID-01200,2025-08-23 23:00:00,AU,Comedy,Try not to laugh,931717,29414,3599.0,9,0.9561629165711536,3.543,comedy
VID-01201,2025-05-11 16:00:00,CA,Science & Technology,Future technology,2468232,60471,9790.0,2,0.34565474313151223,2.847,science_technology
VID-01202,2025-10-21 11:00:00,IN,Entertainment,Celebrity interview,129724,11542,334.0,1,0.40049321925516884,9.155,entertainment
VID-01203,2025-04-06 02:00:00,GB,Entertainment,Behind the scenes,219335,11206,307.0,8,0.21175128106575708,5.249,entertainment
VID-01204,2025-07-05 21:00:00,GB,Science & Technology,AI explained,237372,10726,833.0,27,0.5343792890832998,4.87,science_technology
VID-01205,2025-08-13 16:00:00,AU,Comedy,Comedy sketch,540796,13295,1031.0,13,0.19791365809731276,2.649,comedy
VID-01206,2025-01-27 22:00:00,IN,Gaming,Gameplay walkthrough,191791,5648,765.0,22,0.790624096839464,3.344,gaming
VID-01207,2025-12-04 09:00:00,AU,Gaming,New game update,392090,13190,649.0,9,0.14288614266917257,3.53,gaming
VID-01208,2025-07-21 01:00:00,AU,News & Politics,Important world update,217658,5184,552.0,27,0.0522579778048468,2.635,news_politics
VID-01209,2025-09-26 21:00:00,AU,Comedy,Funny moments,311009,25980,975.0,28,0.25796764004651,8.667,comedy
VID-01210,2025-10-10 13:00:00,GB,Comedy,Comedy sketch,130238,11824,198.0,28,0.5811929549371094,9.231,comedy
VID-01211,2025-10-08 20:00:00,GB,Comedy,Funny moments,408260,32195,690.0,12,0.01634343116366066,8.055,comedy
VID-01212,2025-01-22 02:00:00,GB,Entertainment,Behind the scenes,248985,13033,394.0,28,0.9612896392761562,5.393,entertainment
VID-01213,2025-05-07 21:00:00,AU,Music,Best songs compilation,316542,28769,1167.0,25,0.5597132188155032,9.457,music
VID-01214,2025-02-25 03:00:00,AU,Entertainment,Behind the scenes,155951,4235,602.0,27,0.6168960545373567,3.102,entertainment
VID-01215,2025-12-08 15:00:00,US,Comedy,Best comedy clips,329187,19972,799.0,22,0.30068995232205514,6.31,comedy
VID-01216,2025-07-01 16:00:00,GB,Entertainment,Entertainment highlights,1544016,53887,342.0,14,0.07778955206184768,3.512,entertainment
VID-01217,2025-12-07 21:00:00,IN,Entertainment,Behind the scenes,945273,39318,3737.0,1,0.746123603168413,4.555,entertainment
VID-01218,2025-12-27 08:00:00,IN,News & Politics,Breaking news update,158388,7639,153.0,1,-0.0047889575949451105,4.92,news_politics
VID-01219,2025-12-08 08:00:00,AU,Howto & Style,How to make,66023,3673,186.0,25,0.6362003453667862,5.845,howto_style
VID-01220,2025-07-27 15:00:00,US,Sports,Top plays,274409,11735,286.0,28,-0.06956671175731688,4.381,sports
VID-01221,2025-01-16 05:00:00,IN,News & Politics,Important world update,962869,93787,938.0,14,0.10795119501709129,9.838,news_politics
VID-01222,2025-02-19 11:00:00,IN,Entertainment,Entertainment highlights,344318,32872,773.0,18,0.08370178132068357,9.771,entertainment
VID-01223,2025-01-22 16:00:00,CA,News & Politics,Breaking news update,54412,5192,159.0,30,0.38793209415106805,9.834,news_politics
VID-01224,2025-04-16 23:00:00,US,Gaming,New game update,333996,15210,512.0,26,0.4064993248693949,4.707,gaming
VID-01225,2025-05-10 20:00:00,AU,Gaming,Gameplay walkthrough,196038,17448,320.0,3,0.1405396892137278,9.064,gaming
VID-01226,2025-04-21 11:00:00,IN,Gaming,New game update,741043,21142,241.0,25,0.10766533612275415,2.886,gaming
VID-01227,2025-06-26 13:00:00,US,Comedy,Try not to laugh,51698,4857,76.0,30,0.5711621769893055,9.542,comedy
VID-01228,2025-12-16 21:00:00,US,Entertainment,Celebrity interview,325904,17530,1220.0,12,0.5880992250389111,5.753,entertainment
VID-01229,2025-03-04 23:00:00,AU,Sports,Game analysis,320508,31983,1039.0,24,-0.4569358692267306,10.303,sports
VID-01230,2025-02-26 02:00:00,AU,Gaming,Gameplay walkthrough,227462,14864,394.0,4,0.4540638508879024,6.708,gaming
VID-01231,2025-02-01 21:00:00,GB,Gaming,Gameplay walkthrough,202207,5931,432.0,15,0.5584777463202288,3.147,gaming
VID-01232,2025-07-25 00:00:00,IN,Howto & Style,Beginner guide,565369,41704,509.0,17,-0.01843611160867159,7.466,howto_style
VID-01233,2025-09-21 04:00:00,US,Sports,Game analysis,312659,11614,658.0,3,0.20385612764153688,3.925,sports
VID-01234,2025-10-30 07:00:00,AU,Howto & Style,Beginner guide,397577,36061,1094.0,18,0.16306473989705594,9.345,howto_style
VID-01235,2025-04-24 11:00:00,IN,Entertainment,Amazing challenge,320707,27739,926.0,15,0.515122740810368,8.938,entertainment
VID-01236,2025-06-02 18:00:00,US,News & Politics,Important world update,211083,5535,730.0,5,0.016538902825630877,2.968,news_politics
VID-01237,2025-11-09 08:00:00,IN,Music,Live performance,254852,7330,680.0,2,0.1522851411252402,3.143,music
VID-01238,2025-01-09 22:00:00,CA,Comedy,Comedy sketch,2241089,104618,3502.0,14,0.30223202599947285,4.824,comedy
VID-01239,2025-07-25 06:00:00,CA,Science & Technology,AI explained,99531,9921,144.0,14,-0.35482987045688946,10.112,science_technology
VID-01240,2025-05-01 19:00:00,IN,Howto & Style,Easy tutorial,444240,26416,658.0,4,0.3149461883513256,6.094,howto_style
VID-01241,2025-07-03 00:00:00,IN,Howto & Style,Beginner guide,455701,31483,1077.0,3,0.2719322510063064,7.145,howto_style
VID-01242,2025-02-04 11:00:00,GB,Howto & Style,Step by step tips,99036,2768,51.0,29,-0.4897661448853059,2.846,howto_style
VID-01243,2025-04-19 13:00:00,GB,Howto & Style,Beginner guide,221285,4887,371.0,16,-0.5789527698076723,2.376,howto_style
VID-01244,2025-03-30 14:00:00,US,Science & Technology,Future technology,376504,22607,246.0,3,0.40780434806672394,6.07,science_technology
VID-01245,2025-06-01 01:00:00,GB,Sports,Game analysis,5838741,190447,15970.0,9,0.3926070494342543,3.535,sports
VID-01246,2025-02-04 21:00:00,AU,Gaming,Live gaming session,180294,16569,85.0,10,0.28737891837285545,9.237,gaming
VID-01247,2025-01-12 20:00:00,IN,Sports,Match highlights,48103,1006,63.0,12,0.018568493706597772,2.222,sports
VID-01248,2025-02-05 16:00:00,US,Entertainment,Amazing challenge,81148,4927,153.0,15,0.565307768505162,6.26,entertainment
VID-01249,2025-12-12 17:00:00,CA,Science & Technology,Future technology,193184,8979,510.0,25,-0.48388029105460834,4.912,science_technology
VID-01250,2025-01-16 17:00:00,US,Science & Technology,AI explained,175393,11883,371.0,6,0.06305423815537557,6.987,science_technology
VID-01251,2025-03-13 02:00:00,AU,Gaming,Best gaming moments,1021570,95629,3839.0,18,0.6466508218592397,9.737,gaming
VID-01252,2025-02-23 18:00:00,AU,Gaming,Best gaming moments,78598,7263,80.0,15,-0.3413728493447478,9.342,gaming
VID-01253,2025-05-30 11:00:00,US,Howto & Style,Easy tutorial,244929,16976,888.0,10,0.7118738718956954,7.294,howto_style
VID-01254,2025-03-12 04:00:00,US,Sports,Match highlights,802765,35667,3134.0,2,-0.5737695962497287,4.833,sports
VID-01255,2025-12-05 18:00:00,AU,Entertainment,Entertainment highlights,891276,80393,971.0,23,-0.343792701960575,9.129,entertainment
VID-01256,2025-06-01 14:00:00,AU,Entertainment,Amazing challenge,73305,4160,178.0,1,-0.17274307152464263,5.918,entertainment
VID-01257,2025-04-15 22:00:00,US,Howto & Style,Step by step tips,993770,59852,2430.0,18,0.9222685361290957,6.267,howto_style
VID-01258,2025-05-20 17:00:00,GB,Science & Technology,Future technology,1112590,71713,4154.0,18,0.43809088764429216,6.819,science_technology
VID-01259,2025-10-23 03:00:00,AU,Sports,Championship moments,286766,25649,911.0,18,0.1500909853912795,9.262,sports
VID-01260,2025-03-30 11:00:00,GB,Howto & Style,Step by step tips,469917,10146,1050.0,17,0.37880501960891705,2.383,howto_style
VID-01261,2025-10-31 11:00:00,US,Comedy,Comedy sketch,143606,6310,185.0,8,0.3199121820869671,4.523,comedy
VID-01262,2025-04-12 00:00:00,GB,Entertainment,Celebrity interview,33009,2504,124.0,16,0.35317304053090026,7.961,entertainment
VID-01263,2025-07-25 19:00:00,AU,Comedy,Best comedy clips,32249,1199,67.0,6,0.2071693569074256,3.926,comedy
VID-01264,2025-06-27 12:00:00,US,Comedy,Comedy sketch,79111,5668,259.0,10,0.6345365939912951,7.492,comedy
VID-01265,2025-01-02 19:00:00,CA,Howto & Style,Easy tutorial,273444,15417,626.0,2,0.5982828030400409,5.867,howto_style
VID-01266,2025-07-01 16:00:00,IN,Gaming,Live gaming session,290952,26188,118.0,15,0.05114381989163633,9.041,gaming
VID-01267,2025-07-21 12:00:00,IN,Entertainment,Behind the scenes,421301,12268,1664.0,15,0.19519054824594725,3.307,entertainment
VID-01268,2025-01-09 12:00:00,AU,Gaming,Live gaming session,602740,59828,1214.0,27,0.14808884832728866,10.127,gaming
VID-01269,2025-08-20 01:00:00,US,Music,Official music video,201043,9214,707.0,25,0.5597813078477303,4.935,music
VID-01270,2025-08-31 04:00:00,AU,Gaming,New game update,40429,1509,71.0,21,-0.07175129353468546,3.908,gaming
VID-01271,2025-09-05 05:00:00,US,Comedy,Funny moments,367962,9263,786.0,28,0.18719236802381362,2.731,comedy
VID-01272,2025-04-17 02:00:00,IN,Music,New song release,635676,14671,2214.0,24,-0.2871090284662085,2.656,music
VID-01273,2025-07-29 18:00:00,US,News & Politics,Important world update,85269,6367,64.0,15,-0.026116667472494817,7.542,news_politics
VID-01274,2025-04-23 22:00:00,GB,Music,Live performance,729271,64122,1761.0,25,0.03381123272914899,9.034,music
VID-01275,2025-03-18 07:00:00,CA,Science & Technology,Tech review,709144,47407,2388.0,12,-0.3321944396456316,7.022,science_technology
VID-01276,2025-09-04 01:00:00,US,Science & Technology,New technology explained,76541,2909,108.0,17,0.28576496805288376,3.942,science_technology
VID-01277,2025-06-10 18:00:00,CA,Sports,Championship moments,62694,4783,121.0,14,0.36475113953777993,7.822,sports
VID-01278,2025-03-08 00:00:00,US,News & Politics,News analysis,157190,13905,270.0,25,-0.4917788831799558,9.018,news_politics
VID-01279,2025-02-03 17:00:00,AU,Howto & Style,Step by step tips,522137,49110,1109.0,21,0.1943058962642281,9.618,howto_style
VID-01280,2025-10-28 15:00:00,GB,Science & Technology,Future technology,721613,67904,1616.0,12,0.6334697061788788,9.634,science_technology
VID-01281,2025-12-23 22:00:00,GB,Entertainment,Behind the scenes,128308,6199,342.0,7,0.7140872161452179,5.098,entertainment
VID-01282,2025-01-02 16:00:00,AU,Sports,Championship moments,839559,70312,2080.0,30,0.6187981577376745,8.623,sports
VID-01283,2025-03-08 00:00:00,AU,Entertainment,Celebrity interview,974230,69795,713.0,23,0.17274556786104947,7.237,entertainment
VID-01284,2025-09-03 12:00:00,US,Sports,Top plays,774874,27375,410.0,20,0.1482628356062659,3.586,sports
VID-01285,2025-07-22 14:00:00,US,Sports,Top plays,364943,34556,1303.0,11,-0.3799016701578699,9.826,sports
VID-01286,2025-11-21 02:00:00,CA,Science & Technology,Future technology,60588,3705,167.0,2,0.4048540782832527,6.391,science_technology
VID-01287,2025-02-12 02:00:00,GB,Science & Technology,Future technology,1150755,74067,3532.0,10,0.25257187361424327,6.743,science_technology
VID-01288,2025-07-09 10:00:00,CA,Music,New song release,403105,27425,249.0,16,-0.6798624324934552,6.865,music
VID-01289,2025-10-29 21:00:00,AU,Sports,Championship moments,1143537,108670,837.0,29,0.29460201402641095,9.576,sports
VID-01290,2025-10-23 23:00:00,CA,Music,Best songs compilation,201800,8381,744.0,27,0.009870820527017654,4.522,music
VID-01291,2025-11-29 13:00:00,IN,Science & Technology,New technology explained,198644,5304,381.0,24,0.0375257896577646,2.862,science_technology
VID-01292,2025-12-03 22:00:00,AU,Science & Technology,Tech review,918931,47146,3307.0,26,0.20890940053337453,5.49,science_technology
VID-01293,2025-12-10 02:00:00,US,Gaming,New game update,451831,33805,404.0,2,-0.1014193476474175,7.571,gaming
VID-01294,2025-02-13 16:00:00,GB,Comedy,Try not to laugh,154657,8615,366.0,25,0.45057329840353466,5.807,comedy
VID-01295,2025-09-01 02:00:00,GB,Music,Best songs compilation,397837,8455,95.0,6,0.2213267219284708,2.149,music
VID-01296,2025-09-01 11:00:00,GB,Gaming,New game update,101239,4965,176.0,2,0.30193252661873965,5.078,gaming
VID-01297,2025-08-01 01:00:00,GB,Entertainment,Entertainment highlights,40403,1823,109.0,23,0.36354316620613675,4.782,entertainment
VID-01298,2025-09-14 09:00:00,US,Sports,Championship moments,65002,3135,102.0,29,0.43337199985184693,4.98,sports
VID-01299,2025-09-18 02:00:00,US,Comedy,Try not to laugh,55135,3495,171.0,25,0.4788146038703393,6.649,comedy
VID-01300,2025-05-18 07:00:00,IN,Music,Best songs compilation,1562290,139643,4510.0,17,-0.2777081491953189,9.227,music
VID-01301,2025-08-28 02:00:00,CA,Comedy,Try not to laugh,2698693,82626,1586.0,25,0.40140536970674073,3.12,comedy
VID-01302,2025-05-10 03:00:00,US,Science & Technology,Future technology,679246,67624,1579.0,9,-0.0024530626948943424,10.188,science_technology
VID-01303,2025-12-05 02:00:00,US,Science & Technology,Future technology,66515,4201,203.0,4,0.489214549351371,6.621,science_technology
VID-01304,2025-10-13 00:00:00,CA,Science & Technology,Tech review,1328370,112469,5055.0,28,0.25391163151374563,8.847,science_technology
VID-01305,2025-06-30 00:00:00,GB,Science & Technology,Tech review,164807,15330,587.0,12,-0.05559961603888339,9.658,science_technology
VID-01306,2025-05-26 09:00:00,US,Howto & Style,Step by step tips,214815,17355,526.0,4,0.23879248129213962,8.324,howto_style
VID-01307,2025-06-17 09:00:00,IN,News & Politics,Breaking news update,214602,17348,461.0,5,-0.00046926348820257313,8.299,news_politics
VID-01308,2025-04-17 18:00:00,AU,Science & Technology,AI explained,90191,6909,,26,0.5594448241165032,7.795,science_technology
VID-01309,2025-02-17 12:00:00,CA,Entertainment,Amazing challenge,252453,20219,876.0,2,0.06790603197230155,8.356,entertainment
VID-01310,2025-07-23 23:00:00,IN,Howto & Style,Step by step tips,163970,6364,356.0,7,-0.02902680254893042,4.098,howto_style
VID-01311,2025-05-18 07:00:00,IN,Music,Best songs compilation,190966,7821,151.0,17,0.23240773340531223,4.175,music
VID-01312,2025-09-04 19:00:00,AU,Howto & Style,How to make,49244,760,179.0,15,-0.03589239237474323,1.907,howto_style
VID-01313,2025-09-04 08:00:00,IN,Comedy,Comedy sketch,570163,41674,930.0,21,0.43996499354828417,7.472,comedy
VID-01314,2025-02-20 15:00:00,IN,Science & Technology,Tech review,308703,19061,811.0,1,0.23656640293550554,6.437,science_technology
VID-01315,2025-08-24 18:00:00,CA,Science & Technology,AI explained,62710,3294,26.0,24,0.24792221927588678,5.294,science_technology
VID-01316,2025-07-27 15:00:00,IN,Music,New song release,5016689,312067,14501.0,30,0.6188837792094182,6.51,music
VID-01317,2025-08-07 05:00:00,CA,Howto & Style,Step by step tips,625603,13205,216.0,21,0.056593073565112006,2.145,howto_style
VID-01318,2025-02-06 13:00:00,IN,Entertainment,Behind the scenes,65477,5825,242.0,5,0.08023708243121702,9.266,entertainment
VID-01319,2025-07-27 12:00:00,AU,Gaming,Best gaming moments,199938,6200,330.0,13,0.2478653556799193,3.266,gaming
VID-01320,2025-05-25 21:00:00,GB,Howto & Style,Step by step tips,132618,2744,481.0,3,0.43813522543728034,2.432,howto_style
VID-01321,2025-01-05 08:00:00,US,Entertainment,Celebrity interview,337207,23349,1233.0,9,0.39676988832100374,7.29,entertainment
VID-01322,2025-03-10 15:00:00,IN,Sports,Top plays,63197,5850,40.0,7,0.0051897956895472774,9.32,sports
VID-01323,2025-09-17 18:00:00,IN,Howto & Style,How to make,104651,5153,391.0,2,0.5230902779836415,5.298,howto_style
VID-01324,2025-03-23 02:00:00,GB,News & Politics,Daily news briefing,131467,11948,319.0,30,-0.604326213699015,9.331,news_politics
VID-01325,2025-10-20 02:00:00,AU,Gaming,New game update,57642,4567,135.0,20,0.0379099031154658,8.157,gaming
VID-01326,2025-10-14 00:00:00,GB,News & Politics,Breaking news update,107388,2889,115.0,28,-0.3081579705543618,2.797,news_politics
VID-01327,2025-11-18 17:00:00,CA,Music,Live performance,491581,16972,1257.0,24,0.4405466141352889,3.708,music
VID-01328,2025-12-03 08:00:00,AU,Entertainment,Celebrity interview,152746,12811,447.0,5,0.4221915242657476,8.68,entertainment
VID-01329,2025-10-10 14:00:00,US,News & Politics,Important world update,156044,7611,176.0,26,0.26548313667823165,4.99,news_politics
VID-01330,2025-03-11 23:00:00,GB,Gaming,Best gaming moments,111520,6097,190.0,14,0.07795871341734026,5.638,gaming
VID-01331,2025-09-01 03:00:00,GB,Sports,Championship moments,547838,26384,1383.0,18,-0.2664164746227421,5.068,sports
VID-01332,2025-11-05 15:00:00,US,Howto & Style,How to make,254361,16893,550.0,19,0.571374956529572,6.858,howto_style
VID-01333,2025-08-18 22:00:00,GB,Music,New song release,689936,18990,1156.0,17,0.009232339355753683,2.92,music
VID-01334,2025-07-27 08:00:00,AU,Howto & Style,Step by step tips,308330,21960,767.0,8,0.3564246649939907,7.371,howto_style
VID-01335,2025-08-22 01:00:00,CA,Entertainment,Amazing challenge,386834,15713,1322.0,18,0.762405407649914,4.404,entertainment
VID-01336,2025-11-26 20:00:00,AU,News & Politics,Daily news briefing,417700,13498,150.0,4,0.17086576345549503,3.267,news_politics
VID-01337,2025-03-16 01:00:00,AU,Sports,Top plays,411275,28523,733.0,8,0.37206979330539647,7.113,sports
VID-01338,2025-01-18 07:00:00,GB,Entertainment,Behind the scenes,191206,9240,399.0,24,0.6321523462426337,5.041,entertainment
VID-01339,2025-12-11 13:00:00,CA,Music,Live performance,654450,12095,1891.0,15,-0.052429961937692615,2.137,music
VID-01340,2025-04-14 06:00:00,GB,Science & Technology,AI explained,304920,17342,811.0,8,-0.21354468766310308,5.953,science_technology
VID-01341,2025-11-01 11:00:00,IN,Entertainment,Amazing challenge,1535661,31158,3335.0,13,1.0,2.246,entertainment
VID-01342,2025-07-04 13:00:00,AU,Entertainment,Celebrity interview,215479,4749,348.0,14,0.5238143137017903,2.365,entertainment
VID-01343,2025-04-18 04:00:00,CA,Comedy,Best comedy clips,1566087,152362,5751.0,14,0.3285206440081863,10.096,comedy
VID-01344,2025-09-26 09:00:00,GB,Entertainment,Amazing challenge,163252,7367,69.0,28,0.6264015160627117,4.555,entertainment
VID-01345,2025-04-29 22:00:00,US,Science & Technology,AI explained,88697,3393,77.0,4,-0.0576443855915697,3.912,science_technology
VID-01346,2025-02-05 17:00:00,US,Entertainment,Celebrity interview,153665,14944,564.0,4,0.45478799984909474,10.092,entertainment
VID-01347,2025-11-05 14:00:00,CA,Science & Technology,Future technology,301338,20023,765.0,29,0.4716391264216323,6.899,science_technology
VID-01348,2025-04-25 17:00:00,CA,Comedy,Best comedy clips,138348,2387,426.0,11,0.2700249822191584,2.033,comedy
VID-01349,2025-08-23 03:00:00,CA,News & Politics,Daily news briefing,173796,12880,441.0,1,0.24621366841322923,7.665,news_politics
VID-01350,2025-03-18 06:00:00,US,Gaming,Best gaming moments,1445315,125330,1994.0,8,0.4349236623055504,8.809,gaming
VID-01351,2025-12-29 21:00:00,US,News & Politics,Breaking news update,182700,8785,247.0,27,-0.13326008253213495,4.944,news_politics
VID-01352,2025-07-10 19:00:00,GB,Gaming,Live gaming session,134456,10284,127.0,6,0.6376230861681911,7.743,gaming
VID-01353,2025-01-13 02:00:00,US,Comedy,Best comedy clips,465579,17647,771.0,21,0.5720580975248778,3.956,comedy
VID-01354,2025-07-17 06:00:00,IN,News & Politics,Daily news briefing,591531,10160,2160.0,28,-0.5117593190058196,2.083,news_politics
VID-01355,2025-10-11 06:00:00,CA,Entertainment,Entertainment highlights,1034075,51407,1344.0,20,0.10367563164353033,5.101,entertainment
VID-01356,2025-09-15 13:00:00,US,Howto & Style,Step by step tips,402498,37666,736.0,2,0.29684618316025835,9.541,howto_style
VID-01357,2025-05-30 06:00:00,IN,Science & Technology,Tech review,80258,7888,113.0,23,-0.530227723477035,9.969,science_technology
VID-01358,2025-05-31 19:00:00,US,Science & Technology,AI explained,4090021,236128,8352.0,9,0.3167958082834064,5.977,science_technology
VID-01359,2025-03-05 12:00:00,IN,Howto & Style,Easy tutorial,104400,2790,116.0,28,0.4394315721593288,2.784,howto_style
VID-01360,2025-08-15 17:00:00,GB,Entertainment,Entertainment highlights,79178,7740,139.0,4,0.4906322150906179,9.951,entertainment
VID-01361,2025-03-15 17:00:00,IN,Howto & Style,Beginner guide,321867,28674,117.0,14,-0.034197064382225806,8.945,howto_style
VID-01362,2025-10-02 14:00:00,IN,Howto & Style,How to make,40467,3255,99.0,13,0.9207005396694272,8.288,howto_style
VID-01363,2025-11-20 16:00:00,IN,Sports,Top plays,455024,10498,1594.0,8,0.08293584381411777,2.657,sports
VID-01364,2025-02-02 02:00:00,AU,Entertainment,Amazing challenge,971544,79017,1016.0,28,0.6909324325259945,8.238,entertainment
VID-01365,2025-05-13 13:00:00,AU,Sports,Championship moments,131006,3014,74.0,16,-0.3482165952794277,2.357,sports
VID-01366,2025-10-18 04:00:00,AU,News & Politics,News analysis,441900,35496,1142.0,13,-0.07120218363590225,8.291,news_politics
VID-01367,2025-07-07 07:00:00,IN,Music,New song release,267671,7771,67.0,15,0.5945220124398308,2.928,music
VID-01368,2025-02-18 02:00:00,US,Music,New song release,371177,32866,484.0,9,0.3756698862036226,8.985,music
VID-01369,2025-08-01 15:00:00,US,Howto & Style,Step by step tips,294463,23534,526.0,3,0.7017007253166891,8.171,howto_style
VID-01370,2025-12-23 05:00:00,AU,Howto & Style,Beginner guide,45304,1979,90.0,26,0.4657954926254695,4.567,howto_style
VID-01371,2025-09-03 04:00:00,CA,Sports,Top plays,49531,3766,85.0,12,0.8091653234086033,7.775,sports
VID-01372,2025-03-26 22:00:00,CA,News & Politics,Important world update,781859,33246,1236.0,6,-0.183842291210277,4.41,news_politics
VID-01373,2025-05-17 18:00:00,GB,Gaming,Best gaming moments,424231,32787,1640.0,14,-0.6986357734817974,8.115,gaming
VID-01374,2025-10-28 17:00:00,US,Science & Technology,Tech review,528050,35106,1855.0,3,0.24994147276775025,7.0,science_technology
VID-01375,2025-09-20 14:00:00,CA,Entertainment,Entertainment highlights,482491,31246,586.0,28,0.36937977799396415,6.597,entertainment
VID-01376,2025-09-13 03:00:00,US,Science & Technology,Future technology,1111206,40478,1540.0,28,-0.06700390924119809,3.781,science_technology
VID-01377,2025-01-22 03:00:00,IN,Gaming,Live gaming session,26768,2103,78.0,13,-0.3411734986747283,8.148,gaming
VID-01378,2025-12-02 05:00:00,IN,Gaming,Best gaming moments,622345,29897,641.0,20,0.23915425154042397,4.907,gaming
VID-01379,2025-12-11 08:00:00,US,Gaming,Best gaming moments,148155,7867,391.0,13,0.14241954643630042,5.574,gaming
VID-01380,2025-03-26 23:00:00,US,Sports,Championship moments,297557,18940,629.0,18,0.3883029269527647,6.577,sports
VID-01381,2025-01-09 02:00:00,IN,Sports,Game analysis,450249,13359,259.0,2,0.4319164179012466,3.025,sports
VID-01382,2025-10-05 00:00:00,US,Music,Official music video,357080,25317,773.0,10,1.0,7.306,music
VID-01383,2025-04-14 00:00:00,GB,Entertainment,Behind the scenes,755173,17211,1815.0,22,0.04017481325375172,2.519,entertainment
VID-01384,2025-05-28 03:00:00,US,Sports,Top plays,364194,7224,850.0,4,0.08246670776585896,2.217,sports
VID-01385,2025-10-01 22:00:00,IN,Music,Live performance,179425,9581,704.0,6,-0.1933457855494164,5.732,music
VID-01386,2025-06-03 12:00:00,GB,Music,New song release,232520,22614,248.0,11,-0.21734445618684045,9.832,music
VID-01387,2025-05-09 22:00:00,US,Entertainment,Entertainment highlights,224823,13474,541.0,25,0.6656766514947948,6.234,entertainment
VID-01388,2025-02-15 13:00:00,AU,News & Politics,News analysis,1191862,86661,3277.0,7,0.08333547196357426,7.546,news_politics
VID-01389,2025-06-04 16:00:00,AU,Science & Technology,AI explained,299363,9476,1033.0,23,0.8421464148607292,3.51,science_technology
VID-01390,2025-08-10 14:00:00,US,Comedy,Best comedy clips,217523,20616,761.0,9,0.658706312364502,9.827,comedy
VID-01391,2025-03-08 17:00:00,GB,Comedy,Try not to laugh,49525,899,178.0,9,0.22802049681024045,2.175,comedy
VID-01392,2025-01-22 09:00:00,AU,Music,Official music video,693320,48975,1896.0,17,0.41766375488057295,7.337,music
VID-01393,2025-10-02 18:00:00,US,Comedy,Best comedy clips,1197922,106777,1055.0,11,0.14417410319378254,9.002,comedy
VID-01394,2025-08-19 12:00:00,IN,Gaming,Gameplay walkthrough,310577,16847,745.0,14,-0.30613456519887977,5.664,gaming
VID-01395,2025-11-24 05:00:00,CA,Howto & Style,Step by step tips,63465,1543,78.0,1,0.6651045453002482,2.554,howto_style
VID-01396,2025-10-31 15:00:00,GB,Music,Official music video,408756,25451,1595.0,5,0.3324462643693878,6.617,music
VID-01397,2025-04-28 07:00:00,GB,Gaming,Gameplay walkthrough,299816,18852,600.0,30,0.6276177221213235,6.488,gaming
VID-01398,2025-05-05 18:00:00,GB,Science & Technology,AI explained,125640,11627,301.0,5,-0.22452433411736245,9.494,science_technology
VID-01399,2025-12-25 22:00:00,US,Comedy,Funny moments,540672,34724,357.0,23,0.8548437233098876,6.488,comedy
VID-01400,2025-01-13 13:00:00,GB,Science & Technology,AI explained,209350,20838,322.0,25,-0.10080283858457062,10.107,science_technology
VID-01401,2025-08-04 23:00:00,AU,Comedy,Funny moments,252635,14800,679.0,28,0.21265445079237036,6.127,comedy
VID-01402,2025-10-22 13:00:00,US,News & Politics,News analysis,470858,45209,1356.0,24,0.02184078715458211,9.889,news_politics
VID-01403,2025-03-26 02:00:00,AU,Music,Official music video,553724,52527,394.0,6,0.5328564649192065,9.557,music
VID-01404,2025-12-04 02:00:00,US,Sports,Top plays,624957,36522,237.0,3,-0.18707776258702238,5.882,sports
VID-01405,2025-09-25 22:00:00,GB,Music,New song release,288449,16288,910.0,24,-0.017459533446138098,5.962,music
VID-01406,2025-11-09 15:00:00,AU,Entertainment,Behind the scenes,504249,44255,806.0,18,-0.0691864864988222,8.936,entertainment
VID-01407,2025-01-06 22:00:00,GB,Howto & Style,How to make,408313,21555,433.0,11,0.8601036751274858,5.385,howto_style
VID-01408,2025-02-17 04:00:00,US,Gaming,Live gaming session,364110,15929,272.0,23,0.048490260987671285,4.449,gaming
VID-01409,2025-11-27 11:00:00,IN,Sports,Match highlights,98503,5062,350.0,3,0.9255124338908753,5.494,sports
VID-01410,2025-01-25 05:00:00,AU,Entertainment,Celebrity interview,947355,70471,1076.0,16,0.5162578329043757,7.552,entertainment
VID-01411,2025-09-26 19:00:00,AU,Entertainment,Entertainment highlights,1779880,55835,4001.0,5,0.7906032511993948,3.362,entertainment
VID-01412,2025-02-06 02:00:00,US,Music,New song release,175317,6470,498.0,23,0.12964407104147405,3.975,music
VID-01413,2025-08-23 20:00:00,US,News & Politics,News analysis,202354,6783,601.0,18,-0.23988168192949855,3.649,news_politics
VID-01414,2025-05-24 21:00:00,CA,News & Politics,Breaking news update,649712,57173,1722.0,1,-0.15179721199250926,9.065,news_politics
VID-01415,2025-04-23 03:00:00,GB,News & Politics,Important world update,865064,55265,2504.0,5,-0.4983849571080071,6.678,news_politics
VID-01416,2025-08-20 02:00:00,US,Science & Technology,New technology explained,68123,1788,111.0,25,0.28840949620592915,2.788,science_technology
VID-01417,2025-01-13 21:00:00,IN,Music,Best songs compilation,369904,23993,1178.0,7,0.6824080204279601,6.805,music
VID-01418,2025-11-17 10:00:00,CA,Gaming,Gameplay walkthrough,201396,14306,570.0,10,-0.039794181197998685,7.386,gaming
VID-01419,2025-03-15 14:00:00,AU,Entertainment,Behind the scenes,735320,12940,2136.0,29,-0.051841080378221105,2.05,entertainment
VID-01420,2025-04-19 07:00:00,AU,Howto & Style,Easy tutorial,172795,8174,681.0,24,0.8278927240563251,5.125,howto_style
VID-01421,2025-03-10 02:00:00,AU,Music,Official music video,308212,27573,620.0,24,-0.2783807290819546,9.147,music
VID-01422,2025-10-17 23:00:00,GB,Science & Technology,Future technology,1670897,50749,2773.0,2,0.23733713654644825,3.203,science_technology
VID-01423,2025-07-09 17:00:00,IN,Sports,Championship moments,646248,20505,543.0,17,0.2636344651177628,3.257,sports
VID-01424,2025-05-29 18:00:00,CA,Gaming,Live gaming session,951630,19766,1528.0,12,0.47935617225136085,2.238,gaming
VID-01425,2025-12-06 16:00:00,US,Science & Technology,Tech review,83216,7396,198.0,2,0.13173783423607985,9.126,science_technology
VID-01426,2025-03-31 12:00:00,AU,Sports,Game analysis,163875,7857,488.0,30,0.6723644792060994,5.092,sports
VID-01427,2025-11-18 15:00:00,IN,Science & Technology,Tech review,808468,63319,1687.0,13,-0.14516928930753087,8.041,science_technology
VID-01428,2025-02-04 02:00:00,AU,Gaming,New game update,425172,13617,1416.0,30,-0.20474614006869168,3.536,gaming
VID-01429,2025-01-06 08:00:00,AU,Entertainment,Amazing challenge,1833514,133745,6973.0,27,1.0,7.675,entertainment
VID-01430,2025-04-23 19:00:00,IN,Music,Official music video,543114,50897,1856.0,22,0.536693022116914,9.713,music
VID-01431,2025-01-13 23:00:00,US,Comedy,Comedy sketch,149798,3102,112.0,4,0.7085443047666462,2.146,comedy
VID-01432,2025-07-13 09:00:00,GB,Comedy,Comedy sketch,443246,9663,799.0,30,0.15789636520958206,2.36,comedy
VID-01433,2025-02-10 17:00:00,AU,Gaming,Best gaming moments,201642,9800,598.0,17,0.08437630740870679,5.157,gaming
VID-01434,2025-03-02 21:00:00,CA,News & Politics,Important world update,1880562,172820,1576.0,2,0.031847855494346086,9.274,news_politics
VID-01435,2025-04-21 07:00:00,AU,Entertainment,Behind the scenes,199575,17384,49.0,21,-0.33158506042484925,8.735,entertainment
VID-01436,2025-07-02 02:00:00,GB,Sports,Top plays,10149458,368180,25471.0,19,-0.029507422628212765,3.879,sports
VID-01437,2025-08-23 08:00:00,CA,Howto & Style,How to make,31703,2713,58.0,15,0.40574156251780286,8.74,howto_style
VID-01438,2025-12-19 14:00:00,CA,Music,Official music video,259420,23939,80.0,28,0.34025828554468196,9.259,music
VID-01439,2025-10-21 17:00:00,IN,Comedy,Funny moments,323389,28490,145.0,20,0.5846523481710412,8.855,comedy
VID-01440,2025-11-08 00:00:00,US,Comedy,Best comedy clips,325268,5848,875.0,9,0.46885937040714687,2.067,comedy
VID-01441,2025-11-30 23:00:00,AU,Music,Best songs compilation,154660,13081,463.0,23,0.20783910690950386,8.757,music
VID-01442,2025-09-04 07:00:00,CA,Howto & Style,Easy tutorial,49884,1328,104.0,23,-0.5667155338789466,2.871,howto_style
VID-01443,2025-07-07 03:00:00,CA,Sports,Game analysis,94741,3070,150.0,15,0.3427660078473488,3.399,sports
VID-01444,2025-01-24 02:00:00,AU,Comedy,Comedy sketch,29659,1699,49.0,2,0.268979977002592,5.894,comedy
VID-01445,2025-04-01 22:00:00,US,Howto & Style,Easy tutorial,22064,1896,74.0,12,0.7261265624919279,8.929,howto_style
VID-01446,2025-03-12 01:00:00,CA,Sports,Top plays,267603,10224,746.0,8,-0.22433479734137082,4.099,sports
VID-01447,2025-11-27 20:00:00,CA,Gaming,New game update,54982,4551,181.0,13,0.4811205200520738,8.606,gaming
VID-01448,2025-09-06 13:00:00,CA,Music,New song release,456695,11960,1100.0,27,-0.5251128981943953,2.86,music
VID-01449,2025-08-19 12:00:00,CA,Gaming,Best gaming moments,241860,12183,655.0,8,-0.15041540148286714,5.308,gaming
VID-01450,2025-03-03 02:00:00,CA,Science & Technology,AI explained,718402,55892,1221.0,22,0.3540296065612645,7.95,science_technology
VID-01451,2025-03-13 19:00:00,CA,Howto & Style,Step by step tips,930610,21248,1755.0,17,0.24787916346288652,2.472,howto_style
VID-01452,2025-04-01 23:00:00,US,Science & Technology,Tech review,340777,26659,624.0,14,0.4228685938880784,8.006,science_technology
VID-01453,2025-02-22 17:00:00,CA,Howto & Style,Beginner guide,255503,7784,109.0,23,0.47294741542899604,3.089,howto_style
VID-01454,2025-02-09 08:00:00,IN,Science & Technology,New technology explained,972759,30045,491.0,19,0.3733911931862983,3.139,science_technology
VID-01455,2025-10-04 14:00:00,GB,Entertainment,Celebrity interview,308989,5329,529.0,27,0.9789885298438864,1.896,entertainment
VID-01456,2025-05-10 20:00:00,CA,Entertainment,Entertainment highlights,76195,5334,135.0,29,0.7089923345748026,7.178,entertainment
VID-01457,2025-01-23 13:00:00,CA,News & Politics,Important world update,219435,20824,590.0,11,-0.07319369047185842,9.759,news_politics
VID-01458,2025-02-13 21:00:00,CA,Gaming,Gameplay walkthrough,295629,28869,816.0,3,0.3300169719023942,10.041,gaming
VID-01459,2025-09-16 23:00:00,IN,Entertainment,Behind the scenes,908649,84016,1966.0,18,0.5301631089140418,9.463,entertainment
VID-01460,2025-05-14 03:00:00,GB,Sports,Match highlights,785362,55319,408.0,3,0.8879820846618545,7.096,sports
VID-01461,2025-07-06 20:00:00,IN,Science & Technology,AI explained,212385,15199,845.0,4,0.4791742634550424,7.554,science_technology
VID-01462,2025-07-24 02:00:00,AU,News & Politics,Daily news briefing,341435,18538,299.0,10,-0.16363859997352753,5.517,news_politics
VID-01463,2025-11-26 16:00:00,IN,Sports,Championship moments,71099,5103,216.0,18,-0.1957653473436289,7.481,sports
VID-01464,2025-12-09 06:00:00,IN,Gaming,Live gaming session,255718,18280,822.0,29,0.1172092914889462,7.47,gaming
VID-01465,2025-12-17 13:00:00,IN,Comedy,Funny moments,1374539,60218,,23,0.501885342776295,4.708,comedy
VID-01466,2025-07-12 05:00:00,US,News & Politics,News analysis,247980,9489,954.0,14,0.14410468947299632,4.211,news_politics
VID-01467,2025-01-11 16:00:00,CA,Music,New song release,514548,46962,1024.0,26,0.18565853452118236,9.326,music
VID-01468,2025-12-21 16:00:00,AU,Science & Technology,AI explained,185339,8996,349.0,5,0.6388599615287003,5.042,science_technology
VID-01469,2025-08-27 12:00:00,CA,News & Politics,News analysis,841164,74370,374.0,22,0.2236159067850187,8.886,news_politics
VID-01470,2025-07-31 17:00:00,AU,Sports,Top plays,38770,817,54.0,3,0.09329674730934062,2.247,sports
VID-01471,2025-08-12 05:00:00,US,Entertainment,Entertainment highlights,164544,5813,499.0,7,0.021181872462492646,3.836,entertainment
VID-01472,2025-10-07 01:00:00,AU,News & Politics,Daily news briefing,122789,5305,370.0,4,-0.5345858562426419,4.622,news_politics
VID-01473,2025-03-26 03:00:00,CA,Gaming,Gameplay walkthrough,513840,35118,1211.0,12,0.19759762344435286,7.07,gaming
VID-01474,2025-12-04 22:00:00,CA,Music,New song release,830680,30656,2631.0,11,0.11172449392103409,4.007,music
VID-01475,2025-04-16 04:00:00,CA,Entertainment,Amazing challenge,53697,3237,87.0,26,-0.11669886149877795,6.19,entertainment
VID-01476,2025-05-18 16:00:00,CA,Gaming,New game update,116397,9929,70.0,9,0.17923140492497847,8.59,gaming
VID-01477,2025-12-30 23:00:00,CA,News & Politics,Important world update,963375,93452,366.0,12,0.2667929596584271,9.738,news_politics
VID-01478,2025-09-14 22:00:00,CA,Gaming,Best gaming moments,266055,18639,138.0,27,-0.32873066357314457,7.058,gaming
VID-01479,2025-09-06 11:00:00,CA,Music,Live performance,118058,2801,410.0,12,0.7878760580844746,2.72,music
VID-01480,2025-10-10 03:00:00,IN,News & Politics,Daily news briefing,424198,13519,347.0,8,0.263359262729076,3.269,news_politics
VID-01481,2025-08-08 11:00:00,US,Comedy,Funny moments,242423,6107,828.0,21,0.6566818705258523,2.861,comedy
VID-01482,2025-07-11 19:00:00,AU,Comedy,Try not to laugh,348911,22576,905.0,1,0.05610570574509488,6.73,comedy
VID-01483,2025-04-20 21:00:00,IN,Sports,Championship moments,72611,4951,184.0,25,-0.5717749948742232,7.072,sports
VID-01484,2025-08-15 18:00:00,GB,Sports,Match highlights,1179467,68200,3535.0,11,-0.06153811880144916,6.082,sports
VID-01485,2025-06-14 13:00:00,AU,Comedy,Funny moments,193835,9467,644.0,16,-0.22784167085846946,5.216,comedy
VID-01486,2025-05-12 05:00:00,CA,Comedy,Best comedy clips,401551,19573,1100.0,19,0.035638152032666126,5.148,comedy
VID-01487,2025-10-03 10:00:00,IN,Gaming,Live gaming session,62074,1392,96.0,26,0.6154414740483449,2.397,gaming
VID-01488,2025-05-08 22:00:00,GB,Music,Live performance,538534,42419,1061.0,30,0.5411217731303731,8.074,music
VID-01489,2025-02-28 02:00:00,GB,Gaming,Gameplay walkthrough,1019580,26609,521.0,11,0.37156685109628235,2.661,gaming
VID-01490,2025-04-04 23:00:00,US,Entertainment,Behind the scenes,282177,20076,,30,0.5323439310524637,7.406,entertainment
VID-01491,2025-12-19 07:00:00,IN,Howto & Style,Beginner guide,265984,18115,997.0,24,-0.31912611036017235,7.185,howto_style
VID-01492,2025-03-05 09:00:00,US,Music,Best songs compilation,197995,8673,614.0,5,-0.032374307004202185,4.691,music
VID-01493,2025-02-13 22:00:00,GB,Entertainment,Amazing challenge,255728,6302,448.0,1,0.30141291615126453,2.64,entertainment
VID-01494,2025-01-05 06:00:00,CA,Entertainment,Behind the scenes,418538,32399,1356.0,29,0.6177594227822417,8.065,entertainment
VID-01495,2025-01-26 15:00:00,IN,Howto & Style,Beginner guide,461251,23118,1688.0,19,-0.058216247488365624,5.378,howto_style
VID-01496,2025-11-26 19:00:00,CA,Science & Technology,Future technology,262835,23694,654.0,20,0.14951233471681774,9.264,science_technology
VID-01497,2025-09-02 21:00:00,IN,News & Politics,Breaking news update,104323,6591,251.0,6,-0.275093181190517,6.558,news_politics
VID-01498,2025-11-29 03:00:00,CA,Sports,Championship moments,2042352,59931,6528.0,9,0.19279074984534494,3.254,sports
VID-01499,2025-06-18 15:00:00,IN,Sports,Game analysis,629481,57151,2112.0,2,0.7212549916608617,9.415,sports
VID-01500,2025-05-06 22:00:00,AU,Entertainment,Behind the scenes,203222,6920,71.0,19,0.8353744820589107,3.44,entertainment
VID-00001,2025-09-07 21:00:00,CA,Comedy,Best comedy clips,110129,4461,387.0,18,0.47105026090910346,4.402,comedy
VID-00002,2025-02-17 19:00:00,AU,Sports,Top plays,437942,16933,511.0,4,-0.17566381564787162,3.983,sports
VID-00003,2025-08-01 13:00:00,GB,Sports,Championship moments,169801,11526,672.0,16,-0.49460726322710624,7.184,sports
VID-00004,2025-11-09 14:00:00,US,Science & Technology,New technology explained,313875,18445,618.0,4,-0.008542513546322794,6.073,science_technology
VID-00005,2025-06-11 12:00:00,CA,Science & Technology,AI explained,166416,5217,470.0,8,0.5513145181851276,3.417,science_technology
VID-00006,2025-06-28 00:00:00,IN,Howto & Style,Step by step tips,149701,5650,530.0,19,0.2723236209892717,4.128,howto_style
VID-00007,2025-09-16 15:00:00,AU,Comedy,Try not to laugh,57116,3483,121.0,2,0.22548536206247255,6.31,comedy
VID-00008,2025-08-23 14:00:00,IN,Howto & Style,How to make,289096,12274,222.0,4,0.4890185935183221,4.322,howto_style
